expert_id,rank,name_zh,name_en,country_region,years,role,category,category_zh,category_en,total_score,concepts_zh,concepts_en,research_focus_zh,research_focus_en,representative_materials_zh,representative_materials_en,bilingual_research_summary_zh,bilingual_research_summary_en,material_count,source_count,high_evidence_count,book_count,paper_article_count,evidence_profile_zh,evidence_profile_en,authority_tier_zh,authority_tier_en,winning_concepts_zh,winning_concepts_en,winning_concept_count,winner_role_count,strong_candidate_count,important_complement_count,best_use_case_zh,best_use_case_en,integrated_note_zh,integrated_note_en
charles-h-dow,1,查爾斯・道,Charles H. Dow,United States,1851-1902,金融記者、道氏理論奠基者,foundation,理論奠基者,Foundational theorist,23,道氏理論（奠基者）；趨勢跟隨（早期趨勢概念）,Dow Theory (founder); Trend Following (early trend concept),技術分析基本理論與市場趨勢框架；趨勢辨識、均線、通道與趨勢跟隨,"core technical-analysis theory and trend frameworks; trend identification, moving averages, channels, and trend following",《華爾街日報》市場平均指數評論（1899）；參考來源：https://www.investopedia.com/articles/financial-theory/10/pioneers-technical-analysis.asp；參考來源：https://www.investopedia.com/terms/d/dowtheory.asp,Wall Street Journal editorials on market averages (1899); Reference source: https://www.investopedia.com/articles/financial-theory/10/pioneers-technical-analysis.asp; Reference source: https://www.investopedia.com/terms/d/dowtheory.asp,查爾斯・道（Charles H. Dow）定位為理論奠基者。研究/貢獻重點集中在道氏理論（奠基者）；趨勢跟隨（早期趨勢概念）。代表資料包括《華爾街日報》市場平均指數評論（1899）；參考來源：https://www.investopedia.com/articles/financial-theory/10/pioneers-technical-analysis.asp；參考來源：https://www.investopedia.com/terms/d/dowtheory.asp。可用於技術分析基本理論與市場趨勢框架；趨勢辨識、均線、通道與趨勢跟隨。,"Charles H. Dow (查爾斯・道) is classified as a Foundational theorist. The research/contribution focus is Dow Theory (founder); Trend Following (early trend concept). Representative materials include Wall Street Journal editorials on market averages (1899); Reference source: https://www.investopedia.com/articles/financial-theory/10/pioneers-technical-analysis.asp; Reference source: https://www.investopedia.com/terms/d/dowtheory.asp. The work is useful for core technical-analysis theory and trend frameworks; trend identification, moving averages, channels, and trend following.",3,2,0,0,0,3 筆研究材料；2 個不同來源；0 筆高證據等級；書籍 0 筆；論文/文章 0 筆。,3 research materials; 2 distinct sources; 0 high-evidence records; 0 book records; 0 paper/article records.,重要權威,Major authority,道氏理論,Dow Theory,1,1,0,1,優先用於：技術分析基本理論與市場趨勢框架；趨勢辨識、均線、通道與趨勢跟隨。,"Best used for: core technical-analysis theory and trend frameworks; trend identification, moving averages, channels, and trend following.",查爾斯・道在完整資料庫中屬於重要權威，可從其代表材料與優勝指標交叉研究。,Charles H. Dow is a Major authority in the complete database; study the representative materials together with the winning indicators.
william-peter-hamilton,2,威廉・彼得・漢密爾頓,William Peter Hamilton,United States,1867-1929,道氏理論實踐者、作家,foundation,理論奠基者,Foundational theorist,21,道氏理論（主要詮釋者）；趨勢跟隨（趨勢判讀）,Dow Theory (principal interpreter); Trend Following (trend interpretation),技術分析基本理論與市場趨勢框架；趨勢辨識、均線、通道與趨勢跟隨,"core technical-analysis theory and trend frameworks; trend identification, moving averages, channels, and trend following",《股票市場晴雨表》（1922）；參考來源：https://archive.org/details/stockmarketbarom00hami；參考來源：https://openlibrary.org/books/OL7031671M/The_stock_market_barometer；參考來源：https://papers.ssrn.com/sol3/papers.cfm?abstract_id=58690,The Stock Market Barometer (1922); Reference source: https://archive.org/details/stockmarketbarom00hami; Reference source: https://openlibrary.org/books/OL7031671M/The_stock_market_barometer; Reference source: https://papers.ssrn.com/sol3/papers.cfm?abstract_id=58690,威廉・彼得・漢密爾頓（William Peter Hamilton）定位為理論奠基者。研究/貢獻重點集中在道氏理論（主要詮釋者）；趨勢跟隨（趨勢判讀）。代表資料包括《股票市場晴雨表》（1922）；參考來源：https://archive.org/details/stockmarketbarom00hami；參考來源：https://openlibrary.org/books/OL7031671M/The_stock_market_barometer；參考來源：https://papers.ssrn.com/sol3/papers.cfm?abstract_id=58690。可用於技術分析基本理論與市場趨勢框架；趨勢辨識、均線、通道與趨勢跟隨。,"William Peter Hamilton (威廉・彼得・漢密爾頓) is classified as a Foundational theorist. The research/contribution focus is Dow Theory (principal interpreter); Trend Following (trend interpretation). Representative materials include The Stock Market Barometer (1922); Reference source: https://archive.org/details/stockmarketbarom00hami; Reference source: https://openlibrary.org/books/OL7031671M/The_stock_market_barometer; Reference source: https://papers.ssrn.com/sol3/papers.cfm?abstract_id=58690. The work is useful for core technical-analysis theory and trend frameworks; trend identification, moving averages, channels, and trend following.",4,3,0,1,0,4 筆研究材料；3 個不同來源；0 筆高證據等級；書籍 1 筆；論文/文章 0 筆。,4 research materials; 3 distinct sources; 0 high-evidence records; 1 book records; 0 paper/article records.,專題權威,Specialized authority,,,0,0,1,1,優先用於：技術分析基本理論與市場趨勢框架；趨勢辨識、均線、通道與趨勢跟隨。,"Best used for: core technical-analysis theory and trend frameworks; trend identification, moving averages, channels, and trend following.",威廉・彼得・漢密爾頓在完整資料庫中屬於專題權威，可從其代表材料與優勝指標交叉研究。,William Peter Hamilton is a Specialized authority in the complete database; study the representative materials together with the winning indicators.
robert-rhea,3,羅伯特・里亞,Robert Rhea,United States,1887-1939,道氏理論作家、通訊作者,foundation,理論奠基者,Foundational theorist,21,道氏理論（系統化整理者）；趨勢跟隨（趨勢確認）,Dow Theory (systematizer); Trend Following (trend confirmation),技術分析基本理論與市場趨勢框架；趨勢辨識、均線、通道與趨勢跟隨,"core technical-analysis theory and trend frameworks; trend identification, moving averages, channels, and trend following",《道氏理論》（1932）；參考來源：https://books.google.com/books/about/The_Dow_Theory.html?id=FO65ngEACAAJ；參考來源：https://openlibrary.org/books/OL6279382M/The_Dow_theory,The Dow Theory (1932); Reference source: https://books.google.com/books/about/The_Dow_Theory.html?id=FO65ngEACAAJ; Reference source: https://openlibrary.org/books/OL6279382M/The_Dow_theory,羅伯特・里亞（Robert Rhea）定位為理論奠基者。研究/貢獻重點集中在道氏理論（系統化整理者）；趨勢跟隨（趨勢確認）。代表資料包括《道氏理論》（1932）；參考來源：https://books.google.com/books/about/The_Dow_Theory.html?id=FO65ngEACAAJ；參考來源：https://openlibrary.org/books/OL6279382M/The_Dow_theory。可用於技術分析基本理論與市場趨勢框架；趨勢辨識、均線、通道與趨勢跟隨。,"Robert Rhea (羅伯特・里亞) is classified as a Foundational theorist. The research/contribution focus is Dow Theory (systematizer); Trend Following (trend confirmation). Representative materials include The Dow Theory (1932); Reference source: https://books.google.com/books/about/The_Dow_Theory.html?id=FO65ngEACAAJ; Reference source: https://openlibrary.org/books/OL6279382M/The_Dow_theory. The work is useful for core technical-analysis theory and trend frameworks; trend identification, moving averages, channels, and trend following.",3,2,1,1,0,3 筆研究材料；2 個不同來源；1 筆高證據等級；書籍 1 筆；論文/文章 0 筆。,3 research materials; 2 distinct sources; 1 high-evidence records; 1 book records; 0 paper/article records.,專題權威,Specialized authority,,,0,0,1,1,優先用於：技術分析基本理論與市場趨勢框架；趨勢辨識、均線、通道與趨勢跟隨。,"Best used for: core technical-analysis theory and trend frameworks; trend identification, moving averages, channels, and trend following.",羅伯特・里亞在完整資料庫中屬於專題權威，可從其代表材料與優勝指標交叉研究。,Robert Rhea is a Specialized authority in the complete database; study the representative materials together with the winning indicators.
richard-d-wyckoff,4,理查・威科夫,Richard D. Wyckoff,United States,1873-1934,市場操作者、教育者、作家,foundation,理論奠基者,Foundational theorist,24,威科夫方法（創始者）；成交量分析（量價分析）；讀帶 / 盤口判讀（讀帶）,Wyckoff Method (creator); Volume Analysis (price-volume analysis); Tape Reading (tape reading),量價關係、資金流與供需分析；圖表型態、價格結構與支撐阻力,"price-volume relationships, money flow, and supply/demand; chart patterns, price structure, and support/resistance",《讀帶研究》（1910）；《我如何交易與投資股票和債券》（1924）；參考來源：https://chartschool.stockcharts.com/table-of-contents/market-analysis/wyckoff-analysis-articles/the-wyckoff-method-a-tutorial,Studies in Tape Reading (1910); How I Trade and Invest in Stocks and Bonds (1924); Reference source: https://chartschool.stockcharts.com/table-of-contents/market-analysis/wyckoff-analysis-articles/the-wyckoff-method-a-tutorial,理查・威科夫（Richard D. Wyckoff）定位為理論奠基者。研究/貢獻重點集中在威科夫方法（創始者）；成交量分析（量價分析）；讀帶 / 盤口判讀（讀帶）。代表資料包括《讀帶研究》（1910）；《我如何交易與投資股票和債券》（1924）；參考來源：https://chartschool.stockcharts.com/table-of-contents/market-analysis/wyckoff-analysis-articles/the-wyckoff-method-a-tutorial。可用於量價關係、資金流與供需分析；圖表型態、價格結構與支撐阻力。,"Richard D. Wyckoff (理查・威科夫) is classified as a Foundational theorist. The research/contribution focus is Wyckoff Method (creator); Volume Analysis (price-volume analysis); Tape Reading (tape reading). Representative materials include Studies in Tape Reading (1910); How I Trade and Invest in Stocks and Bonds (1924); Reference source: https://chartschool.stockcharts.com/table-of-contents/market-analysis/wyckoff-analysis-articles/the-wyckoff-method-a-tutorial. The work is useful for price-volume relationships, money flow, and supply/demand; chart patterns, price structure, and support/resistance.",3,3,2,2,0,3 筆研究材料；3 個不同來源；2 筆高證據等級；書籍 2 筆；論文/文章 0 筆。,3 research materials; 3 distinct sources; 2 high-evidence records; 2 book records; 0 paper/article records.,核心權威,Core authority,成交量分析；威科夫方法,Volume Analysis; Wyckoff Method,2,2,0,1,優先用於：量價關係、資金流與供需分析；圖表型態、價格結構與支撐阻力。,"Best used for: price-volume relationships, money flow, and supply/demand; chart patterns, price structure, and support/resistance.",理查・威科夫在完整資料庫中屬於核心權威，可從其代表材料與優勝指標交叉研究。,Richard D. Wyckoff is a Core authority in the complete database; study the representative materials together with the winning indicators.
jesse-livermore,5,傑西・李佛摩,Jesse Livermore,United States,1877-1940,股票與商品交易者,practitioner,實戰交易代表,Market practitioner,19,讀帶 / 盤口判讀（代表性實踐者）；價格行為（價格行為）；趨勢跟隨（趨勢交易）,Tape Reading (representative practitioner); Price Action (price action); Trend Following (trend trading),圖表型態、價格結構與支撐阻力；趨勢辨識、均線、通道與趨勢跟隨,"chart patterns, price structure, and support/resistance; trend identification, moving averages, channels, and trend following",《如何交易股票》（1940）；參考來源：https://en.wikipedia.org/wiki/Jesse_Livermore,How to Trade in Stocks (1940); Reference source: https://en.wikipedia.org/wiki/Jesse_Livermore,傑西・李佛摩（Jesse Livermore）定位為實戰交易代表。研究/貢獻重點集中在讀帶 / 盤口判讀（代表性實踐者）；價格行為（價格行為）；趨勢跟隨（趨勢交易）。代表資料包括《如何交易股票》（1940）；參考來源：https://en.wikipedia.org/wiki/Jesse_Livermore。可用於圖表型態、價格結構與支撐阻力；趨勢辨識、均線、通道與趨勢跟隨。,"Jesse Livermore (傑西・李佛摩) is classified as a Market practitioner. The research/contribution focus is Tape Reading (representative practitioner); Price Action (price action); Trend Following (trend trading). Representative materials include How to Trade in Stocks (1940); Reference source: https://en.wikipedia.org/wiki/Jesse_Livermore. The work is useful for chart patterns, price structure, and support/resistance; trend identification, moving averages, channels, and trend following.",2,2,1,1,0,2 筆研究材料；2 個不同來源；1 筆高證據等級；書籍 1 筆；論文/文章 0 筆。,2 research materials; 2 distinct sources; 1 high-evidence records; 1 book records; 0 paper/article records.,專題權威,Specialized authority,讀帶 / 盤口判讀,Tape Reading,1,1,0,0,優先用於：圖表型態、價格結構與支撐阻力；趨勢辨識、均線、通道與趨勢跟隨。,"Best used for: chart patterns, price structure, and support/resistance; trend identification, moving averages, channels, and trend following.",傑西・李佛摩在完整資料庫中屬於專題權威，可從其代表材料與優勝指標交叉研究。,Jesse Livermore is a Specialized authority in the complete database; study the representative materials together with the winning indicators.
w-d-gann,6,威廉・江恩,W. D. Gann,United States,1878-1955,交易者、作家,foundation,理論奠基者,Foundational theorist,22,江恩理論（創始者）；週期分析（週期分析）；支撐阻力（角度/價位）,Gann Methods (creator); Cycle Analysis (cycle analysis); Support and Resistance (angles/price levels),週期、時間窗口與市場節奏判讀；圖表型態、價格結構與支撐阻力,"cycles, timing windows, and market rhythm; chart patterns, price structure, and support/resistance",《股市讀帶真相》（1923）；《華爾街四十五年》（1941）；參考來源：https://en.wikipedia.org/wiki/William_Delbert_Gann,Truth of the Stock Tape (1923); 45 Years in Wall Street (1941); Reference source: https://en.wikipedia.org/wiki/William_Delbert_Gann,威廉・江恩（W. D. Gann）定位為理論奠基者。研究/貢獻重點集中在江恩理論（創始者）；週期分析（週期分析）；支撐阻力（角度/價位）。代表資料包括《股市讀帶真相》（1923）；《華爾街四十五年》（1941）；參考來源：https://en.wikipedia.org/wiki/William_Delbert_Gann。可用於週期、時間窗口與市場節奏判讀；圖表型態、價格結構與支撐阻力。,"W. D. Gann (威廉・江恩) is classified as a Foundational theorist. The research/contribution focus is Gann Methods (creator); Cycle Analysis (cycle analysis); Support and Resistance (angles/price levels). Representative materials include Truth of the Stock Tape (1923); 45 Years in Wall Street (1941); Reference source: https://en.wikipedia.org/wiki/William_Delbert_Gann. The work is useful for cycles, timing windows, and market rhythm; chart patterns, price structure, and support/resistance.",3,3,2,2,0,3 筆研究材料；3 個不同來源；2 筆高證據等級；書籍 2 筆；論文/文章 0 筆。,3 research materials; 3 distinct sources; 2 high-evidence records; 2 book records; 0 paper/article records.,重要權威,Major authority,江恩理論,Gann Methods,1,1,0,2,優先用於：週期、時間窗口與市場節奏判讀；圖表型態、價格結構與支撐阻力。,"Best used for: cycles, timing windows, and market rhythm; chart patterns, price structure, and support/resistance.",威廉・江恩在完整資料庫中屬於重要權威，可從其代表材料與優勝指標交叉研究。,W. D. Gann is a Major authority in the complete database; study the representative materials together with the winning indicators.
ralph-nelson-elliott,7,拉爾夫・尼爾森・艾略特,Ralph Nelson Elliott,United States,1871-1948,會計師、波浪理論創始者,foundation,理論奠基者,Foundational theorist,22,艾略特波浪（創始者）；週期分析（市場循環）,Elliott Wave (creator); Cycle Analysis (market cycles),波浪、分形結構與時間價格路徑；週期、時間窗口與市場節奏判讀,"waves, fractal structure, and time-price paths; cycles, timing windows, and market rhythm",《波浪原理》（1938）；參考來源：https://en.wikipedia.org/wiki/Ralph_Nelson_Elliott；參考來源：https://www.investopedia.com/terms/e/elliottwavetheory.asp,The Wave Principle (1938); Reference source: https://en.wikipedia.org/wiki/Ralph_Nelson_Elliott; Reference source: https://www.investopedia.com/terms/e/elliottwavetheory.asp,拉爾夫・尼爾森・艾略特（Ralph Nelson Elliott）定位為理論奠基者。研究/貢獻重點集中在艾略特波浪（創始者）；週期分析（市場循環）。代表資料包括《波浪原理》（1938）；參考來源：https://en.wikipedia.org/wiki/Ralph_Nelson_Elliott；參考來源：https://www.investopedia.com/terms/e/elliottwavetheory.asp。可用於波浪、分形結構與時間價格路徑；週期、時間窗口與市場節奏判讀。,"Ralph Nelson Elliott (拉爾夫・尼爾森・艾略特) is classified as a Foundational theorist. The research/contribution focus is Elliott Wave (creator); Cycle Analysis (market cycles). Representative materials include The Wave Principle (1938); Reference source: https://en.wikipedia.org/wiki/Ralph_Nelson_Elliott; Reference source: https://www.investopedia.com/terms/e/elliottwavetheory.asp. The work is useful for waves, fractal structure, and time-price paths; cycles, timing windows, and market rhythm.",3,2,0,1,0,3 筆研究材料；2 個不同來源；0 筆高證據等級；書籍 1 筆；論文/文章 0 筆。,3 research materials; 2 distinct sources; 0 high-evidence records; 1 book records; 0 paper/article records.,重要權威,Major authority,艾略特波浪,Elliott Wave,1,1,0,0,優先用於：波浪、分形結構與時間價格路徑；週期、時間窗口與市場節奏判讀。,"Best used for: waves, fractal structure, and time-price paths; cycles, timing windows, and market rhythm.",拉爾夫・尼爾森・艾略特在完整資料庫中屬於重要權威，可從其代表材料與優勝指標交叉研究。,Ralph Nelson Elliott is a Major authority in the complete database; study the representative materials together with the winning indicators.
richard-w-schabacker,8,理查・沙巴克,Richard W. Schabacker,United States,1899-1935,金融編輯、技術分析作家,author,經典著作作者,Classic author,21,圖表型態（早期系統化作者）；支撐阻力（型態與趨勢線）,Chart Patterns (early systematizing author); Support and Resistance (patterns and trendlines),圖表型態、價格結構與支撐阻力,"chart patterns, price structure, and support/resistance",《技術分析與股市獲利》（1932）；參考來源：https://chartschool.stockcharts.com/table-of-contents/chart-analysis/introduction-to-chart-patterns；參考來源：https://harriman-house.com/authors/richard-schabacker/technical-analysis-and-stock-market-profits/9780857199164,Technical Analysis and Stock Market Profits (1932); Reference source: https://chartschool.stockcharts.com/table-of-contents/chart-analysis/introduction-to-chart-patterns; Reference source: https://harriman-house.com/authors/richard-schabacker/technical-analysis-and-stock-market-profits/9780857199164,理查・沙巴克（Richard W. Schabacker）定位為經典著作作者。研究/貢獻重點集中在圖表型態（早期系統化作者）；支撐阻力（型態與趨勢線）。代表資料包括《技術分析與股市獲利》（1932）；參考來源：https://chartschool.stockcharts.com/table-of-contents/chart-analysis/introduction-to-chart-patterns；參考來源：https://harriman-house.com/authors/richard-schabacker/technical-analysis-and-stock-market-profits/9780857199164。可用於圖表型態、價格結構與支撐阻力。,"Richard W. Schabacker (理查・沙巴克) is classified as a Classic author. The research/contribution focus is Chart Patterns (early systematizing author); Support and Resistance (patterns and trendlines). Representative materials include Technical Analysis and Stock Market Profits (1932); Reference source: https://chartschool.stockcharts.com/table-of-contents/chart-analysis/introduction-to-chart-patterns; Reference source: https://harriman-house.com/authors/richard-schabacker/technical-analysis-and-stock-market-profits/9780857199164. The work is useful for chart patterns, price structure, and support/resistance.",3,2,0,1,0,3 筆研究材料；2 個不同來源；0 筆高證據等級；書籍 1 筆；論文/文章 0 筆。,3 research materials; 2 distinct sources; 0 high-evidence records; 1 book records; 0 paper/article records.,專題權威,Specialized authority,,,0,0,0,1,優先用於：圖表型態、價格結構與支撐阻力。,"Best used for: chart patterns, price structure, and support/resistance.",理查・沙巴克在完整資料庫中屬於專題權威，可從其代表材料與優勝指標交叉研究。,Richard W. Schabacker is a Specialized authority in the complete database; study the representative materials together with the winning indicators.
robert-d-edwards,9,羅伯特・愛德華茲,Robert D. Edwards,United States,1893-1964,技術分析作家,author,經典著作作者,Classic author,22,圖表型態（經典教材作者）；支撐阻力（型態分析）,Chart Patterns (classic textbook author); Support and Resistance (pattern analysis),圖表型態、價格結構與支撐阻力,"chart patterns, price structure, and support/resistance",《股票趨勢技術分析》（1948）；參考來源：https://www.amazon.com/Technical-Analysis-Stock-Trends-Edwards/dp/113806941X；參考來源：https://www.investopedia.com/articles/personal-finance/090916/top-5-books-learn-technical-analysis.asp,Technical Analysis of Stock Trends (1948); Reference source: https://www.amazon.com/Technical-Analysis-Stock-Trends-Edwards/dp/113806941X; Reference source: https://www.investopedia.com/articles/personal-finance/090916/top-5-books-learn-technical-analysis.asp,羅伯特・愛德華茲（Robert D. Edwards）定位為經典著作作者。研究/貢獻重點集中在圖表型態（經典教材作者）；支撐阻力（型態分析）。代表資料包括《股票趨勢技術分析》（1948）；參考來源：https://www.amazon.com/Technical-Analysis-Stock-Trends-Edwards/dp/113806941X；參考來源：https://www.investopedia.com/articles/personal-finance/090916/top-5-books-learn-technical-analysis.asp。可用於圖表型態、價格結構與支撐阻力。,"Robert D. Edwards (羅伯特・愛德華茲) is classified as a Classic author. The research/contribution focus is Chart Patterns (classic textbook author); Support and Resistance (pattern analysis). Representative materials include Technical Analysis of Stock Trends (1948); Reference source: https://www.amazon.com/Technical-Analysis-Stock-Trends-Edwards/dp/113806941X; Reference source: https://www.investopedia.com/articles/personal-finance/090916/top-5-books-learn-technical-analysis.asp. The work is useful for chart patterns, price structure, and support/resistance.",3,2,1,1,0,3 筆研究材料；2 個不同來源；1 筆高證據等級；書籍 1 筆；論文/文章 0 筆。,3 research materials; 2 distinct sources; 1 high-evidence records; 1 book records; 0 paper/article records.,重要權威,Major authority,支撐阻力,Support and Resistance,1,1,0,1,優先用於：圖表型態、價格結構與支撐阻力。,"Best used for: chart patterns, price structure, and support/resistance.",羅伯特・愛德華茲在完整資料庫中屬於重要權威，可從其代表材料與優勝指標交叉研究。,Robert D. Edwards is a Major authority in the complete database; study the representative materials together with the winning indicators.
john-magee,10,約翰・麥基,John Magee,United States,1901-1987,技術分析作家,author,經典著作作者,Classic author,22,圖表型態（經典教材作者）；支撐阻力（型態分析）,Chart Patterns (classic textbook author); Support and Resistance (pattern analysis),圖表型態、價格結構與支撐阻力,"chart patterns, price structure, and support/resistance",《股票趨勢技術分析》（1948）；參考來源：https://www.amazon.com/Technical-Analysis-Stock-Trends-Edwards/dp/113806941X；參考來源：https://www.investopedia.com/articles/financial-theory/10/pioneers-technical-analysis.asp,Technical Analysis of Stock Trends (1948); Reference source: https://www.amazon.com/Technical-Analysis-Stock-Trends-Edwards/dp/113806941X; Reference source: https://www.investopedia.com/articles/financial-theory/10/pioneers-technical-analysis.asp,約翰・麥基（John Magee）定位為經典著作作者。研究/貢獻重點集中在圖表型態（經典教材作者）；支撐阻力（型態分析）。代表資料包括《股票趨勢技術分析》（1948）；參考來源：https://www.amazon.com/Technical-Analysis-Stock-Trends-Edwards/dp/113806941X；參考來源：https://www.investopedia.com/articles/financial-theory/10/pioneers-technical-analysis.asp。可用於圖表型態、價格結構與支撐阻力。,"John Magee (約翰・麥基) is classified as a Classic author. The research/contribution focus is Chart Patterns (classic textbook author); Support and Resistance (pattern analysis). Representative materials include Technical Analysis of Stock Trends (1948); Reference source: https://www.amazon.com/Technical-Analysis-Stock-Trends-Edwards/dp/113806941X; Reference source: https://www.investopedia.com/articles/financial-theory/10/pioneers-technical-analysis.asp. The work is useful for chart patterns, price structure, and support/resistance.",3,2,1,1,0,3 筆研究材料；2 個不同來源；1 筆高證據等級；書籍 1 筆；論文/文章 0 筆。,3 research materials; 2 distinct sources; 1 high-evidence records; 1 book records; 0 paper/article records.,重要權威,Major authority,支撐阻力,Support and Resistance,1,1,0,1,優先用於：圖表型態、價格結構與支撐阻力。,"Best used for: chart patterns, price structure, and support/resistance.",約翰・麥基在完整資料庫中屬於重要權威，可從其代表材料與優勝指標交叉研究。,John Magee is a Major authority in the complete database; study the representative materials together with the winning indicators.
john-j-murphy,11,約翰・墨菲,John J. Murphy,United States,1942-,技術分析師、作家,author,經典著作作者,Classic author,23,移動平均（教材作者）；圖表型態（教材作者）；市場寬度（市場分析）,Moving Average (textbook author); Chart Patterns (textbook author); Market Breadth (market analysis),趨勢辨識、均線、通道與趨勢跟隨；圖表型態、價格結構與支撐阻力；市場寬度、內部強弱與指數健康度判讀,"trend identification, moving averages, channels, and trend following; chart patterns, price structure, and support/resistance; market breadth, internal strength, and index health",《金融市場技術分析》（1999）；參考來源：https://www.amazon.com/Technical-Analysis-Financial-Markets-Comprehensive/dp/0735200661；參考來源：https://www.investopedia.com/articles/personal-finance/090916/top-5-books-learn-technical-analysis.asp,Technical Analysis of the Financial Markets (1999); Reference source: https://www.amazon.com/Technical-Analysis-Financial-Markets-Comprehensive/dp/0735200661; Reference source: https://www.investopedia.com/articles/personal-finance/090916/top-5-books-learn-technical-analysis.asp,約翰・墨菲（John J. Murphy）定位為經典著作作者。研究/貢獻重點集中在移動平均（教材作者）；圖表型態（教材作者）；市場寬度（市場分析）。代表資料包括《金融市場技術分析》（1999）；參考來源：https://www.amazon.com/Technical-Analysis-Financial-Markets-Comprehensive/dp/0735200661；參考來源：https://www.investopedia.com/articles/personal-finance/090916/top-5-books-learn-technical-analysis.asp。可用於趨勢辨識、均線、通道與趨勢跟隨；圖表型態、價格結構與支撐阻力；市場寬度、內部強弱與指數健康度判讀。,"John J. Murphy (約翰・墨菲) is classified as a Classic author. The research/contribution focus is Moving Average (textbook author); Chart Patterns (textbook author); Market Breadth (market analysis). Representative materials include Technical Analysis of the Financial Markets (1999); Reference source: https://www.amazon.com/Technical-Analysis-Financial-Markets-Comprehensive/dp/0735200661; Reference source: https://www.investopedia.com/articles/personal-finance/090916/top-5-books-learn-technical-analysis.asp. The work is useful for trend identification, moving averages, channels, and trend following; chart patterns, price structure, and support/resistance; market breadth, internal strength, and index health.",3,2,1,1,0,3 筆研究材料；2 個不同來源；1 筆高證據等級；書籍 1 筆；論文/文章 0 筆。,3 research materials; 2 distinct sources; 1 high-evidence records; 1 book records; 0 paper/article records.,重要權威,Major authority,,,0,0,0,2,優先用於：趨勢辨識、均線、通道與趨勢跟隨；圖表型態、價格結構與支撐阻力；市場寬度、內部強弱與指數健康度判讀。,"Best used for: trend identification, moving averages, channels, and trend following; chart patterns, price structure, and support/resistance; market breadth, internal strength, and index health.",約翰・墨菲在完整資料庫中屬於重要權威，可從其代表材料與優勝指標交叉研究。,John J. Murphy is a Major authority in the complete database; study the representative materials together with the winning indicators.
martin-j-pring,12,馬丁・普林格,Martin J. Pring,United Kingdom / United States,1943-,技術分析師、作家,author,經典著作作者,Classic author,23,動量（指標與教材作者）；週期分析（景氣/市場循環）；趨勢跟隨（趨勢判讀）,Momentum (indicator and textbook author); Cycle Analysis (business/market cycles); Trend Following (trend interpretation),動量、超買超賣、背離與趨勢強弱；週期、時間窗口與市場節奏判讀；趨勢辨識、均線、通道與趨勢跟隨,"momentum, overbought/oversold conditions, divergence, and trend strength; cycles, timing windows, and market rhythm; trend identification, moving averages, channels, and trend following",《技術分析詳解》（1980）；參考來源：https://www.amazon.com/Technical-Analysis-Explained-Successful-Investment/dp/1260466020；參考來源：https://www.investopedia.com/articles/personal-finance/090916/top-5-books-learn-technical-analysis.asp,Technical Analysis Explained (1980); Reference source: https://www.amazon.com/Technical-Analysis-Explained-Successful-Investment/dp/1260466020; Reference source: https://www.investopedia.com/articles/personal-finance/090916/top-5-books-learn-technical-analysis.asp,馬丁・普林格（Martin J. Pring）定位為經典著作作者。研究/貢獻重點集中在動量（指標與教材作者）；週期分析（景氣/市場循環）；趨勢跟隨（趨勢判讀）。代表資料包括《技術分析詳解》（1980）；參考來源：https://www.amazon.com/Technical-Analysis-Explained-Successful-Investment/dp/1260466020；參考來源：https://www.investopedia.com/articles/personal-finance/090916/top-5-books-learn-technical-analysis.asp。可用於動量、超買超賣、背離與趨勢強弱；週期、時間窗口與市場節奏判讀；趨勢辨識、均線、通道與趨勢跟隨。,"Martin J. Pring (馬丁・普林格) is classified as a Classic author. The research/contribution focus is Momentum (indicator and textbook author); Cycle Analysis (business/market cycles); Trend Following (trend interpretation). Representative materials include Technical Analysis Explained (1980); Reference source: https://www.amazon.com/Technical-Analysis-Explained-Successful-Investment/dp/1260466020; Reference source: https://www.investopedia.com/articles/personal-finance/090916/top-5-books-learn-technical-analysis.asp. The work is useful for momentum, overbought/oversold conditions, divergence, and trend strength; cycles, timing windows, and market rhythm; trend identification, moving averages, channels, and trend following.",3,2,1,1,0,3 筆研究材料；2 個不同來源；1 筆高證據等級；書籍 1 筆；論文/文章 0 筆。,3 research materials; 2 distinct sources; 1 high-evidence records; 1 book records; 0 paper/article records.,重要權威,Major authority,,,0,0,0,1,優先用於：動量、超買超賣、背離與趨勢強弱；週期、時間窗口與市場節奏判讀；趨勢辨識、均線、通道與趨勢跟隨。,"Best used for: momentum, overbought/oversold conditions, divergence, and trend strength; cycles, timing windows, and market rhythm; trend identification, moving averages, channels, and trend following.",馬丁・普林格在完整資料庫中屬於重要權威，可從其代表材料與優勝指標交叉研究。,Martin J. Pring is a Major authority in the complete database; study the representative materials together with the winning indicators.
jack-d-schwager,13,傑克・施瓦格,Jack D. Schwager,United States,1948-,作家、基金與交易研究者,author,經典著作作者,Classic author,20,圖表型態（教材作者）；交易系統（交易方法整理）；價格行為（交易者訪談）,Chart Patterns (textbook author); Trading Systems (trading-method compilation); Price Action (trader interviews),圖表型態、價格結構與支撐阻力；系統交易、規則設計與回測流程,"chart patterns, price structure, and support/resistance; systematic trading, rule design, and backtesting",原文題名：Market Wizards（1989）；《技術分析入門》（1999）；參考來源：https://www.amazon.com/Getting-Started-Technical-Analysis-Schwager/dp/0471295426；參考來源：https://www.investopedia.com/articles/personal-finance/090916/top-5-books-learn-technical-analysis.asp,Market Wizards (1989); Getting Started in Technical Analysis (1999); Reference source: https://www.amazon.com/Getting-Started-Technical-Analysis-Schwager/dp/0471295426; Reference source: https://www.investopedia.com/articles/personal-finance/090916/top-5-books-learn-technical-analysis.asp,傑克・施瓦格（Jack D. Schwager）定位為經典著作作者。研究/貢獻重點集中在圖表型態（教材作者）；交易系統（交易方法整理）；價格行為（交易者訪談）。代表資料包括原文題名：Market Wizards（1989）；《技術分析入門》（1999）；參考來源：https://www.amazon.com/Getting-Started-Technical-Analysis-Schwager/dp/0471295426；參考來源：https://www.investopedia.com/articles/personal-finance/090916/top-5-books-learn-technical-analysis.asp。可用於圖表型態、價格結構與支撐阻力；系統交易、規則設計與回測流程。,"Jack D. Schwager (傑克・施瓦格) is classified as a Classic author. The research/contribution focus is Chart Patterns (textbook author); Trading Systems (trading-method compilation); Price Action (trader interviews). Representative materials include Market Wizards (1989); Getting Started in Technical Analysis (1999); Reference source: https://www.amazon.com/Getting-Started-Technical-Analysis-Schwager/dp/0471295426; Reference source: https://www.investopedia.com/articles/personal-finance/090916/top-5-books-learn-technical-analysis.asp. The work is useful for chart patterns, price structure, and support/resistance; systematic trading, rule design, and backtesting.",4,3,2,2,0,4 筆研究材料；3 個不同來源；2 筆高證據等級；書籍 2 筆；論文/文章 0 筆。,4 research materials; 3 distinct sources; 2 high-evidence records; 2 book records; 0 paper/article records.,專題權威,Specialized authority,,,0,0,0,1,優先用於：圖表型態、價格結構與支撐阻力；系統交易、規則設計與回測流程。,"Best used for: chart patterns, price structure, and support/resistance; systematic trading, rule design, and backtesting.",傑克・施瓦格在完整資料庫中屬於專題權威，可從其代表材料與優勝指標交叉研究。,Jack D. Schwager is a Specialized authority in the complete database; study the representative materials together with the winning indicators.
charles-d-kirkpatrick-ii,14,查爾斯・柯克派翠克二世,Charles D. Kirkpatrick II,United States,,CMT、作家、研究者,author_researcher,著作與研究兼具,Author-researcher,22,相對強弱 / 強勢股篩選（研究者）；道氏理論（Dow Award 研究）；股票選股（選股研究）,Relative Strength (researcher); Dow Theory (Dow Award research); Stock Selection (stock-selection research),股票選股、相對強弱與成長股篩選；技術分析基本理論與市場趨勢框架,"stock selection, relative strength, and growth-stock screening; core technical-analysis theory and trend frameworks",原文題名：Stock Selection: A Test of Relative Stock Values Reported Over 17 1/2 Years（2001）；《技術分析：金融市場技術分析師完整資源》（2006）；參考來源：https://cmtassociation.org/association/award-recognizing/charles-h-dow-award/,Stock Selection: A Test of Relative Stock Values Reported Over 17 1/2 Years (2001); Technical Analysis: The Complete Resource for Financial Market Technicians (2006); Reference source: https://cmtassociation.org/association/award-recognizing/charles-h-dow-award/,查爾斯・柯克派翠克二世（Charles D. Kirkpatrick II）定位為著作與研究兼具。研究/貢獻重點集中在相對強弱 / 強勢股篩選（研究者）；道氏理論（Dow Award 研究）；股票選股（選股研究）。代表資料包括原文題名：Stock Selection: A Test of Relative Stock Values Reported Over 17 1/2 Years（2001）；《技術分析：金融市場技術分析師完整資源》（2006）；參考來源：https://cmtassociation.org/association/award-recognizing/charles-h-dow-award/。可用於股票選股、相對強弱與成長股篩選；技術分析基本理論與市場趨勢框架。,"Charles D. Kirkpatrick II (查爾斯・柯克派翠克二世) is classified as a Author-researcher. The research/contribution focus is Relative Strength (researcher); Dow Theory (Dow Award research); Stock Selection (stock-selection research). Representative materials include Stock Selection: A Test of Relative Stock Values Reported Over 17 1/2 Years (2001); Technical Analysis: The Complete Resource for Financial Market Technicians (2006); Reference source: https://cmtassociation.org/association/award-recognizing/charles-h-dow-award/. The work is useful for stock selection, relative strength, and growth-stock screening; core technical-analysis theory and trend frameworks.",3,2,3,1,1,3 筆研究材料；2 個不同來源；3 筆高證據等級；書籍 1 筆；論文/文章 1 筆。,3 research materials; 2 distinct sources; 3 high-evidence records; 1 book records; 1 paper/article records.,重要權威,Major authority,股票選股,Stock Selection,1,1,0,2,優先用於：股票選股、相對強弱與成長股篩選；技術分析基本理論與市場趨勢框架。,"Best used for: stock selection, relative strength, and growth-stock screening; core technical-analysis theory and trend frameworks.",查爾斯・柯克派翠克二世在完整資料庫中屬於重要權威，可從其代表材料與優勝指標交叉研究。,Charles D. Kirkpatrick II is a Major authority in the complete database; study the representative materials together with the winning indicators.
julie-r-dahlquist,15,茱莉・達爾奎斯特,Julie R. Dahlquist,United States,,學者、CMT、教材作者,author_researcher,著作與研究兼具,Author-researcher,22,圖表型態（教材作者）；回測與系統驗證（缺口策略研究）；實證技術分析（研究者）,Chart Patterns (textbook author); Backtesting (gap-strategy research); Evidence-Based Technical Analysis (researcher),圖表型態、價格結構與支撐阻力；實證檢驗、規則驗證與資料探勘風險控制,"chart patterns, price structure, and support/resistance; empirical testing, rule validation, and data-mining control",《技術分析：金融市場技術分析師完整資源》（2006）；原文題名：Analyzing Gaps for Profitable Trading Strategies（2011）；參考來源：https://cmtassociation.org/association/award-recognizing/charles-h-dow-award/,Technical Analysis: The Complete Resource for Financial Market Technicians (2006); Analyzing Gaps for Profitable Trading Strategies (2011); Reference source: https://cmtassociation.org/association/award-recognizing/charles-h-dow-award/,茱莉・達爾奎斯特（Julie R. Dahlquist）定位為著作與研究兼具。研究/貢獻重點集中在圖表型態（教材作者）；回測與系統驗證（缺口策略研究）；實證技術分析（研究者）。代表資料包括《技術分析：金融市場技術分析師完整資源》（2006）；原文題名：Analyzing Gaps for Profitable Trading Strategies（2011）；參考來源：https://cmtassociation.org/association/award-recognizing/charles-h-dow-award/。可用於圖表型態、價格結構與支撐阻力；實證檢驗、規則驗證與資料探勘風險控制。,"Julie R. Dahlquist (茱莉・達爾奎斯特) is classified as a Author-researcher. The research/contribution focus is Chart Patterns (textbook author); Backtesting (gap-strategy research); Evidence-Based Technical Analysis (researcher). Representative materials include Technical Analysis: The Complete Resource for Financial Market Technicians (2006); Analyzing Gaps for Profitable Trading Strategies (2011); Reference source: https://cmtassociation.org/association/award-recognizing/charles-h-dow-award/. The work is useful for chart patterns, price structure, and support/resistance; empirical testing, rule validation, and data-mining control.",3,2,3,1,1,3 筆研究材料；2 個不同來源；3 筆高證據等級；書籍 1 筆；論文/文章 1 筆。,3 research materials; 2 distinct sources; 3 high-evidence records; 1 book records; 1 paper/article records.,重要權威,Major authority,,,0,0,0,3,優先用於：圖表型態、價格結構與支撐阻力；實證檢驗、規則驗證與資料探勘風險控制。,"Best used for: chart patterns, price structure, and support/resistance; empirical testing, rule validation, and data-mining control.",茱莉・達爾奎斯特在完整資料庫中屬於重要權威，可從其代表材料與優勝指標交叉研究。,Julie R. Dahlquist is a Major authority in the complete database; study the representative materials together with the winning indicators.
steven-b-achelis,16,史蒂文・阿契利斯,Steven B. Achelis,United States,,技術指標百科作者、MetaStock 相關作者,author,經典著作作者,Classic author,19,移動平均（百科作者）；動量（百科作者）；成交量分析（百科作者）,Moving Average (encyclopedia author); Momentum (encyclopedia author); Volume Analysis (encyclopedia author),趨勢辨識、均線、通道與趨勢跟隨；動量、超買超賣、背離與趨勢強弱；量價關係、資金流與供需分析,"trend identification, moving averages, channels, and trend following; momentum, overbought/oversold conditions, divergence, and trend strength; price-volume relationships, money flow, and supply/demand",《技術分析 A 到 Z》（1995）；參考來源：https://guides.newman.baruch.cuny.edu/c.php?g=188442&p=1243542,Technical Analysis from A to Z (1995); Reference source: https://guides.newman.baruch.cuny.edu/c.php?g=188442&p=1243542,史蒂文・阿契利斯（Steven B. Achelis）定位為經典著作作者。研究/貢獻重點集中在移動平均（百科作者）；動量（百科作者）；成交量分析（百科作者）。代表資料包括《技術分析 A 到 Z》（1995）；參考來源：https://guides.newman.baruch.cuny.edu/c.php?g=188442&p=1243542。可用於趨勢辨識、均線、通道與趨勢跟隨；動量、超買超賣、背離與趨勢強弱；量價關係、資金流與供需分析。,"Steven B. Achelis (史蒂文・阿契利斯) is classified as a Classic author. The research/contribution focus is Moving Average (encyclopedia author); Momentum (encyclopedia author); Volume Analysis (encyclopedia author). Representative materials include Technical Analysis from A to Z (1995); Reference source: https://guides.newman.baruch.cuny.edu/c.php?g=188442&p=1243542. The work is useful for trend identification, moving averages, channels, and trend following; momentum, overbought/oversold conditions, divergence, and trend strength; price-volume relationships, money flow, and supply/demand.",2,2,1,1,0,2 筆研究材料；2 個不同來源；1 筆高證據等級；書籍 1 筆；論文/文章 0 筆。,2 research materials; 2 distinct sources; 1 high-evidence records; 1 book records; 0 paper/article records.,專題權威,Specialized authority,,,0,0,0,0,優先用於：趨勢辨識、均線、通道與趨勢跟隨；動量、超買超賣、背離與趨勢強弱；量價關係、資金流與供需分析。,"Best used for: trend identification, moving averages, channels, and trend following; momentum, overbought/oversold conditions, divergence, and trend strength; price-volume relationships, money flow, and supply/demand.",史蒂文・阿契利斯在完整資料庫中屬於專題權威，可從其代表材料與優勝指標交叉研究。,Steven B. Achelis is a Specialized authority in the complete database; study the representative materials together with the winning indicators.
robert-w-colby,17,羅伯特・科爾比,Robert W. Colby,United States,,技術指標百科作者,author,經典著作作者,Classic author,20,移動平均（百科作者）；動量（百科作者）；實證技術分析（指標彙整）,Moving Average (encyclopedia author); Momentum (encyclopedia author); Evidence-Based Technical Analysis (indicator compendium),趨勢辨識、均線、通道與趨勢跟隨；動量、超買超賣、背離與趨勢強弱；實證檢驗、規則驗證與資料探勘風險控制,"trend identification, moving averages, channels, and trend following; momentum, overbought/oversold conditions, divergence, and trend strength; empirical testing, rule validation, and data-mining control",《技術市場指標百科全書》（1988）；參考來源：https://books.google.com/books/about/The_Encyclopedia_Of_Technical_Market_Ind.html?id=f82LUFQVGOUC；參考來源：https://openlibrary.org/books/OL17060688M/The_encyclopedia_of_technical_market_indicators；參考來源：https://www.mheducation.com/highered/mhp/product/encyclopedia-technical-market-indicators-second-edition.html,The Encyclopedia of Technical Market Indicators (1988); Reference source: https://books.google.com/books/about/The_Encyclopedia_Of_Technical_Market_Ind.html?id=f82LUFQVGOUC; Reference source: https://openlibrary.org/books/OL17060688M/The_encyclopedia_of_technical_market_indicators; Reference source: https://www.mheducation.com/highered/mhp/product/encyclopedia-technical-market-indicators-second-edition.html,羅伯特・科爾比（Robert W. Colby）定位為經典著作作者。研究/貢獻重點集中在移動平均（百科作者）；動量（百科作者）；實證技術分析（指標彙整）。代表資料包括《技術市場指標百科全書》（1988）；參考來源：https://books.google.com/books/about/The_Encyclopedia_Of_Technical_Market_Ind.html?id=f82LUFQVGOUC；參考來源：https://openlibrary.org/books/OL17060688M/The_encyclopedia_of_technical_market_indicators；參考來源：https://www.mheducation.com/highered/mhp/product/encyclopedia-technical-market-indicators-second-edition.html。可用於趨勢辨識、均線、通道與趨勢跟隨；動量、超買超賣、背離與趨勢強弱；實證檢驗、規則驗證與資料探勘風險控制。,"Robert W. Colby (羅伯特・科爾比) is classified as a Classic author. The research/contribution focus is Moving Average (encyclopedia author); Momentum (encyclopedia author); Evidence-Based Technical Analysis (indicator compendium). Representative materials include The Encyclopedia of Technical Market Indicators (1988); Reference source: https://books.google.com/books/about/The_Encyclopedia_Of_Technical_Market_Ind.html?id=f82LUFQVGOUC; Reference source: https://openlibrary.org/books/OL17060688M/The_encyclopedia_of_technical_market_indicators; Reference source: https://www.mheducation.com/highered/mhp/product/encyclopedia-technical-market-indicators-second-edition.html. The work is useful for trend identification, moving averages, channels, and trend following; momentum, overbought/oversold conditions, divergence, and trend strength; empirical testing, rule validation, and data-mining control.",4,3,0,1,0,4 筆研究材料；3 個不同來源；0 筆高證據等級；書籍 1 筆；論文/文章 0 筆。,4 research materials; 3 distinct sources; 0 high-evidence records; 1 book records; 0 paper/article records.,專題權威,Specialized authority,,,0,0,0,2,優先用於：趨勢辨識、均線、通道與趨勢跟隨；動量、超買超賣、背離與趨勢強弱；實證檢驗、規則驗證與資料探勘風險控制。,"Best used for: trend identification, moving averages, channels, and trend following; momentum, overbought/oversold conditions, divergence, and trend strength; empirical testing, rule validation, and data-mining control.",羅伯特・科爾比在完整資料庫中屬於專題權威，可從其代表材料與優勝指標交叉研究。,Robert W. Colby is a Specialized authority in the complete database; study the representative materials together with the winning indicators.
perry-j-kaufman,18,佩里・考夫曼,Perry J. Kaufman,United States,,量化交易系統作者,system_developer,交易系統開發者,Trading-system developer,23,KAMA 考夫曼自適應均線（創始者）；自適應均線（創始者）；交易系統（系統交易作者）,Kaufman Adaptive Moving Average (creator); Adaptive Moving Average (creator); Trading Systems (systematic-trading author),趨勢辨識、均線、通道與趨勢跟隨；系統交易、規則設計與回測流程,"trend identification, moving averages, channels, and trend following; systematic trading, rule design, and backtesting",《交易系統與方法》（1978）；《更聰明的交易》（1995）；參考來源：https://trendspider.com/learning-center/what-is-the-kaufman-adaptive-moving-average/,Trading Systems and Methods (1978); Smarter Trading (1995); Reference source: https://trendspider.com/learning-center/what-is-the-kaufman-adaptive-moving-average/,佩里・考夫曼（Perry J. Kaufman）定位為交易系統開發者。研究/貢獻重點集中在KAMA 考夫曼自適應均線（創始者）；自適應均線（創始者）；交易系統（系統交易作者）。代表資料包括《交易系統與方法》（1978）；《更聰明的交易》（1995）；參考來源：https://trendspider.com/learning-center/what-is-the-kaufman-adaptive-moving-average/。可用於趨勢辨識、均線、通道與趨勢跟隨；系統交易、規則設計與回測流程。,"Perry J. Kaufman (佩里・考夫曼) is classified as a Trading-system developer. The research/contribution focus is Kaufman Adaptive Moving Average (creator); Adaptive Moving Average (creator); Trading Systems (systematic-trading author). Representative materials include Trading Systems and Methods (1978); Smarter Trading (1995); Reference source: https://trendspider.com/learning-center/what-is-the-kaufman-adaptive-moving-average/. The work is useful for trend identification, moving averages, channels, and trend following; systematic trading, rule design, and backtesting.",3,3,2,2,0,3 筆研究材料；3 個不同來源；2 筆高證據等級；書籍 2 筆；論文/文章 0 筆。,3 research materials; 3 distinct sources; 2 high-evidence records; 2 book records; 0 paper/article records.,重要權威,Major authority,自適應均線；KAMA 考夫曼自適應均線；交易系統,Adaptive Moving Average; Kaufman Adaptive Moving Average; Trading Systems,3,3,0,0,優先用於：趨勢辨識、均線、通道與趨勢跟隨；系統交易、規則設計與回測流程。,"Best used for: trend identification, moving averages, channels, and trend following; systematic trading, rule design, and backtesting.",佩里・考夫曼在完整資料庫中屬於重要權威，可從其代表材料與優勝指標交叉研究。,Perry J. Kaufman is a Major authority in the complete database; study the representative materials together with the winning indicators.
j-welles-wilder-jr,19,威爾斯・威爾德,J. Welles Wilder Jr.,United States,1935-2021,指標創作者、作家,indicator_creator,技術指標創作者,Indicator creator,25,RSI 相對強弱指數（創始者）；ADX / DMI（創始者）；ATR 平均真實波幅（創始者）；Parabolic SAR（創始者）,Relative Strength Index (creator); Average Directional Index / Directional Movement (creator); Average True Range (creator); Parabolic SAR (creator),動量、超買超賣、背離與趨勢強弱；趨勢辨識、均線、通道與趨勢跟隨；波動率、通道寬度與風險環境,"momentum, overbought/oversold conditions, divergence, and trend strength; trend identification, moving averages, channels, and trend following; volatility, channel width, and risk regimes",《技術交易系統新概念》（1978）；參考來源：https://books.google.com/books/about/New_Concepts_in_Technical_Trading_System.html?id=WesJAQAAMAAJ；參考來源：https://www.investopedia.com/terms/r/rsi.asp,New Concepts in Technical Trading Systems (1978); Reference source: https://books.google.com/books/about/New_Concepts_in_Technical_Trading_System.html?id=WesJAQAAMAAJ; Reference source: https://www.investopedia.com/terms/r/rsi.asp,威爾斯・威爾德（J. Welles Wilder Jr.）定位為技術指標創作者。研究/貢獻重點集中在RSI 相對強弱指數（創始者）；ADX / DMI（創始者）；ATR 平均真實波幅（創始者）；Parabolic SAR（創始者）。代表資料包括《技術交易系統新概念》（1978）；參考來源：https://books.google.com/books/about/New_Concepts_in_Technical_Trading_System.html?id=WesJAQAAMAAJ；參考來源：https://www.investopedia.com/terms/r/rsi.asp。可用於動量、超買超賣、背離與趨勢強弱；趨勢辨識、均線、通道與趨勢跟隨；波動率、通道寬度與風險環境。,"J. Welles Wilder Jr. (威爾斯・威爾德) is classified as a Indicator creator. The research/contribution focus is Relative Strength Index (creator); Average Directional Index / Directional Movement (creator); Average True Range (creator); Parabolic SAR (creator). Representative materials include New Concepts in Technical Trading Systems (1978); Reference source: https://books.google.com/books/about/New_Concepts_in_Technical_Trading_System.html?id=WesJAQAAMAAJ; Reference source: https://www.investopedia.com/terms/r/rsi.asp. The work is useful for momentum, overbought/oversold conditions, divergence, and trend strength; trend identification, moving averages, channels, and trend following; volatility, channel width, and risk regimes.",3,2,1,1,0,3 筆研究材料；2 個不同來源；1 筆高證據等級；書籍 1 筆；論文/文章 0 筆。,3 research materials; 2 distinct sources; 1 high-evidence records; 1 book records; 0 paper/article records.,核心權威,Core authority,ADX / DMI；ATR 平均真實波幅；Parabolic SAR；RSI 相對強弱指數,Average Directional Index / Directional Movement; Average True Range; Parabolic SAR; Relative Strength Index,4,4,0,0,優先用於：動量、超買超賣、背離與趨勢強弱；趨勢辨識、均線、通道與趨勢跟隨；波動率、通道寬度與風險環境。,"Best used for: momentum, overbought/oversold conditions, divergence, and trend strength; trend identification, moving averages, channels, and trend following; volatility, channel width, and risk regimes.",威爾斯・威爾德在完整資料庫中屬於核心權威，可從其代表材料與優勝指標交叉研究。,J. Welles Wilder Jr. is a Core authority in the complete database; study the representative materials together with the winning indicators.
gerald-appel,20,傑拉德・阿佩爾,Gerald Appel,United States,1933-2020,技術分析師、作家、指標創作者,indicator_creator,技術指標創作者,Indicator creator,24,MACD（創始者）；移動平均（動量均線）,Moving Average Convergence/Divergence (creator); Moving Average (momentum moving average),動量、超買超賣、背離與趨勢強弱；趨勢辨識、均線、通道與趨勢跟隨,"momentum, overbought/oversold conditions, divergence, and trend strength; trend identification, moving averages, channels, and trend following",《技術分析：主動投資者的強力工具》（2005）；參考來源：https://cmtassociation.org/presenter/gerald-appel/；參考來源：https://traders.com/documentation/feedbk_docs/2003/09/Abstracts_new/Interview/interview.html；參考來源：https://www.investopedia.com/trading/macd/,Technical Analysis: Power Tools for Active Investors (2005); Reference source: https://cmtassociation.org/presenter/gerald-appel/; Reference source: https://traders.com/documentation/feedbk_docs/2003/09/Abstracts_new/Interview/interview.html; Reference source: https://www.investopedia.com/trading/macd/,傑拉德・阿佩爾（Gerald Appel）定位為技術指標創作者。研究/貢獻重點集中在MACD（創始者）；移動平均（動量均線）。代表資料包括《技術分析：主動投資者的強力工具》（2005）；參考來源：https://cmtassociation.org/presenter/gerald-appel/；參考來源：https://traders.com/documentation/feedbk_docs/2003/09/Abstracts_new/Interview/interview.html；參考來源：https://www.investopedia.com/trading/macd/。可用於動量、超買超賣、背離與趨勢強弱；趨勢辨識、均線、通道與趨勢跟隨。,"Gerald Appel (傑拉德・阿佩爾) is classified as a Indicator creator. The research/contribution focus is Moving Average Convergence/Divergence (creator); Moving Average (momentum moving average). Representative materials include Technical Analysis: Power Tools for Active Investors (2005); Reference source: https://cmtassociation.org/presenter/gerald-appel/; Reference source: https://traders.com/documentation/feedbk_docs/2003/09/Abstracts_new/Interview/interview.html; Reference source: https://www.investopedia.com/trading/macd/. The work is useful for momentum, overbought/oversold conditions, divergence, and trend strength; trend identification, moving averages, channels, and trend following.",4,3,2,1,0,4 筆研究材料；3 個不同來源；2 筆高證據等級；書籍 1 筆；論文/文章 0 筆。,4 research materials; 3 distinct sources; 2 high-evidence records; 1 book records; 0 paper/article records.,核心權威,Core authority,MACD；移動平均,Moving Average Convergence/Divergence; Moving Average,2,2,0,0,優先用於：動量、超買超賣、背離與趨勢強弱；趨勢辨識、均線、通道與趨勢跟隨。,"Best used for: momentum, overbought/oversold conditions, divergence, and trend strength; trend identification, moving averages, channels, and trend following.",傑拉德・阿佩爾在完整資料庫中屬於核心權威，可從其代表材料與優勝指標交叉研究。,Gerald Appel is a Core authority in the complete database; study the representative materials together with the winning indicators.
john-bollinger,21,約翰・布林格,John Bollinger,United States,1950-,CFA、CMT、指標創作者,indicator_creator,技術指標創作者,Indicator creator,24,布林通道（創始者）；波動率（波動通道）,Bollinger Bands (creator); Volatility (volatility bands),波動率、通道寬度與風險環境,"volatility, channel width, and risk regimes",《布林格談布林通道》（2001）；參考來源：https://www.bollingerbands.com/；參考來源：https://www.bollingercapital.com/team,Bollinger on Bollinger Bands (2001); Reference source: https://www.bollingerbands.com/; Reference source: https://www.bollingercapital.com/team,約翰・布林格（John Bollinger）定位為技術指標創作者。研究/貢獻重點集中在布林通道（創始者）；波動率（波動通道）。代表資料包括《布林格談布林通道》（2001）；參考來源：https://www.bollingerbands.com/；參考來源：https://www.bollingercapital.com/team。可用於波動率、通道寬度與風險環境。,"John Bollinger (約翰・布林格) is classified as a Indicator creator. The research/contribution focus is Bollinger Bands (creator); Volatility (volatility bands). Representative materials include Bollinger on Bollinger Bands (2001); Reference source: https://www.bollingerbands.com/; Reference source: https://www.bollingercapital.com/team. The work is useful for volatility, channel width, and risk regimes.",3,3,1,1,0,3 筆研究材料；3 個不同來源；1 筆高證據等級；書籍 1 筆；論文/文章 0 筆。,3 research materials; 3 distinct sources; 1 high-evidence records; 1 book records; 0 paper/article records.,核心權威,Core authority,布林通道；波動率,Bollinger Bands; Volatility,2,2,0,0,優先用於：波動率、通道寬度與風險環境。,"Best used for: volatility, channel width, and risk regimes.",約翰・布林格在完整資料庫中屬於核心權威，可從其代表材料與優勝指標交叉研究。,John Bollinger is a Core authority in the complete database; study the representative materials together with the winning indicators.
george-c-lane,22,喬治・藍恩,George C. Lane,United States,1921-2004,交易者、教育者、指標推廣者,indicator_creator,技術指標創作者,Indicator creator,21,隨機指標（創始/推廣者）；動量（動量先行觀念）,Stochastic Oscillator (creator/promoter); Momentum (momentum-leading concept),動量、超買超賣、背離與趨勢強弱,"momentum, overbought/oversold conditions, divergence, and trend strength",原文題名：Lane's Stochastics；參考來源：https://chartschool.stockcharts.com/table-of-contents/technical-indicators-and-overlays/technical-indicators/stochastic-oscillator-fast-slow-and-full；參考來源：https://www.investopedia.com/terms/s/stochasticoscillator.asp,Lane's Stochastics; Reference source: https://chartschool.stockcharts.com/table-of-contents/technical-indicators-and-overlays/technical-indicators/stochastic-oscillator-fast-slow-and-full; Reference source: https://www.investopedia.com/terms/s/stochasticoscillator.asp,喬治・藍恩（George C. Lane）定位為技術指標創作者。研究/貢獻重點集中在隨機指標（創始/推廣者）；動量（動量先行觀念）。代表資料包括原文題名：Lane's Stochastics；參考來源：https://chartschool.stockcharts.com/table-of-contents/technical-indicators-and-overlays/technical-indicators/stochastic-oscillator-fast-slow-and-full；參考來源：https://www.investopedia.com/terms/s/stochasticoscillator.asp。可用於動量、超買超賣、背離與趨勢強弱。,"George C. Lane (喬治・藍恩) is classified as a Indicator creator. The research/contribution focus is Stochastic Oscillator (creator/promoter); Momentum (momentum-leading concept). Representative materials include Lane's Stochastics; Reference source: https://chartschool.stockcharts.com/table-of-contents/technical-indicators-and-overlays/technical-indicators/stochastic-oscillator-fast-slow-and-full; Reference source: https://www.investopedia.com/terms/s/stochasticoscillator.asp. The work is useful for momentum, overbought/oversold conditions, divergence, and trend strength.",3,2,0,0,0,3 筆研究材料；2 個不同來源；0 筆高證據等級；書籍 0 筆；論文/文章 0 筆。,3 research materials; 2 distinct sources; 0 high-evidence records; 0 book records; 0 paper/article records.,專題權威,Specialized authority,隨機指標,Stochastic Oscillator,1,1,0,1,優先用於：動量、超買超賣、背離與趨勢強弱。,"Best used for: momentum, overbought/oversold conditions, divergence, and trend strength.",喬治・藍恩在完整資料庫中屬於專題權威，可從其代表材料與優勝指標交叉研究。,George C. Lane is a Specialized authority in the complete database; study the representative materials together with the winning indicators.
richard-donchian,23,理查・唐奇安,Richard Donchian,United States,1905-1993,趨勢跟隨先驅、基金經理,indicator_creator,技術指標創作者,Indicator creator,22,唐奇安通道（創始者）；趨勢跟隨（趨勢跟隨先驅）,Donchian Channel (creator); Trend Following (trend-following pioneer),趨勢辨識、均線、通道與趨勢跟隨,"trend identification, moving averages, channels, and trend following",原文題名：Commodity Trend Timing（1960）；參考來源：https://en.wikipedia.org/wiki/Richard_Donchian；參考來源：https://www.investopedia.com/donchian-channels-formula-8415235,Commodity Trend Timing (1960); Reference source: https://en.wikipedia.org/wiki/Richard_Donchian; Reference source: https://www.investopedia.com/donchian-channels-formula-8415235,理查・唐奇安（Richard Donchian）定位為技術指標創作者。研究/貢獻重點集中在唐奇安通道（創始者）；趨勢跟隨（趨勢跟隨先驅）。代表資料包括原文題名：Commodity Trend Timing（1960）；參考來源：https://en.wikipedia.org/wiki/Richard_Donchian；參考來源：https://www.investopedia.com/donchian-channels-formula-8415235。可用於趨勢辨識、均線、通道與趨勢跟隨。,"Richard Donchian (理查・唐奇安) is classified as a Indicator creator. The research/contribution focus is Donchian Channel (creator); Trend Following (trend-following pioneer). Representative materials include Commodity Trend Timing (1960); Reference source: https://en.wikipedia.org/wiki/Richard_Donchian; Reference source: https://www.investopedia.com/donchian-channels-formula-8415235. The work is useful for trend identification, moving averages, channels, and trend following.",3,2,0,0,0,3 筆研究材料；2 個不同來源；0 筆高證據等級；書籍 0 筆；論文/文章 0 筆。,3 research materials; 2 distinct sources; 0 high-evidence records; 0 book records; 0 paper/article records.,重要權威,Major authority,唐奇安通道；趨勢跟隨,Donchian Channel; Trend Following,2,2,0,0,優先用於：趨勢辨識、均線、通道與趨勢跟隨。,"Best used for: trend identification, moving averages, channels, and trend following.",理查・唐奇安在完整資料庫中屬於重要權威，可從其代表材料與優勝指標交叉研究。,Richard Donchian is a Major authority in the complete database; study the representative materials together with the winning indicators.
tushar-s-chande,24,圖沙・昌德,Tushar S. Chande,India / United States,,指標創作者、量化研究者,indicator_creator,技術指標創作者,Indicator creator,24,Aroon 指標（創始者）；Chande 動量震盪器（創始者）；VIDYA 動態平均（創始者）；隨機 RSI（共同創始者）,Aroon (creator); Chande Momentum Oscillator (creator); Variable Index Dynamic Average (creator); Stochastic RSI (co-creator),趨勢辨識、均線、通道與趨勢跟隨；動量、超買超賣、背離與趨勢強弱,"trend identification, moving averages, channels, and trend following; momentum, overbought/oversold conditions, divergence, and trend strength",《新技術交易者》（1994）；參考來源：https://chartschool.stockcharts.com/table-of-contents/technical-indicators-and-overlays/technical-indicators/aroon；參考來源：https://www.fidelity.com/learning-center/trading-investing/technical-analysis/technical-indicator-guide/cmo；參考來源：https://www.investopedia.com/terms/s/stochrsi.asp,The New Technical Trader (1994); Reference source: https://chartschool.stockcharts.com/table-of-contents/technical-indicators-and-overlays/technical-indicators/aroon; Reference source: https://www.fidelity.com/learning-center/trading-investing/technical-analysis/technical-indicator-guide/cmo; Reference source: https://www.investopedia.com/terms/s/stochrsi.asp,圖沙・昌德（Tushar S. Chande）定位為技術指標創作者。研究/貢獻重點集中在Aroon 指標（創始者）；Chande 動量震盪器（創始者）；VIDYA 動態平均（創始者）；隨機 RSI（共同創始者）。代表資料包括《新技術交易者》（1994）；參考來源：https://chartschool.stockcharts.com/table-of-contents/technical-indicators-and-overlays/technical-indicators/aroon；參考來源：https://www.fidelity.com/learning-center/trading-investing/technical-analysis/technical-indicator-guide/cmo；參考來源：https://www.investopedia.com/terms/s/stochrsi.asp。可用於趨勢辨識、均線、通道與趨勢跟隨；動量、超買超賣、背離與趨勢強弱。,"Tushar S. Chande (圖沙・昌德) is classified as a Indicator creator. The research/contribution focus is Aroon (creator); Chande Momentum Oscillator (creator); Variable Index Dynamic Average (creator); Stochastic RSI (co-creator). Representative materials include The New Technical Trader (1994); Reference source: https://chartschool.stockcharts.com/table-of-contents/technical-indicators-and-overlays/technical-indicators/aroon; Reference source: https://www.fidelity.com/learning-center/trading-investing/technical-analysis/technical-indicator-guide/cmo; Reference source: https://www.investopedia.com/terms/s/stochrsi.asp. The work is useful for trend identification, moving averages, channels, and trend following; momentum, overbought/oversold conditions, divergence, and trend strength.",4,3,0,1,0,4 筆研究材料；3 個不同來源；0 筆高證據等級；書籍 1 筆；論文/文章 0 筆。,4 research materials; 3 distinct sources; 0 high-evidence records; 1 book records; 0 paper/article records.,核心權威,Core authority,Aroon 指標；Chande 動量震盪器；隨機 RSI；VIDYA 動態平均,Aroon; Chande Momentum Oscillator; Stochastic RSI; Variable Index Dynamic Average,4,4,0,0,優先用於：趨勢辨識、均線、通道與趨勢跟隨；動量、超買超賣、背離與趨勢強弱。,"Best used for: trend identification, moving averages, channels, and trend following; momentum, overbought/oversold conditions, divergence, and trend strength.",圖沙・昌德在完整資料庫中屬於核心權威，可從其代表材料與優勝指標交叉研究。,Tushar S. Chande is a Core authority in the complete database; study the representative materials together with the winning indicators.
stanley-kroll,25,史丹利・克羅爾,Stanley Kroll,United States,,交易系統作者、指標共同作者,indicator_creator,技術指標創作者,Indicator creator,18,隨機 RSI（共同創始者）；VIDYA 動態平均（共同作者）；交易系統（交易系統）,Stochastic RSI (co-creator); Variable Index Dynamic Average (co-author); Trading Systems (trading systems),動量、超買超賣、背離與趨勢強弱；趨勢辨識、均線、通道與趨勢跟隨；系統交易、規則設計與回測流程,"momentum, overbought/oversold conditions, divergence, and trend strength; trend identification, moving averages, channels, and trend following; systematic trading, rule design, and backtesting",《新技術交易者》（1994）；參考來源：https://www.fxcorporate.com/help/MS/LOGOUT/i_Vidya.html；參考來源：https://www.investopedia.com/terms/s/stochrsi.asp,The New Technical Trader (1994); Reference source: https://www.fxcorporate.com/help/MS/LOGOUT/i_Vidya.html; Reference source: https://www.investopedia.com/terms/s/stochrsi.asp,史丹利・克羅爾（Stanley Kroll）定位為技術指標創作者。研究/貢獻重點集中在隨機 RSI（共同創始者）；VIDYA 動態平均（共同作者）；交易系統（交易系統）。代表資料包括《新技術交易者》（1994）；參考來源：https://www.fxcorporate.com/help/MS/LOGOUT/i_Vidya.html；參考來源：https://www.investopedia.com/terms/s/stochrsi.asp。可用於動量、超買超賣、背離與趨勢強弱；趨勢辨識、均線、通道與趨勢跟隨；系統交易、規則設計與回測流程。,"Stanley Kroll (史丹利・克羅爾) is classified as a Indicator creator. The research/contribution focus is Stochastic RSI (co-creator); Variable Index Dynamic Average (co-author); Trading Systems (trading systems). Representative materials include The New Technical Trader (1994); Reference source: https://www.fxcorporate.com/help/MS/LOGOUT/i_Vidya.html; Reference source: https://www.investopedia.com/terms/s/stochrsi.asp. The work is useful for momentum, overbought/oversold conditions, divergence, and trend strength; trend identification, moving averages, channels, and trend following; systematic trading, rule design, and backtesting.",3,2,0,1,0,3 筆研究材料；2 個不同來源；0 筆高證據等級；書籍 1 筆；論文/文章 0 筆。,3 research materials; 2 distinct sources; 0 high-evidence records; 1 book records; 0 paper/article records.,補充研究者,Complementary researcher,,,0,0,1,2,優先用於：動量、超買超賣、背離與趨勢強弱；趨勢辨識、均線、通道與趨勢跟隨；系統交易、規則設計與回測流程。,"Best used for: momentum, overbought/oversold conditions, divergence, and trend strength; trend identification, moving averages, channels, and trend following; systematic trading, rule design, and backtesting.",史丹利・克羅爾在完整資料庫中屬於補充研究者，可從其代表材料與優勝指標交叉研究。,Stanley Kroll is a Complementary researcher in the complete database; study the representative materials together with the winning indicators.
donald-r-lambert,26,唐納德・蘭伯特,Donald R. Lambert,United States,,指標創作者,indicator_creator,技術指標創作者,Indicator creator,20,CCI 商品通道指標（創始者）；週期分析（商品週期）,Commodity Channel Index (creator); Cycle Analysis (commodity cycles),動量、超買超賣、背離與趨勢強弱；週期、時間窗口與市場節奏判讀,"momentum, overbought/oversold conditions, divergence, and trend strength; cycles, timing windows, and market rhythm",原文題名：Commodity Channel Index（1980）；參考來源：https://chartschool.stockcharts.com/table-of-contents/technical-indicators-and-overlays/technical-indicators/commodity-channel-index-cci,Commodity Channel Index (1980); Reference source: https://chartschool.stockcharts.com/table-of-contents/technical-indicators-and-overlays/technical-indicators/commodity-channel-index-cci,唐納德・蘭伯特（Donald R. Lambert）定位為技術指標創作者。研究/貢獻重點集中在CCI 商品通道指標（創始者）；週期分析（商品週期）。代表資料包括原文題名：Commodity Channel Index（1980）；參考來源：https://chartschool.stockcharts.com/table-of-contents/technical-indicators-and-overlays/technical-indicators/commodity-channel-index-cci。可用於動量、超買超賣、背離與趨勢強弱；週期、時間窗口與市場節奏判讀。,"Donald R. Lambert (唐納德・蘭伯特) is classified as a Indicator creator. The research/contribution focus is Commodity Channel Index (creator); Cycle Analysis (commodity cycles). Representative materials include Commodity Channel Index (1980); Reference source: https://chartschool.stockcharts.com/table-of-contents/technical-indicators-and-overlays/technical-indicators/commodity-channel-index-cci. The work is useful for momentum, overbought/oversold conditions, divergence, and trend strength; cycles, timing windows, and market rhythm.",2,2,1,0,1,2 筆研究材料；2 個不同來源；1 筆高證據等級；書籍 0 筆；論文/文章 1 筆。,2 research materials; 2 distinct sources; 1 high-evidence records; 0 book records; 1 paper/article records.,專題權威,Specialized authority,CCI 商品通道指標,Commodity Channel Index,1,1,0,0,優先用於：動量、超買超賣、背離與趨勢強弱；週期、時間窗口與市場節奏判讀。,"Best used for: momentum, overbought/oversold conditions, divergence, and trend strength; cycles, timing windows, and market rhythm.",唐納德・蘭伯特在完整資料庫中屬於專題權威，可從其代表材料與優勝指標交叉研究。,Donald R. Lambert is a Specialized authority in the complete database; study the representative materials together with the winning indicators.
larry-williams,27,拉瑞・威廉斯,Larry Williams,United States,1942-,交易者、作家、指標創作者,indicator_creator,技術指標創作者,Indicator creator,24,Williams %R（創始者）；動量（短線動量）；市場寬度（Dow Award 研究）,Williams %R (creator); Momentum (short-term momentum); Market Breadth (Dow Award research),動量、超買超賣、背離與趨勢強弱；市場寬度、內部強弱與指數健康度判讀,"momentum, overbought/oversold conditions, divergence, and trend strength; market breadth, internal strength, and index health",《我去年如何交易商品賺進一百萬美元》（1979）；原文題名：The Ripple Effect of Daily New Lows（2024）；參考來源：https://cmtassociation.org/association/award-recognizing/charles-h-dow-award/；參考來源：https://www.fidelity.com/learning-center/trading-investing/technical-analysis/technical-indicator-guide/williams-r,How I Made One Million Dollars Last Year Trading Commodities (1979); The Ripple Effect of Daily New Lows (2024); Reference source: https://cmtassociation.org/association/award-recognizing/charles-h-dow-award/; Reference source: https://www.fidelity.com/learning-center/trading-investing/technical-analysis/technical-indicator-guide/williams-r,拉瑞・威廉斯（Larry Williams）定位為技術指標創作者。研究/貢獻重點集中在Williams %R（創始者）；動量（短線動量）；市場寬度（Dow Award 研究）。代表資料包括《我去年如何交易商品賺進一百萬美元》（1979）；原文題名：The Ripple Effect of Daily New Lows（2024）；參考來源：https://cmtassociation.org/association/award-recognizing/charles-h-dow-award/；參考來源：https://www.fidelity.com/learning-center/trading-investing/technical-analysis/technical-indicator-guide/williams-r。可用於動量、超買超賣、背離與趨勢強弱；市場寬度、內部強弱與指數健康度判讀。,"Larry Williams (拉瑞・威廉斯) is classified as a Indicator creator. The research/contribution focus is Williams %R (creator); Momentum (short-term momentum); Market Breadth (Dow Award research). Representative materials include How I Made One Million Dollars Last Year Trading Commodities (1979); The Ripple Effect of Daily New Lows (2024); Reference source: https://cmtassociation.org/association/award-recognizing/charles-h-dow-award/; Reference source: https://www.fidelity.com/learning-center/trading-investing/technical-analysis/technical-indicator-guide/williams-r. The work is useful for momentum, overbought/oversold conditions, divergence, and trend strength; market breadth, internal strength, and index health.",4,3,2,1,1,4 筆研究材料；3 個不同來源；2 筆高證據等級；書籍 1 筆；論文/文章 1 筆。,4 research materials; 3 distinct sources; 2 high-evidence records; 1 book records; 1 paper/article records.,核心權威,Core authority,動量；Williams %R,Momentum; Williams %R,2,2,1,0,優先用於：動量、超買超賣、背離與趨勢強弱；市場寬度、內部強弱與指數健康度判讀。,"Best used for: momentum, overbought/oversold conditions, divergence, and trend strength; market breadth, internal strength, and index health.",拉瑞・威廉斯在完整資料庫中屬於核心權威，可從其代表材料與優勝指標交叉研究。,Larry Williams is a Core authority in the complete database; study the representative materials together with the winning indicators.
marc-chaikin,28,馬克・柴金,Marc Chaikin,United States,,技術分析師、指標創作者,indicator_creator,技術指標創作者,Indicator creator,20,Chaikin 資金流（創始者）；成交量分析（量價/資金流）,Chaikin Money Flow (creator); Volume Analysis (price-volume / money-flow analysis),量價關係、資金流與供需分析,"price-volume relationships, money flow, and supply/demand",原文題名：Chaikin Money Flow；參考來源：https://chaikinanalytics.com/；參考來源：https://www.fidelity.com/learning-center/trading-investing/technical-analysis/technical-indicator-guide/cmf,Chaikin Money Flow; Reference source: https://chaikinanalytics.com/; Reference source: https://www.fidelity.com/learning-center/trading-investing/technical-analysis/technical-indicator-guide/cmf,馬克・柴金（Marc Chaikin）定位為技術指標創作者。研究/貢獻重點集中在Chaikin 資金流（創始者）；成交量分析（量價/資金流）。代表資料包括原文題名：Chaikin Money Flow；參考來源：https://chaikinanalytics.com/；參考來源：https://www.fidelity.com/learning-center/trading-investing/technical-analysis/technical-indicator-guide/cmf。可用於量價關係、資金流與供需分析。,"Marc Chaikin (馬克・柴金) is classified as a Indicator creator. The research/contribution focus is Chaikin Money Flow (creator); Volume Analysis (price-volume / money-flow analysis). Representative materials include Chaikin Money Flow; Reference source: https://chaikinanalytics.com/; Reference source: https://www.fidelity.com/learning-center/trading-investing/technical-analysis/technical-indicator-guide/cmf. The work is useful for price-volume relationships, money flow, and supply/demand.",3,2,0,0,0,3 筆研究材料；2 個不同來源；0 筆高證據等級；書籍 0 筆；論文/文章 0 筆。,3 research materials; 2 distinct sources; 0 high-evidence records; 0 book records; 0 paper/article records.,專題權威,Specialized authority,Chaikin 資金流,Chaikin Money Flow,1,1,0,0,優先用於：量價關係、資金流與供需分析。,"Best used for: price-volume relationships, money flow, and supply/demand.",馬克・柴金在完整資料庫中屬於專題權威，可從其代表材料與優勝指標交叉研究。,Marc Chaikin is a Specialized authority in the complete database; study the representative materials together with the winning indicators.
joseph-granville,29,約瑟夫・格蘭維爾,Joseph Granville,United States,1923-2013,市場通訊作者、指標創作者,indicator_creator,技術指標創作者,Indicator creator,22,OBV 能量潮（創始者）；成交量分析（量價分析）,On-Balance Volume (creator); Volume Analysis (price-volume analysis),量價關係、資金流與供需分析,"price-volume relationships, money flow, and supply/demand",《格蘭維爾股市獲利新鑰》（1963）；參考來源：https://books.google.com/books/about/New_Key_to_Stock_Market_Profits.html?id=Z8xl5AAACAAJ；參考來源：https://openlibrary.org/works/OL3510350W/New_key_to_stock_market_profits；參考來源：https://www.investopedia.com/terms/o/onbalancevolume.asp,Granville's New Key to Stock Market Profits (1963); Reference source: https://books.google.com/books/about/New_Key_to_Stock_Market_Profits.html?id=Z8xl5AAACAAJ; Reference source: https://openlibrary.org/works/OL3510350W/New_key_to_stock_market_profits; Reference source: https://www.investopedia.com/terms/o/onbalancevolume.asp,約瑟夫・格蘭維爾（Joseph Granville）定位為技術指標創作者。研究/貢獻重點集中在OBV 能量潮（創始者）；成交量分析（量價分析）。代表資料包括《格蘭維爾股市獲利新鑰》（1963）；參考來源：https://books.google.com/books/about/New_Key_to_Stock_Market_Profits.html?id=Z8xl5AAACAAJ；參考來源：https://openlibrary.org/works/OL3510350W/New_key_to_stock_market_profits；參考來源：https://www.investopedia.com/terms/o/onbalancevolume.asp。可用於量價關係、資金流與供需分析。,"Joseph Granville (約瑟夫・格蘭維爾) is classified as a Indicator creator. The research/contribution focus is On-Balance Volume (creator); Volume Analysis (price-volume analysis). Representative materials include Granville's New Key to Stock Market Profits (1963); Reference source: https://books.google.com/books/about/New_Key_to_Stock_Market_Profits.html?id=Z8xl5AAACAAJ; Reference source: https://openlibrary.org/works/OL3510350W/New_key_to_stock_market_profits; Reference source: https://www.investopedia.com/terms/o/onbalancevolume.asp. The work is useful for price-volume relationships, money flow, and supply/demand.",4,3,0,1,0,4 筆研究材料；3 個不同來源；0 筆高證據等級；書籍 1 筆；論文/文章 0 筆。,4 research materials; 3 distinct sources; 0 high-evidence records; 1 book records; 0 paper/article records.,重要權威,Major authority,OBV 能量潮,On-Balance Volume,1,1,0,1,優先用於：量價關係、資金流與供需分析。,"Best used for: price-volume relationships, money flow, and supply/demand.",約瑟夫・格蘭維爾在完整資料庫中屬於重要權威，可從其代表材料與優勝指標交叉研究。,Joseph Granville is a Major authority in the complete database; study the representative materials together with the winning indicators.
sherman-mcclellan,30,謝爾曼・麥克萊倫,Sherman McClellan,United States,,市場寬度指標創作者,indicator_creator,技術指標創作者,Indicator creator,20,McClellan Oscillator（共同創始者）；市場寬度（市場寬度）,McClellan Oscillator (co-creator); Market Breadth (market breadth),市場寬度、內部強弱與指數健康度判讀,"market breadth, internal strength, and index health",《獲利型態》；參考來源：https://www.investopedia.com/terms/m/mcclellanoscillator.asp；參考來源：https://www.mcoscillator.com/learning_center/kb/mcclellan_oscillator/the_origin_story_of_the_mcclellan_oscillator/,Patterns for Profit; Reference source: https://www.investopedia.com/terms/m/mcclellanoscillator.asp; Reference source: https://www.mcoscillator.com/learning_center/kb/mcclellan_oscillator/the_origin_story_of_the_mcclellan_oscillator/,謝爾曼・麥克萊倫（Sherman McClellan）定位為技術指標創作者。研究/貢獻重點集中在McClellan Oscillator（共同創始者）；市場寬度（市場寬度）。代表資料包括《獲利型態》；參考來源：https://www.investopedia.com/terms/m/mcclellanoscillator.asp；參考來源：https://www.mcoscillator.com/learning_center/kb/mcclellan_oscillator/the_origin_story_of_the_mcclellan_oscillator/。可用於市場寬度、內部強弱與指數健康度判讀。,"Sherman McClellan (謝爾曼・麥克萊倫) is classified as a Indicator creator. The research/contribution focus is McClellan Oscillator (co-creator); Market Breadth (market breadth). Representative materials include Patterns for Profit; Reference source: https://www.investopedia.com/terms/m/mcclellanoscillator.asp; Reference source: https://www.mcoscillator.com/learning_center/kb/mcclellan_oscillator/the_origin_story_of_the_mcclellan_oscillator/. The work is useful for market breadth, internal strength, and index health.",3,2,0,1,0,3 筆研究材料；2 個不同來源；0 筆高證據等級；書籍 1 筆；論文/文章 0 筆。,3 research materials; 2 distinct sources; 0 high-evidence records; 1 book records; 0 paper/article records.,專題權威,Specialized authority,McClellan Oscillator,McClellan Oscillator,1,1,0,1,優先用於：市場寬度、內部強弱與指數健康度判讀。,"Best used for: market breadth, internal strength, and index health.",謝爾曼・麥克萊倫在完整資料庫中屬於專題權威，可從其代表材料與優勝指標交叉研究。,Sherman McClellan is a Specialized authority in the complete database; study the representative materials together with the winning indicators.
marian-mcclellan,31,瑪麗安・麥克萊倫,Marian McClellan,United States,,市場寬度指標共同創作者,indicator_creator,技術指標創作者,Indicator creator,20,McClellan Oscillator（共同創始者）；市場寬度（市場寬度）,McClellan Oscillator (co-creator); Market Breadth (market breadth),市場寬度、內部強弱與指數健康度判讀,"market breadth, internal strength, and index health",《獲利型態》；參考來源：https://www.investopedia.com/terms/m/mcclellanoscillator.asp；參考來源：https://www.mcoscillator.com/learning_center/kb/mcclellan_oscillator/the_origin_story_of_the_mcclellan_oscillator/,Patterns for Profit; Reference source: https://www.investopedia.com/terms/m/mcclellanoscillator.asp; Reference source: https://www.mcoscillator.com/learning_center/kb/mcclellan_oscillator/the_origin_story_of_the_mcclellan_oscillator/,瑪麗安・麥克萊倫（Marian McClellan）定位為技術指標創作者。研究/貢獻重點集中在McClellan Oscillator（共同創始者）；市場寬度（市場寬度）。代表資料包括《獲利型態》；參考來源：https://www.investopedia.com/terms/m/mcclellanoscillator.asp；參考來源：https://www.mcoscillator.com/learning_center/kb/mcclellan_oscillator/the_origin_story_of_the_mcclellan_oscillator/。可用於市場寬度、內部強弱與指數健康度判讀。,"Marian McClellan (瑪麗安・麥克萊倫) is classified as a Indicator creator. The research/contribution focus is McClellan Oscillator (co-creator); Market Breadth (market breadth). Representative materials include Patterns for Profit; Reference source: https://www.investopedia.com/terms/m/mcclellanoscillator.asp; Reference source: https://www.mcoscillator.com/learning_center/kb/mcclellan_oscillator/the_origin_story_of_the_mcclellan_oscillator/. The work is useful for market breadth, internal strength, and index health.",3,2,0,1,0,3 筆研究材料；2 個不同來源；0 筆高證據等級；書籍 1 筆；論文/文章 0 筆。,3 research materials; 2 distinct sources; 0 high-evidence records; 1 book records; 0 paper/article records.,專題權威,Specialized authority,McClellan Oscillator,McClellan Oscillator,1,1,0,1,優先用於：市場寬度、內部強弱與指數健康度判讀。,"Best used for: market breadth, internal strength, and index health.",瑪麗安・麥克萊倫在完整資料庫中屬於專題權威，可從其代表材料與優勝指標交叉研究。,Marian McClellan is a Specialized authority in the complete database; study the representative materials together with the winning indicators.
richard-w-arms-jr,32,理查・阿姆斯,Richard W. Arms Jr.,United States,1930-2018,市場寬度指標創作者,indicator_creator,技術指標創作者,Indicator creator,20,TRIN / Arms Index（創始者）；市場寬度（市場寬度）；成交量分析（成交量廣度）,Arms Index (creator); Market Breadth (market breadth); Volume Analysis (volume breadth),市場寬度、內部強弱與指數健康度判讀；量價關係、資金流與供需分析,"market breadth, internal strength, and index health; price-volume relationships, money flow, and supply/demand",原文題名：The Arms Index（1967）；參考來源：https://chartschool.stockcharts.com/table-of-contents/market-indicators/arms-index-trin；參考來源：https://www.investopedia.com/terms/a/arms.asp,The Arms Index (1967); Reference source: https://chartschool.stockcharts.com/table-of-contents/market-indicators/arms-index-trin; Reference source: https://www.investopedia.com/terms/a/arms.asp,理查・阿姆斯（Richard W. Arms Jr.）定位為技術指標創作者。研究/貢獻重點集中在TRIN / Arms Index（創始者）；市場寬度（市場寬度）；成交量分析（成交量廣度）。代表資料包括原文題名：The Arms Index（1967）；參考來源：https://chartschool.stockcharts.com/table-of-contents/market-indicators/arms-index-trin；參考來源：https://www.investopedia.com/terms/a/arms.asp。可用於市場寬度、內部強弱與指數健康度判讀；量價關係、資金流與供需分析。,"Richard W. Arms Jr. (理查・阿姆斯) is classified as a Indicator creator. The research/contribution focus is Arms Index (creator); Market Breadth (market breadth); Volume Analysis (volume breadth). Representative materials include The Arms Index (1967); Reference source: https://chartschool.stockcharts.com/table-of-contents/market-indicators/arms-index-trin; Reference source: https://www.investopedia.com/terms/a/arms.asp. The work is useful for market breadth, internal strength, and index health; price-volume relationships, money flow, and supply/demand.",3,2,0,0,0,3 筆研究材料；2 個不同來源；0 筆高證據等級；書籍 0 筆；論文/文章 0 筆。,3 research materials; 2 distinct sources; 0 high-evidence records; 0 book records; 0 paper/article records.,專題權威,Specialized authority,TRIN / Arms Index,Arms Index,1,1,0,1,優先用於：市場寬度、內部強弱與指數健康度判讀；量價關係、資金流與供需分析。,"Best used for: market breadth, internal strength, and index health; price-volume relationships, money flow, and supply/demand.",理查・阿姆斯在完整資料庫中屬於專題權威，可從其代表材料與優勝指標交叉研究。,Richard W. Arms Jr. is a Specialized authority in the complete database; study the representative materials together with the winning indicators.
edwin-s-coppock,33,艾德溫・科波克,Edwin S. Coppock,United States,1918-1999,經濟學家、指標創作者,indicator_creator,技術指標創作者,Indicator creator,20,Coppock 曲線（創始者）；動量（長期動量）,Coppock Curve (creator); Momentum (long-term momentum),動量、超買超賣、背離與趨勢強弱,"momentum, overbought/oversold conditions, divergence, and trend strength",原文題名：Coppock Curve（1962）；參考來源：https://en.wikipedia.org/wiki/Coppock_curve；參考來源：https://www.incrediblecharts.com/indicators/coppock_indicator.php；參考來源：https://www.investopedia.com/articles/active-trading/031814/using-coppock-curve-generate-stock-trade-signals.asp,Coppock Curve (1962); Reference source: https://en.wikipedia.org/wiki/Coppock_curve; Reference source: https://www.incrediblecharts.com/indicators/coppock_indicator.php; Reference source: https://www.investopedia.com/articles/active-trading/031814/using-coppock-curve-generate-stock-trade-signals.asp,艾德溫・科波克（Edwin S. Coppock）定位為技術指標創作者。研究/貢獻重點集中在Coppock 曲線（創始者）；動量（長期動量）。代表資料包括原文題名：Coppock Curve（1962）；參考來源：https://en.wikipedia.org/wiki/Coppock_curve；參考來源：https://www.incrediblecharts.com/indicators/coppock_indicator.php；參考來源：https://www.investopedia.com/articles/active-trading/031814/using-coppock-curve-generate-stock-trade-signals.asp。可用於動量、超買超賣、背離與趨勢強弱。,"Edwin S. Coppock (艾德溫・科波克) is classified as a Indicator creator. The research/contribution focus is Coppock Curve (creator); Momentum (long-term momentum). Representative materials include Coppock Curve (1962); Reference source: https://en.wikipedia.org/wiki/Coppock_curve; Reference source: https://www.incrediblecharts.com/indicators/coppock_indicator.php; Reference source: https://www.investopedia.com/articles/active-trading/031814/using-coppock-curve-generate-stock-trade-signals.asp. The work is useful for momentum, overbought/oversold conditions, divergence, and trend strength.",4,3,0,0,0,4 筆研究材料；3 個不同來源；0 筆高證據等級；書籍 0 筆；論文/文章 0 筆。,4 research materials; 3 distinct sources; 0 high-evidence records; 0 book records; 0 paper/article records.,專題權威,Specialized authority,Coppock 曲線,Coppock Curve,1,1,0,1,優先用於：動量、超買超賣、背離與趨勢強弱。,"Best used for: momentum, overbought/oversold conditions, divergence, and trend strength.",艾德溫・科波克在完整資料庫中屬於專題權威，可從其代表材料與優勝指標交叉研究。,Edwin S. Coppock is a Specialized authority in the complete database; study the representative materials together with the winning indicators.
tom-demark,34,湯姆・迪馬克,Tom DeMark,United States,,指標創作者、機構顧問,indicator_creator,技術指標創作者,Indicator creator,24,DeMark 指標（創始者）；市場時機（市場時機）,DeMARK Indicators (creator); Market Timing (market timing),市場時機、轉折與進出場判斷,"market timing, turns, and entry/exit decisions",《技術分析新科學》（1994）；原文題名：DeMARK Indicators；參考來源：https://demark.com/about/；參考來源：https://demark.com/demark-indicators/,The New Science of Technical Analysis (1994); DeMARK Indicators; Reference source: https://demark.com/about/; Reference source: https://demark.com/demark-indicators/,湯姆・迪馬克（Tom DeMark）定位為技術指標創作者。研究/貢獻重點集中在DeMark 指標（創始者）；市場時機（市場時機）。代表資料包括《技術分析新科學》（1994）；原文題名：DeMARK Indicators；參考來源：https://demark.com/about/；參考來源：https://demark.com/demark-indicators/。可用於市場時機、轉折與進出場判斷。,"Tom DeMark (湯姆・迪馬克) is classified as a Indicator creator. The research/contribution focus is DeMARK Indicators (creator); Market Timing (market timing). Representative materials include The New Science of Technical Analysis (1994); DeMARK Indicators; Reference source: https://demark.com/about/; Reference source: https://demark.com/demark-indicators/. The work is useful for market timing, turns, and entry/exit decisions.",4,2,0,1,0,4 筆研究材料；2 個不同來源；0 筆高證據等級；書籍 1 筆；論文/文章 0 筆。,4 research materials; 2 distinct sources; 0 high-evidence records; 1 book records; 0 paper/article records.,核心權威,Core authority,DeMark 指標；市場時機,DeMARK Indicators; Market Timing,2,2,0,0,優先用於：市場時機、轉折與進出場判斷。,"Best used for: market timing, turns, and entry/exit decisions.",湯姆・迪馬克在完整資料庫中屬於核心權威，可從其代表材料與優勝指標交叉研究。,Tom DeMark is a Core authority in the complete database; study the representative materials together with the winning indicators.
alexander-elder,35,亞歷山大・艾爾德,Alexander Elder,United States,1950-,交易者、心理醫師、作家,indicator_creator,技術指標創作者,Indicator creator,24,Elder-Ray（創始者）；Force Index（創始者）；交易系統（Triple Screen）,Elder-Ray Index (creator); Force Index (creator); Trading Systems (Triple Screen),動量、超買超賣、背離與趨勢強弱；量價關係、資金流與供需分析；系統交易、規則設計與回測流程,"momentum, overbought/oversold conditions, divergence, and trend strength; price-volume relationships, money flow, and supply/demand; systematic trading, rule design, and backtesting",《以交易為生》（1993）；參考來源：https://www.investopedia.com/articles/trading/03/022603.asp,Trading for a Living (1993); Reference source: https://www.investopedia.com/articles/trading/03/022603.asp,亞歷山大・艾爾德（Alexander Elder）定位為技術指標創作者。研究/貢獻重點集中在Elder-Ray（創始者）；Force Index（創始者）；交易系統（Triple Screen）。代表資料包括《以交易為生》（1993）；參考來源：https://www.investopedia.com/articles/trading/03/022603.asp。可用於動量、超買超賣、背離與趨勢強弱；量價關係、資金流與供需分析；系統交易、規則設計與回測流程。,"Alexander Elder (亞歷山大・艾爾德) is classified as a Indicator creator. The research/contribution focus is Elder-Ray Index (creator); Force Index (creator); Trading Systems (Triple Screen). Representative materials include Trading for a Living (1993); Reference source: https://www.investopedia.com/articles/trading/03/022603.asp. The work is useful for momentum, overbought/oversold conditions, divergence, and trend strength; price-volume relationships, money flow, and supply/demand; systematic trading, rule design, and backtesting.",2,2,1,1,0,2 筆研究材料；2 個不同來源；1 筆高證據等級；書籍 1 筆；論文/文章 0 筆。,2 research materials; 2 distinct sources; 1 high-evidence records; 1 book records; 0 paper/article records.,核心權威,Core authority,Elder-Ray；Force Index,Elder-Ray Index; Force Index,2,2,0,1,優先用於：動量、超買超賣、背離與趨勢強弱；量價關係、資金流與供需分析；系統交易、規則設計與回測流程。,"Best used for: momentum, overbought/oversold conditions, divergence, and trend strength; price-volume relationships, money flow, and supply/demand; systematic trading, rule design, and backtesting.",亞歷山大・艾爾德在完整資料庫中屬於核心權威，可從其代表材料與優勝指標交叉研究。,Alexander Elder is a Core authority in the complete database; study the representative materials together with the winning indicators.
steve-nison,36,史蒂夫・尼森,Steve Nison,United States,,K 線技術分析作家,author,經典著作作者,Classic author,23,K 線 / 蠟燭圖（西方推廣者）；圖表型態（K 線型態）,Candlestick Charting (Western popularizer); Chart Patterns (candlestick patterns),圖表型態、價格結構與支撐阻力,"chart patterns, price structure, and support/resistance",《日本蠟燭圖技術》（1991）；參考來源：https://candlecharts.com/about-steve-nison/；參考來源：https://openlibrary.org/books/OL1864784M/Japanese_candlestick_charting_techniques；參考來源：https://www.amazon.com/Japanese-Candlestick-Charting-Techniques-Second/dp/0735201811,Japanese Candlestick Charting Techniques (1991); Reference source: https://candlecharts.com/about-steve-nison/; Reference source: https://openlibrary.org/books/OL1864784M/Japanese_candlestick_charting_techniques; Reference source: https://www.amazon.com/Japanese-Candlestick-Charting-Techniques-Second/dp/0735201811,史蒂夫・尼森（Steve Nison）定位為經典著作作者。研究/貢獻重點集中在K 線 / 蠟燭圖（西方推廣者）；圖表型態（K 線型態）。代表資料包括《日本蠟燭圖技術》（1991）；參考來源：https://candlecharts.com/about-steve-nison/；參考來源：https://openlibrary.org/books/OL1864784M/Japanese_candlestick_charting_techniques；參考來源：https://www.amazon.com/Japanese-Candlestick-Charting-Techniques-Second/dp/0735201811。可用於圖表型態、價格結構與支撐阻力。,"Steve Nison (史蒂夫・尼森) is classified as a Classic author. The research/contribution focus is Candlestick Charting (Western popularizer); Chart Patterns (candlestick patterns). Representative materials include Japanese Candlestick Charting Techniques (1991); Reference source: https://candlecharts.com/about-steve-nison/; Reference source: https://openlibrary.org/books/OL1864784M/Japanese_candlestick_charting_techniques; Reference source: https://www.amazon.com/Japanese-Candlestick-Charting-Techniques-Second/dp/0735201811. The work is useful for chart patterns, price structure, and support/resistance.",4,3,0,1,0,4 筆研究材料；3 個不同來源；0 筆高證據等級；書籍 1 筆；論文/文章 0 筆。,4 research materials; 3 distinct sources; 0 high-evidence records; 1 book records; 0 paper/article records.,重要權威,Major authority,K 線 / 蠟燭圖,Candlestick Charting,1,1,0,0,優先用於：圖表型態、價格結構與支撐阻力。,"Best used for: chart patterns, price structure, and support/resistance.",史蒂夫・尼森在完整資料庫中屬於重要權威，可從其代表材料與優勝指標交叉研究。,Steve Nison is a Major authority in the complete database; study the representative materials together with the winning indicators.
goichi-hosoda,37,細田悟一,Goichi Hosoda,Japan,1898-1982,一目均衡表創始者、記者,indicator_creator,技術指標創作者,Indicator creator,22,一目均衡表（創始者）；趨勢跟隨（趨勢/支撐阻力）,Ichimoku Kinko Hyo (creator); Trend Following (trend and support/resistance),趨勢辨識、均線、通道與趨勢跟隨,"trend identification, moving averages, channels, and trend following",《一目均衡表》（1969）；參考來源：https://www.investopedia.com/terms/i/ichimoku-cloud.asp；參考來源：https://www.swissquote.com/en-ch/private/inspire/blog/technical-analysis/what-ichimoku-kinko-hyo-trading-method,Ichimoku Kinko Hyo (1969); Reference source: https://www.investopedia.com/terms/i/ichimoku-cloud.asp; Reference source: https://www.swissquote.com/en-ch/private/inspire/blog/technical-analysis/what-ichimoku-kinko-hyo-trading-method,細田悟一（Goichi Hosoda）定位為技術指標創作者。研究/貢獻重點集中在一目均衡表（創始者）；趨勢跟隨（趨勢/支撐阻力）。代表資料包括《一目均衡表》（1969）；參考來源：https://www.investopedia.com/terms/i/ichimoku-cloud.asp；參考來源：https://www.swissquote.com/en-ch/private/inspire/blog/technical-analysis/what-ichimoku-kinko-hyo-trading-method。可用於趨勢辨識、均線、通道與趨勢跟隨。,"Goichi Hosoda (細田悟一) is classified as a Indicator creator. The research/contribution focus is Ichimoku Kinko Hyo (creator); Trend Following (trend and support/resistance). Representative materials include Ichimoku Kinko Hyo (1969); Reference source: https://www.investopedia.com/terms/i/ichimoku-cloud.asp; Reference source: https://www.swissquote.com/en-ch/private/inspire/blog/technical-analysis/what-ichimoku-kinko-hyo-trading-method. The work is useful for trend identification, moving averages, channels, and trend following.",3,2,0,1,0,3 筆研究材料；2 個不同來源；0 筆高證據等級；書籍 1 筆；論文/文章 0 筆。,3 research materials; 2 distinct sources; 0 high-evidence records; 1 book records; 0 paper/article records.,重要權威,Major authority,一目均衡表,Ichimoku Kinko Hyo,1,1,0,1,優先用於：趨勢辨識、均線、通道與趨勢跟隨。,"Best used for: trend identification, moving averages, channels, and trend following.",細田悟一在完整資料庫中屬於重要權威，可從其代表材料與優勝指標交叉研究。,Goichi Hosoda is a Major authority in the complete database; study the representative materials together with the winning indicators.
munehisa-homma,38,本間宗久,Munehisa Homma,Japan,1724-1803,米商、蠟燭圖傳統人物,foundation,理論奠基者,Foundational theorist,18,K 線 / 蠟燭圖（歷史源流）；價格行為（市場心理）,Candlestick Charting (historical origin); Price Action (market psychology),圖表型態、價格結構與支撐阻力,"chart patterns, price structure, and support/resistance",原文題名：Sakata Rules；參考來源：https://en.wikipedia.org/wiki/Munehisa_Homma；參考來源：https://ftmo.com/en/blog/technical-analysis-history-of-candlestick-charts/；參考來源：https://www.hotcandlestick.com/candlesticks.htm,Sakata Rules; Reference source: https://en.wikipedia.org/wiki/Munehisa_Homma; Reference source: https://ftmo.com/en/blog/technical-analysis-history-of-candlestick-charts/; Reference source: https://www.hotcandlestick.com/candlesticks.htm,本間宗久（Munehisa Homma）定位為理論奠基者。研究/貢獻重點集中在K 線 / 蠟燭圖（歷史源流）；價格行為（市場心理）。代表資料包括原文題名：Sakata Rules；參考來源：https://en.wikipedia.org/wiki/Munehisa_Homma；參考來源：https://ftmo.com/en/blog/technical-analysis-history-of-candlestick-charts/；參考來源：https://www.hotcandlestick.com/candlesticks.htm。可用於圖表型態、價格結構與支撐阻力。,"Munehisa Homma (本間宗久) is classified as a Foundational theorist. The research/contribution focus is Candlestick Charting (historical origin); Price Action (market psychology). Representative materials include Sakata Rules; Reference source: https://en.wikipedia.org/wiki/Munehisa_Homma; Reference source: https://ftmo.com/en/blog/technical-analysis-history-of-candlestick-charts/; Reference source: https://www.hotcandlestick.com/candlesticks.htm. The work is useful for chart patterns, price structure, and support/resistance.",4,3,0,0,0,4 筆研究材料；3 個不同來源；0 筆高證據等級；書籍 0 筆；論文/文章 0 筆。,4 research materials; 3 distinct sources; 0 high-evidence records; 0 book records; 0 paper/article records.,專題權威,Specialized authority,價格行為,Price Action,1,1,0,0,優先用於：圖表型態、價格結構與支撐阻力。,"Best used for: chart patterns, price structure, and support/resistance.",本間宗久在完整資料庫中屬於專題權威，可從其代表材料與優勝指標交叉研究。,Munehisa Homma is a Specialized authority in the complete database; study the representative materials together with the winning indicators.
thomas-n-bulkowski,39,湯瑪斯・布考斯基,Thomas N. Bulkowski,United States,,圖表型態統計作者,author_researcher,著作與研究兼具,Author-researcher,23,圖表型態（統計研究者）；K 線 / 蠟燭圖（型態統計）；回測與系統驗證（歷史樣本統計）,Chart Patterns (statistical researcher); Candlestick Charting (pattern statistics); Backtesting (historical sample statistics),圖表型態、價格結構與支撐阻力；實證檢驗、規則驗證與資料探勘風險控制,"chart patterns, price structure, and support/resistance; empirical testing, rule validation, and data-mining control",《圖表型態百科全書》（2000）；參考來源：https://thepatternsite.com/；參考來源：https://www.amazon.com/Encyclopedia-Chart-Patterns-Thomas-Bulkowski/dp/0471668265,Encyclopedia of Chart Patterns (2000); Reference source: https://thepatternsite.com/; Reference source: https://www.amazon.com/Encyclopedia-Chart-Patterns-Thomas-Bulkowski/dp/0471668265,湯瑪斯・布考斯基（Thomas N. Bulkowski）定位為著作與研究兼具。研究/貢獻重點集中在圖表型態（統計研究者）；K 線 / 蠟燭圖（型態統計）；回測與系統驗證（歷史樣本統計）。代表資料包括《圖表型態百科全書》（2000）；參考來源：https://thepatternsite.com/；參考來源：https://www.amazon.com/Encyclopedia-Chart-Patterns-Thomas-Bulkowski/dp/0471668265。可用於圖表型態、價格結構與支撐阻力；實證檢驗、規則驗證與資料探勘風險控制。,"Thomas N. Bulkowski (湯瑪斯・布考斯基) is classified as a Author-researcher. The research/contribution focus is Chart Patterns (statistical researcher); Candlestick Charting (pattern statistics); Backtesting (historical sample statistics). Representative materials include Encyclopedia of Chart Patterns (2000); Reference source: https://thepatternsite.com/; Reference source: https://www.amazon.com/Encyclopedia-Chart-Patterns-Thomas-Bulkowski/dp/0471668265. The work is useful for chart patterns, price structure, and support/resistance; empirical testing, rule validation, and data-mining control.",3,2,1,1,0,3 筆研究材料；2 個不同來源；1 筆高證據等級；書籍 1 筆；論文/文章 0 筆。,3 research materials; 2 distinct sources; 1 high-evidence records; 1 book records; 0 paper/article records.,重要權威,Major authority,圖表型態,Chart Patterns,1,1,0,2,優先用於：圖表型態、價格結構與支撐阻力；實證檢驗、規則驗證與資料探勘風險控制。,"Best used for: chart patterns, price structure, and support/resistance; empirical testing, rule validation, and data-mining control.",湯瑪斯・布考斯基在完整資料庫中屬於重要權威，可從其代表材料與優勝指標交叉研究。,Thomas N. Bulkowski is a Major authority in the complete database; study the representative materials together with the winning indicators.
louise-yamada,40,路易絲・山田,Louise Yamada,United States,,CMT、機構技術分析師,practitioner,實戰交易代表,Market practitioner,20,相對強弱 / 強勢股篩選（機構技術研究）；趨勢跟隨（長期趨勢）；支撐阻力（長期底部/頂部）,Relative Strength (機構技術研究); Trend Following (long-term trend analysis); Support and Resistance (long-term tops/bottoms),股票選股、相對強弱與成長股篩選；趨勢辨識、均線、通道與趨勢跟隨；圖表型態、價格結構與支撐阻力,"stock selection, relative strength, and growth-stock screening; trend identification, moving averages, channels, and trend following; chart patterns, price structure, and support/resistance",《市場魔法》（1998）；參考來源：https://cmtassociation.org/presenter/louise-yamada/；參考來源：https://www.lyadvisors.com/,Market Magic: Riding the Greatest Bull Market of the Century (1998); Reference source: https://cmtassociation.org/presenter/louise-yamada/; Reference source: https://www.lyadvisors.com/,路易絲・山田（Louise Yamada）定位為實戰交易代表。研究/貢獻重點集中在相對強弱 / 強勢股篩選（機構技術研究）；趨勢跟隨（長期趨勢）；支撐阻力（長期底部/頂部）。代表資料包括《市場魔法》（1998）；參考來源：https://cmtassociation.org/presenter/louise-yamada/；參考來源：https://www.lyadvisors.com/。可用於股票選股、相對強弱與成長股篩選；趨勢辨識、均線、通道與趨勢跟隨；圖表型態、價格結構與支撐阻力。,"Louise Yamada (路易絲・山田) is classified as a Market practitioner. The research/contribution focus is Relative Strength (機構技術研究); Trend Following (long-term trend analysis); Support and Resistance (long-term tops/bottoms). Representative materials include Market Magic: Riding the Greatest Bull Market of the Century (1998); Reference source: https://cmtassociation.org/presenter/louise-yamada/; Reference source: https://www.lyadvisors.com/. The work is useful for stock selection, relative strength, and growth-stock screening; trend identification, moving averages, channels, and trend following; chart patterns, price structure, and support/resistance.",3,2,2,1,0,3 筆研究材料；2 個不同來源；2 筆高證據等級；書籍 1 筆；論文/文章 0 筆。,3 research materials; 2 distinct sources; 2 high-evidence records; 1 book records; 0 paper/article records.,專題權威,Specialized authority,,,0,0,0,0,優先用於：股票選股、相對強弱與成長股篩選；趨勢辨識、均線、通道與趨勢跟隨；圖表型態、價格結構與支撐阻力。,"Best used for: stock selection, relative strength, and growth-stock screening; trend identification, moving averages, channels, and trend following; chart patterns, price structure, and support/resistance.",路易絲・山田在完整資料庫中屬於專題權威，可從其代表材料與優勝指標交叉研究。,Louise Yamada is a Specialized authority in the complete database; study the representative materials together with the winning indicators.
ralph-acampora,41,拉爾夫・阿坎波拉,Ralph Acampora,United States,,技術分析師、教育者,practitioner,實戰交易代表,Market practitioner,20,趨勢跟隨（市場歷史）；圖表型態（教育者）；道氏理論（市場技術史）,Trend Following (market history); Chart Patterns (educator); Dow Theory (technical market history),趨勢辨識、均線、通道與趨勢跟隨；圖表型態、價格結構與支撐阻力；技術分析基本理論與市場趨勢框架,"trend identification, moving averages, channels, and trend following; chart patterns, price structure, and support/resistance; core technical-analysis theory and trend frameworks",《第四次超級市場》（2000）；參考來源：https://www.nyif.com/faculties/acampora-ralph,The Fourth Mega-Market (2000); Reference source: https://www.nyif.com/faculties/acampora-ralph,拉爾夫・阿坎波拉（Ralph Acampora）定位為實戰交易代表。研究/貢獻重點集中在趨勢跟隨（市場歷史）；圖表型態（教育者）；道氏理論（市場技術史）。代表資料包括《第四次超級市場》（2000）；參考來源：https://www.nyif.com/faculties/acampora-ralph。可用於趨勢辨識、均線、通道與趨勢跟隨；圖表型態、價格結構與支撐阻力；技術分析基本理論與市場趨勢框架。,"Ralph Acampora (拉爾夫・阿坎波拉) is classified as a Market practitioner. The research/contribution focus is Trend Following (market history); Chart Patterns (educator); Dow Theory (technical market history). Representative materials include The Fourth Mega-Market (2000); Reference source: https://www.nyif.com/faculties/acampora-ralph. The work is useful for trend identification, moving averages, channels, and trend following; chart patterns, price structure, and support/resistance; core technical-analysis theory and trend frameworks.",2,2,1,1,0,2 筆研究材料；2 個不同來源；1 筆高證據等級；書籍 1 筆；論文/文章 0 筆。,2 research materials; 2 distinct sources; 1 high-evidence records; 1 book records; 0 paper/article records.,專題權威,Specialized authority,,,0,0,0,0,優先用於：趨勢辨識、均線、通道與趨勢跟隨；圖表型態、價格結構與支撐阻力；技術分析基本理論與市場趨勢框架。,"Best used for: trend identification, moving averages, channels, and trend following; chart patterns, price structure, and support/resistance; core technical-analysis theory and trend frameworks.",拉爾夫・阿坎波拉在完整資料庫中屬於專題權威，可從其代表材料與優勝指標交叉研究。,Ralph Acampora is a Specialized authority in the complete database; study the representative materials together with the winning indicators.
robert-prechter,42,羅伯特・普萊切特,Robert Prechter,United States,1949-,艾略特波浪分析師、作家,author,經典著作作者,Classic author,23,艾略特波浪（推廣者/作者）；市場情緒（社會情緒與市場）,Elliott Wave (promoter/author); Sentiment (social mood and markets),波浪、分形結構與時間價格路徑；市場情緒、逆向指標與群眾心理,"waves, fractal structure, and time-price paths; sentiment, contrarian indicators, and crowd psychology",《艾略特波浪原理》（1978）；參考來源：https://en.wikipedia.org/wiki/Robert_Prechter；參考來源：https://www.amazon.com/Elliott-Wave-Principle-Key-Market/dp/1616041374,Elliott Wave Principle (1978); Reference source: https://en.wikipedia.org/wiki/Robert_Prechter; Reference source: https://www.amazon.com/Elliott-Wave-Principle-Key-Market/dp/1616041374,羅伯特・普萊切特（Robert Prechter）定位為經典著作作者。研究/貢獻重點集中在艾略特波浪（推廣者/作者）；市場情緒（社會情緒與市場）。代表資料包括《艾略特波浪原理》（1978）；參考來源：https://en.wikipedia.org/wiki/Robert_Prechter；參考來源：https://www.amazon.com/Elliott-Wave-Principle-Key-Market/dp/1616041374。可用於波浪、分形結構與時間價格路徑；市場情緒、逆向指標與群眾心理。,"Robert Prechter (羅伯特・普萊切特) is classified as a Classic author. The research/contribution focus is Elliott Wave (promoter/author); Sentiment (social mood and markets). Representative materials include Elliott Wave Principle (1978); Reference source: https://en.wikipedia.org/wiki/Robert_Prechter; Reference source: https://www.amazon.com/Elliott-Wave-Principle-Key-Market/dp/1616041374. The work is useful for waves, fractal structure, and time-price paths; sentiment, contrarian indicators, and crowd psychology.",3,2,1,1,0,3 筆研究材料；2 個不同來源；1 筆高證據等級；書籍 1 筆；論文/文章 0 筆。,3 research materials; 2 distinct sources; 1 high-evidence records; 1 book records; 0 paper/article records.,重要權威,Major authority,,,0,0,0,1,優先用於：波浪、分形結構與時間價格路徑；市場情緒、逆向指標與群眾心理。,"Best used for: waves, fractal structure, and time-price paths; sentiment, contrarian indicators, and crowd psychology.",羅伯特・普萊切特在完整資料庫中屬於重要權威，可從其代表材料與優勝指標交叉研究。,Robert Prechter is a Major authority in the complete database; study the representative materials together with the winning indicators.
a-j-frost,43,A・J・佛羅斯特,A. J. Frost,Canada,1908-1999,艾略特波浪作者,author,經典著作作者,Classic author,20,艾略特波浪（經典教材共同作者）,Elliott Wave (classic textbook co-author),波浪、分形結構與時間價格路徑,"waves, fractal structure, and time-price paths",《艾略特波浪原理》（1978）；參考來源：https://www.amazon.com/Elliott-Wave-Principle-Key-Market/dp/1616041374；參考來源：https://www.elliottwave.com/books/elliott-wave-principle/,Elliott Wave Principle (1978); Reference source: https://www.amazon.com/Elliott-Wave-Principle-Key-Market/dp/1616041374; Reference source: https://www.elliottwave.com/books/elliott-wave-principle/,A・J・佛羅斯特（A. J. Frost）定位為經典著作作者。研究/貢獻重點集中在艾略特波浪（經典教材共同作者）。代表資料包括《艾略特波浪原理》（1978）；參考來源：https://www.amazon.com/Elliott-Wave-Principle-Key-Market/dp/1616041374；參考來源：https://www.elliottwave.com/books/elliott-wave-principle/。可用於波浪、分形結構與時間價格路徑。,"A. J. Frost (A・J・佛羅斯特) is classified as a Classic author. The research/contribution focus is Elliott Wave (classic textbook co-author). Representative materials include Elliott Wave Principle (1978); Reference source: https://www.amazon.com/Elliott-Wave-Principle-Key-Market/dp/1616041374; Reference source: https://www.elliottwave.com/books/elliott-wave-principle/. The work is useful for waves, fractal structure, and time-price paths.",3,2,1,1,0,3 筆研究材料；2 個不同來源；1 筆高證據等級；書籍 1 筆；論文/文章 0 筆。,3 research materials; 2 distinct sources; 1 high-evidence records; 1 book records; 0 paper/article records.,專題權威,Specialized authority,,,0,0,0,1,優先用於：波浪、分形結構與時間價格路徑。,"Best used for: waves, fractal structure, and time-price paths.",A・J・佛羅斯特在完整資料庫中屬於專題權威，可從其代表材料與優勝指標交叉研究。,A. J. Frost is a Specialized authority in the complete database; study the representative materials together with the winning indicators.
glenn-neely,44,格倫・尼利,Glenn Neely,United States,,艾略特波浪分析師、作家,author,經典著作作者,Classic author,20,艾略特波浪（規則化作者）；交易系統（波浪規則）,Elliott Wave (規則化作者); Trading Systems (wave rules),波浪、分形結構與時間價格路徑；系統交易、規則設計與回測流程,"waves, fractal structure, and time-price paths; systematic trading, rule design, and backtesting",《精通艾略特波浪》（1990）；參考來源：https://glennneely.com/；參考來源：https://www.amazon.com/Mastering-Elliott-Wave-Glenn-Neely/dp/0930233441；參考來源：https://www.neowave.com/product-book.asp,Mastering Elliott Wave (1990); Reference source: https://glennneely.com/; Reference source: https://www.amazon.com/Mastering-Elliott-Wave-Glenn-Neely/dp/0930233441; Reference source: https://www.neowave.com/product-book.asp,格倫・尼利（Glenn Neely）定位為經典著作作者。研究/貢獻重點集中在艾略特波浪（規則化作者）；交易系統（波浪規則）。代表資料包括《精通艾略特波浪》（1990）；參考來源：https://glennneely.com/；參考來源：https://www.amazon.com/Mastering-Elliott-Wave-Glenn-Neely/dp/0930233441；參考來源：https://www.neowave.com/product-book.asp。可用於波浪、分形結構與時間價格路徑；系統交易、規則設計與回測流程。,"Glenn Neely (格倫・尼利) is classified as a Classic author. The research/contribution focus is Elliott Wave (規則化作者); Trading Systems (wave rules). Representative materials include Mastering Elliott Wave (1990); Reference source: https://glennneely.com/; Reference source: https://www.amazon.com/Mastering-Elliott-Wave-Glenn-Neely/dp/0930233441; Reference source: https://www.neowave.com/product-book.asp. The work is useful for waves, fractal structure, and time-price paths; systematic trading, rule design, and backtesting.",4,3,1,1,0,4 筆研究材料；3 個不同來源；1 筆高證據等級；書籍 1 筆；論文/文章 0 筆。,4 research materials; 3 distinct sources; 1 high-evidence records; 1 book records; 0 paper/article records.,專題權威,Specialized authority,,,0,0,0,1,優先用於：波浪、分形結構與時間價格路徑；系統交易、規則設計與回測流程。,"Best used for: waves, fractal structure, and time-price paths; systematic trading, rule design, and backtesting.",格倫・尼利在完整資料庫中屬於專題權威，可從其代表材料與優勝指標交叉研究。,Glenn Neely is a Specialized authority in the complete database; study the representative materials together with the winning indicators.
edson-gould,45,艾德森・古爾德,Edson Gould,United States,1902-1987,市場技術分析師,foundation,理論奠基者,Foundational theorist,19,市場情緒（情緒/心理指標）；市場寬度（市場指標）；趨勢跟隨（長期市場判斷）,Sentiment (sentiment/psychology indicators); Market Breadth (market indicators); Trend Following (long-term market judgment),市場情緒、逆向指標與群眾心理；市場寬度、內部強弱與指數健康度判讀；趨勢辨識、均線、通道與趨勢跟隨,"sentiment, contrarian indicators, and crowd psychology; market breadth, internal strength, and index health; trend identification, moving averages, channels, and trend following",原文題名：Findings & Forecasts；參考來源：https://chartschool.stockcharts.com/table-of-contents/chart-analysis/chart-annotation-tools/speed-resistance-lines；參考來源：https://www.investopedia.com/articles/financial-theory/10/pioneers-technical-analysis.asp；參考來源：https://www.mcoscillator.com/learning_center/weekly_chart/edson_goulds_daily_point_index/,Findings & Forecasts; Reference source: https://chartschool.stockcharts.com/table-of-contents/chart-analysis/chart-annotation-tools/speed-resistance-lines; Reference source: https://www.investopedia.com/articles/financial-theory/10/pioneers-technical-analysis.asp; Reference source: https://www.mcoscillator.com/learning_center/weekly_chart/edson_goulds_daily_point_index/,艾德森・古爾德（Edson Gould）定位為理論奠基者。研究/貢獻重點集中在市場情緒（情緒/心理指標）；市場寬度（市場指標）；趨勢跟隨（長期市場判斷）。代表資料包括原文題名：Findings & Forecasts；參考來源：https://chartschool.stockcharts.com/table-of-contents/chart-analysis/chart-annotation-tools/speed-resistance-lines；參考來源：https://www.investopedia.com/articles/financial-theory/10/pioneers-technical-analysis.asp；參考來源：https://www.mcoscillator.com/learning_center/weekly_chart/edson_goulds_daily_point_index/。可用於市場情緒、逆向指標與群眾心理；市場寬度、內部強弱與指數健康度判讀；趨勢辨識、均線、通道與趨勢跟隨。,"Edson Gould (艾德森・古爾德) is classified as a Foundational theorist. The research/contribution focus is Sentiment (sentiment/psychology indicators); Market Breadth (market indicators); Trend Following (long-term market judgment). Representative materials include Findings & Forecasts; Reference source: https://chartschool.stockcharts.com/table-of-contents/chart-analysis/chart-annotation-tools/speed-resistance-lines; Reference source: https://www.investopedia.com/articles/financial-theory/10/pioneers-technical-analysis.asp; Reference source: https://www.mcoscillator.com/learning_center/weekly_chart/edson_goulds_daily_point_index/. The work is useful for sentiment, contrarian indicators, and crowd psychology; market breadth, internal strength, and index health; trend identification, moving averages, channels, and trend following.",4,3,0,0,0,4 筆研究材料；3 個不同來源；0 筆高證據等級；書籍 0 筆；論文/文章 0 筆。,4 research materials; 3 distinct sources; 0 high-evidence records; 0 book records; 0 paper/article records.,專題權威,Specialized authority,,,0,0,0,1,優先用於：市場情緒、逆向指標與群眾心理；市場寬度、內部強弱與指數健康度判讀；趨勢辨識、均線、通道與趨勢跟隨。,"Best used for: sentiment, contrarian indicators, and crowd psychology; market breadth, internal strength, and index health; trend identification, moving averages, channels, and trend following.",艾德森・古爾德在完整資料庫中屬於專題權威，可從其代表材料與優勝指標交叉研究。,Edson Gould is a Specialized authority in the complete database; study the representative materials together with the winning indicators.
paul-desmond,46,保羅・德斯蒙德,Paul Desmond,United States,,市場技術研究者,researcher,技術研究者,Technical researcher,20,市場寬度（熊市底部研究）；市場情緒（市場底部）；道氏理論（Dow Award 得主）,Market Breadth (bear-market bottom research); Sentiment (market bottoms); Dow Theory (Dow Award winner),市場寬度、內部強弱與指數健康度判讀；市場情緒、逆向指標與群眾心理；技術分析基本理論與市場趨勢框架,"market breadth, internal strength, and index health; sentiment, contrarian indicators, and crowd psychology; core technical-analysis theory and trend frameworks",原文題名：Identifying Bear Market Bottoms and New Bull Markets（2002）；參考來源：https://cmtassociation.org/association/award-recognizing/charles-h-dow-award/,Identifying Bear Market Bottoms and New Bull Markets (2002); Reference source: https://cmtassociation.org/association/award-recognizing/charles-h-dow-award/,保羅・德斯蒙德（Paul Desmond）定位為技術研究者。研究/貢獻重點集中在市場寬度（熊市底部研究）；市場情緒（市場底部）；道氏理論（Dow Award 得主）。代表資料包括原文題名：Identifying Bear Market Bottoms and New Bull Markets（2002）；參考來源：https://cmtassociation.org/association/award-recognizing/charles-h-dow-award/。可用於市場寬度、內部強弱與指數健康度判讀；市場情緒、逆向指標與群眾心理；技術分析基本理論與市場趨勢框架。,"Paul Desmond (保羅・德斯蒙德) is classified as a Technical researcher. The research/contribution focus is Market Breadth (bear-market bottom research); Sentiment (market bottoms); Dow Theory (Dow Award winner). Representative materials include Identifying Bear Market Bottoms and New Bull Markets (2002); Reference source: https://cmtassociation.org/association/award-recognizing/charles-h-dow-award/. The work is useful for market breadth, internal strength, and index health; sentiment, contrarian indicators, and crowd psychology; core technical-analysis theory and trend frameworks.",2,2,2,0,1,2 筆研究材料；2 個不同來源；2 筆高證據等級；書籍 0 筆；論文/文章 1 筆。,2 research materials; 2 distinct sources; 2 high-evidence records; 0 book records; 1 paper/article records.,專題權威,Specialized authority,,,0,0,0,1,優先用於：市場寬度、內部強弱與指數健康度判讀；市場情緒、逆向指標與群眾心理；技術分析基本理論與市場趨勢框架。,"Best used for: market breadth, internal strength, and index health; sentiment, contrarian indicators, and crowd psychology; core technical-analysis theory and trend frameworks.",保羅・德斯蒙德在完整資料庫中屬於專題權威，可從其代表材料與優勝指標交叉研究。,Paul Desmond is a Specialized authority in the complete database; study the representative materials together with the winning indicators.
richard-russell,47,理查・羅素,Richard Russell,United States,1924-2015,Dow Theory Letters 作者,practitioner,實戰交易代表,Market practitioner,19,道氏理論（長期推廣者）；趨勢跟隨（市場趨勢）,Dow Theory (long-term promoter); Trend Following (market trend analysis),技術分析基本理論與市場趨勢框架；趨勢辨識、均線、通道與趨勢跟隨,"core technical-analysis theory and trend frameworks; trend identification, moving averages, channels, and trend following",原文題名：Dow Theory Letters（1958）；參考來源：https://en.wikipedia.org/wiki/Richard_Russell_(Dow_Theory)；參考來源：https://www.fa-mag.com/news/richard-russell--publisher-of-dow-theory-letters--dies-at-91-23996.html?print=；參考來源：https://www.trendfollowing.com/2013/03/16/ep-109-richard-russell-and-dow-theory-with-michael-covel-on-trend-following-radio/,Dow Theory Letters (1958); Reference source: https://en.wikipedia.org/wiki/Richard_Russell_(Dow_Theory); Reference source: https://www.fa-mag.com/news/richard-russell--publisher-of-dow-theory-letters--dies-at-91-23996.html?print=; Reference source: https://www.trendfollowing.com/2013/03/16/ep-109-richard-russell-and-dow-theory-with-michael-covel-on-trend-following-radio/,理查・羅素（Richard Russell）定位為實戰交易代表。研究/貢獻重點集中在道氏理論（長期推廣者）；趨勢跟隨（市場趨勢）。代表資料包括原文題名：Dow Theory Letters（1958）；參考來源：https://en.wikipedia.org/wiki/Richard_Russell_(Dow_Theory)；參考來源：https://www.fa-mag.com/news/richard-russell--publisher-of-dow-theory-letters--dies-at-91-23996.html?print=；參考來源：https://www.trendfollowing.com/2013/03/16/ep-109-richard-russell-and-dow-theory-with-michael-covel-on-trend-following-radio/。可用於技術分析基本理論與市場趨勢框架；趨勢辨識、均線、通道與趨勢跟隨。,"Richard Russell (理查・羅素) is classified as a Market practitioner. The research/contribution focus is Dow Theory (long-term promoter); Trend Following (market trend analysis). Representative materials include Dow Theory Letters (1958); Reference source: https://en.wikipedia.org/wiki/Richard_Russell_(Dow_Theory); Reference source: https://www.fa-mag.com/news/richard-russell--publisher-of-dow-theory-letters--dies-at-91-23996.html?print=; Reference source: https://www.trendfollowing.com/2013/03/16/ep-109-richard-russell-and-dow-theory-with-michael-covel-on-trend-following-radio/. The work is useful for core technical-analysis theory and trend frameworks; trend identification, moving averages, channels, and trend following.",4,3,0,0,0,4 筆研究材料；3 個不同來源；0 筆高證據等級；書籍 0 筆；論文/文章 0 筆。,4 research materials; 3 distinct sources; 0 high-evidence records; 0 book records; 0 paper/article records.,專題權威,Specialized authority,,,0,0,0,1,優先用於：技術分析基本理論與市場趨勢框架；趨勢辨識、均線、通道與趨勢跟隨。,"Best used for: core technical-analysis theory and trend frameworks; trend identification, moving averages, channels, and trend following.",理查・羅素在完整資料庫中屬於專題權威，可從其代表材料與優勝指標交叉研究。,Richard Russell is a Specialized authority in the complete database; study the representative materials together with the winning indicators.
stan-weinstein,48,史坦・溫斯坦,Stan Weinstein,United States,,股票技術分析作家,author,經典著作作者,Classic author,21,四階段分析（創始/推廣者）；相對強弱 / 強勢股篩選（強勢股）；成交量分析（突破量能）,Stage Analysis (creator/promoter); Relative Strength (relative-strength stocks); Volume Analysis (breakout volume),趨勢辨識、均線、通道與趨勢跟隨；股票選股、相對強弱與成長股篩選；量價關係、資金流與供需分析,"trend identification, moving averages, channels, and trend following; stock selection, relative strength, and growth-stock screening; price-volume relationships, money flow, and supply/demand",《牛熊市場獲利祕訣》（1988）；參考來源：https://www.investopedia.com/articles/investing/070715/trading-stage-analysis.asp；參考來源：https://www.stageanalysis.net/,Secrets for Profiting in Bull and Bear Markets (1988); Reference source: https://www.investopedia.com/articles/investing/070715/trading-stage-analysis.asp; Reference source: https://www.stageanalysis.net/,史坦・溫斯坦（Stan Weinstein）定位為經典著作作者。研究/貢獻重點集中在四階段分析（創始/推廣者）；相對強弱 / 強勢股篩選（強勢股）；成交量分析（突破量能）。代表資料包括《牛熊市場獲利祕訣》（1988）；參考來源：https://www.investopedia.com/articles/investing/070715/trading-stage-analysis.asp；參考來源：https://www.stageanalysis.net/。可用於趨勢辨識、均線、通道與趨勢跟隨；股票選股、相對強弱與成長股篩選；量價關係、資金流與供需分析。,"Stan Weinstein (史坦・溫斯坦) is classified as a Classic author. The research/contribution focus is Stage Analysis (creator/promoter); Relative Strength (relative-strength stocks); Volume Analysis (breakout volume). Representative materials include Secrets for Profiting in Bull and Bear Markets (1988); Reference source: https://www.investopedia.com/articles/investing/070715/trading-stage-analysis.asp; Reference source: https://www.stageanalysis.net/. The work is useful for trend identification, moving averages, channels, and trend following; stock selection, relative strength, and growth-stock screening; price-volume relationships, money flow, and supply/demand.",3,2,0,1,0,3 筆研究材料；2 個不同來源；0 筆高證據等級；書籍 1 筆；論文/文章 0 筆。,3 research materials; 2 distinct sources; 0 high-evidence records; 1 book records; 0 paper/article records.,專題權威,Specialized authority,四階段分析,Stage Analysis,1,1,0,0,優先用於：趨勢辨識、均線、通道與趨勢跟隨；股票選股、相對強弱與成長股篩選；量價關係、資金流與供需分析。,"Best used for: trend identification, moving averages, channels, and trend following; stock selection, relative strength, and growth-stock screening; price-volume relationships, money flow, and supply/demand.",史坦・溫斯坦在完整資料庫中屬於專題權威，可從其代表材料與優勝指標交叉研究。,Stan Weinstein is a Specialized authority in the complete database; study the representative materials together with the winning indicators.
william-j-o-neil,49,威廉・歐尼爾,William J. O'Neil,United States,1933-2023,Investor's Business Daily 創辦人、作家,author_practitioner,作者兼實戰交易者,Author-practitioner,24,CAN SLIM（創始者）；杯柄形態（推廣/定義者）；相對強弱 / 強勢股篩選（成長股選股）,CAN SLIM (creator); Cup With Handle (promoter/definer); Relative Strength (growth-stock selection),股票選股、相對強弱與成長股篩選；圖表型態、價格結構與支撐阻力,"stock selection, relative strength, and growth-stock screening; chart patterns, price structure, and support/resistance",《如何在股票中賺錢》（1988）；參考來源：https://www.fidelity.com/learning-center/trading-investing/technical-analysis/technical-indicator-guide/cup-with-handle；參考來源：https://www.investopedia.com/terms/c/canslim.asp,How to Make Money in Stocks (1988); Reference source: https://www.fidelity.com/learning-center/trading-investing/technical-analysis/technical-indicator-guide/cup-with-handle; Reference source: https://www.investopedia.com/terms/c/canslim.asp,威廉・歐尼爾（William J. O'Neil）定位為作者兼實戰交易者。研究/貢獻重點集中在CAN SLIM（創始者）；杯柄形態（推廣/定義者）；相對強弱 / 強勢股篩選（成長股選股）。代表資料包括《如何在股票中賺錢》（1988）；參考來源：https://www.fidelity.com/learning-center/trading-investing/technical-analysis/technical-indicator-guide/cup-with-handle；參考來源：https://www.investopedia.com/terms/c/canslim.asp。可用於股票選股、相對強弱與成長股篩選；圖表型態、價格結構與支撐阻力。,"William J. O'Neil (威廉・歐尼爾) is classified as a Author-practitioner. The research/contribution focus is CAN SLIM (creator); Cup With Handle (promoter/definer); Relative Strength (growth-stock selection). Representative materials include How to Make Money in Stocks (1988); Reference source: https://www.fidelity.com/learning-center/trading-investing/technical-analysis/technical-indicator-guide/cup-with-handle; Reference source: https://www.investopedia.com/terms/c/canslim.asp. The work is useful for stock selection, relative strength, and growth-stock screening; chart patterns, price structure, and support/resistance.",3,2,0,1,0,3 筆研究材料；2 個不同來源；0 筆高證據等級；書籍 1 筆；論文/文章 0 筆。,3 research materials; 2 distinct sources; 0 high-evidence records; 1 book records; 0 paper/article records.,核心權威,Core authority,CAN SLIM；杯柄形態；相對強弱 / 強勢股篩選,CAN SLIM; Cup With Handle; Relative Strength,3,3,0,0,優先用於：股票選股、相對強弱與成長股篩選；圖表型態、價格結構與支撐阻力。,"Best used for: stock selection, relative strength, and growth-stock screening; chart patterns, price structure, and support/resistance.",威廉・歐尼爾在完整資料庫中屬於核心權威，可從其代表材料與優勝指標交叉研究。,William J. O'Neil is a Core authority in the complete database; study the representative materials together with the winning indicators.
mark-minervini,50,馬克・米勒維尼,Mark Minervini,United States,,股票交易者、作家,practitioner_author,實戰交易者兼作者,Practitioner-author,23,VCP 波動收縮形態（創始/推廣者）；相對強弱 / 強勢股篩選（SEPA 強勢股）；杯柄形態（成長股型態）,Volatility Contraction Pattern (creator/promoter); Relative Strength (SEPA relative-strength stocks); Cup With Handle (growth-stock pattern work),圖表型態、價格結構與支撐阻力；股票選股、相對強弱與成長股篩選,"chart patterns, price structure, and support/resistance; stock selection, relative strength, and growth-stock screening",《像股市魔法師一樣交易》（2013）；《像冠軍一樣思考與交易》（2017）；參考來源：https://trendspider.com/learning-center/volatility-contraction-pattern-vcp/,Trade Like a Stock Market Wizard (2013); Think and Trade Like a Champion (2017); Reference source: https://trendspider.com/learning-center/volatility-contraction-pattern-vcp/,馬克・米勒維尼（Mark Minervini）定位為實戰交易者兼作者。研究/貢獻重點集中在VCP 波動收縮形態（創始/推廣者）；相對強弱 / 強勢股篩選（SEPA 強勢股）；杯柄形態（成長股型態）。代表資料包括《像股市魔法師一樣交易》（2013）；《像冠軍一樣思考與交易》（2017）；參考來源：https://trendspider.com/learning-center/volatility-contraction-pattern-vcp/。可用於圖表型態、價格結構與支撐阻力；股票選股、相對強弱與成長股篩選。,"Mark Minervini (馬克・米勒維尼) is classified as a Practitioner-author. The research/contribution focus is Volatility Contraction Pattern (creator/promoter); Relative Strength (SEPA relative-strength stocks); Cup With Handle (growth-stock pattern work). Representative materials include Trade Like a Stock Market Wizard (2013); Think and Trade Like a Champion (2017); Reference source: https://trendspider.com/learning-center/volatility-contraction-pattern-vcp/. The work is useful for chart patterns, price structure, and support/resistance; stock selection, relative strength, and growth-stock screening.",3,2,1,2,0,3 筆研究材料；2 個不同來源；1 筆高證據等級；書籍 2 筆；論文/文章 0 筆。,3 research materials; 2 distinct sources; 1 high-evidence records; 2 book records; 0 paper/article records.,重要權威,Major authority,VCP 波動收縮形態,Volatility Contraction Pattern,1,1,0,0,優先用於：圖表型態、價格結構與支撐阻力；股票選股、相對強弱與成長股篩選。,"Best used for: chart patterns, price structure, and support/resistance; stock selection, relative strength, and growth-stock screening.",馬克・米勒維尼在完整資料庫中屬於重要權威，可從其代表材料與優勝指標交叉研究。,Mark Minervini is a Major authority in the complete database; study the representative materials together with the winning indicators.
nicolas-darvas,51,尼古拉斯・達瓦斯,Nicolas Darvas,Hungary / United States,1920-1977,交易者、作家,practitioner_author,實戰交易者兼作者,Practitioner-author,20,圖表型態（箱型理論）；趨勢跟隨（突破交易）；相對強弱 / 強勢股篩選（強勢股）,Chart Patterns (box theory); Trend Following (breakout trading); Relative Strength (relative-strength stocks),圖表型態、價格結構與支撐阻力；趨勢辨識、均線、通道與趨勢跟隨；股票選股、相對強弱與成長股篩選,"chart patterns, price structure, and support/resistance; trend identification, moving averages, channels, and trend following; stock selection, relative strength, and growth-stock screening",《我如何在股市賺到二百萬美元》（1960）；參考來源：https://en.wikipedia.org/wiki/Nicolas_Darvas,"How I Made $2,000,000 in the Stock Market (1960); Reference source: https://en.wikipedia.org/wiki/Nicolas_Darvas",尼古拉斯・達瓦斯（Nicolas Darvas）定位為實戰交易者兼作者。研究/貢獻重點集中在圖表型態（箱型理論）；趨勢跟隨（突破交易）；相對強弱 / 強勢股篩選（強勢股）。代表資料包括《我如何在股市賺到二百萬美元》（1960）；參考來源：https://en.wikipedia.org/wiki/Nicolas_Darvas。可用於圖表型態、價格結構與支撐阻力；趨勢辨識、均線、通道與趨勢跟隨；股票選股、相對強弱與成長股篩選。,"Nicolas Darvas (尼古拉斯・達瓦斯) is classified as a Practitioner-author. The research/contribution focus is Chart Patterns (box theory); Trend Following (breakout trading); Relative Strength (relative-strength stocks). Representative materials include How I Made $2,000,000 in the Stock Market (1960); Reference source: https://en.wikipedia.org/wiki/Nicolas_Darvas. The work is useful for chart patterns, price structure, and support/resistance; trend identification, moving averages, channels, and trend following; stock selection, relative strength, and growth-stock screening.",2,2,1,1,0,2 筆研究材料；2 個不同來源；1 筆高證據等級；書籍 1 筆；論文/文章 0 筆。,2 research materials; 2 distinct sources; 1 high-evidence records; 1 book records; 0 paper/article records.,專題權威,Specialized authority,,,0,0,0,0,優先用於：圖表型態、價格結構與支撐阻力；趨勢辨識、均線、通道與趨勢跟隨；股票選股、相對強弱與成長股篩選。,"Best used for: chart patterns, price structure, and support/resistance; trend identification, moving averages, channels, and trend following; stock selection, relative strength, and growth-stock screening.",尼古拉斯・達瓦斯在完整資料庫中屬於專題權威，可從其代表材料與優勝指標交叉研究。,Nicolas Darvas is a Specialized authority in the complete database; study the representative materials together with the winning indicators.
brian-shannon,52,布萊恩・香農,Brian Shannon,United States,1967-,CMT、交易者、作家,author_practitioner,作者兼實戰交易者,Author-practitioner,20,VWAP / Anchored VWAP（Anchored VWAP 推廣者）；價格行為（多週期分析）；支撐阻力（市場結構）,VWAP / Anchored VWAP (Anchored VWAP promoter); Price Action (multi-timeframe analysis); Support and Resistance (market structure),量價關係、資金流與供需分析；圖表型態、價格結構與支撐阻力,"price-volume relationships, money flow, and supply/demand; chart patterns, price structure, and support/resistance",《多時間框架技術分析》（2008）；《用 Anchored VWAP 提高交易收益》（2023）；參考來源：https://books.google.com/books/about/Maximum_Trading_Gains_With_Anchored_VWAP.html?id=p3aCzwEACAAJ,Technical Analysis Using Multiple Timeframes (2008); Maximum Trading Gains with Anchored VWAP (2023); Reference source: https://books.google.com/books/about/Maximum_Trading_Gains_With_Anchored_VWAP.html?id=p3aCzwEACAAJ,布萊恩・香農（Brian Shannon）定位為作者兼實戰交易者。研究/貢獻重點集中在VWAP / Anchored VWAP（Anchored VWAP 推廣者）；價格行為（多週期分析）；支撐阻力（市場結構）。代表資料包括《多時間框架技術分析》（2008）；《用 Anchored VWAP 提高交易收益》（2023）；參考來源：https://books.google.com/books/about/Maximum_Trading_Gains_With_Anchored_VWAP.html?id=p3aCzwEACAAJ。可用於量價關係、資金流與供需分析；圖表型態、價格結構與支撐阻力。,"Brian Shannon (布萊恩・香農) is classified as a Author-practitioner. The research/contribution focus is VWAP / Anchored VWAP (Anchored VWAP promoter); Price Action (multi-timeframe analysis); Support and Resistance (market structure). Representative materials include Technical Analysis Using Multiple Timeframes (2008); Maximum Trading Gains with Anchored VWAP (2023); Reference source: https://books.google.com/books/about/Maximum_Trading_Gains_With_Anchored_VWAP.html?id=p3aCzwEACAAJ. The work is useful for price-volume relationships, money flow, and supply/demand; chart patterns, price structure, and support/resistance.",3,2,2,2,0,3 筆研究材料；2 個不同來源；2 筆高證據等級；書籍 2 筆；論文/文章 0 筆。,3 research materials; 2 distinct sources; 2 high-evidence records; 2 book records; 0 paper/article records.,專題權威,Specialized authority,VWAP / Anchored VWAP,VWAP / Anchored VWAP,1,1,0,0,優先用於：量價關係、資金流與供需分析；圖表型態、價格結構與支撐阻力。,"Best used for: price-volume relationships, money flow, and supply/demand; chart patterns, price structure, and support/resistance.",布萊恩・香農在完整資料庫中屬於專題權威，可從其代表材料與優勝指標交叉研究。,Brian Shannon is a Specialized authority in the complete database; study the representative materials together with the winning indicators.
linda-bradford-raschke,53,琳達・布拉德福德・拉什克,Linda Bradford Raschke,United States,1959-,交易者、作家,practitioner_author,實戰交易者兼作者,Practitioner-author,21,價格行為（短線交易）；開盤區間突破（短線策略）；交易系統（高勝率策略）,Price Action (short-term trading); Opening Range Breakout (short-term strategies); Trading Systems (high-probability strategies),圖表型態、價格結構與支撐阻力；突破、波動擴張與開盤區間交易；系統交易、規則設計與回測流程,"chart patterns, price structure, and support/resistance; breakouts, volatility expansion, and opening-range trading; systematic trading, rule design, and backtesting",《街頭智慧交易策略》（1996）；參考來源：https://lindaraschke.net/recommended-reading/；參考來源：https://www.amazon.com/Street-Smarts-Probability-Short-Term-Strategies/dp/0965046109,Street Smarts (1996); Reference source: https://lindaraschke.net/recommended-reading/; Reference source: https://www.amazon.com/Street-Smarts-Probability-Short-Term-Strategies/dp/0965046109,琳達・布拉德福德・拉什克（Linda Bradford Raschke）定位為實戰交易者兼作者。研究/貢獻重點集中在價格行為（短線交易）；開盤區間突破（短線策略）；交易系統（高勝率策略）。代表資料包括《街頭智慧交易策略》（1996）；參考來源：https://lindaraschke.net/recommended-reading/；參考來源：https://www.amazon.com/Street-Smarts-Probability-Short-Term-Strategies/dp/0965046109。可用於圖表型態、價格結構與支撐阻力；突破、波動擴張與開盤區間交易；系統交易、規則設計與回測流程。,"Linda Bradford Raschke (琳達・布拉德福德・拉什克) is classified as a Practitioner-author. The research/contribution focus is Price Action (short-term trading); Opening Range Breakout (short-term strategies); Trading Systems (high-probability strategies). Representative materials include Street Smarts (1996); Reference source: https://lindaraschke.net/recommended-reading/; Reference source: https://www.amazon.com/Street-Smarts-Probability-Short-Term-Strategies/dp/0965046109. The work is useful for chart patterns, price structure, and support/resistance; breakouts, volatility expansion, and opening-range trading; systematic trading, rule design, and backtesting.",3,2,1,1,0,3 筆研究材料；2 個不同來源；1 筆高證據等級；書籍 1 筆；論文/文章 0 筆。,3 research materials; 2 distinct sources; 1 high-evidence records; 1 book records; 0 paper/article records.,專題權威,Specialized authority,,,0,0,0,0,優先用於：圖表型態、價格結構與支撐阻力；突破、波動擴張與開盤區間交易；系統交易、規則設計與回測流程。,"Best used for: chart patterns, price structure, and support/resistance; breakouts, volatility expansion, and opening-range trading; systematic trading, rule design, and backtesting.",琳達・布拉德福德・拉什克在完整資料庫中屬於專題權威，可從其代表材料與優勝指標交叉研究。,Linda Bradford Raschke is a Specialized authority in the complete database; study the representative materials together with the winning indicators.
laurence-a-connors,54,拉倫斯・康納斯,Laurence A. Connors,United States,,短線策略研究者、作家,indicator_creator,技術指標創作者,Indicator creator,22,Connors RSI（創始者）；RSI 相對強弱指數（短線改良）；交易系統（短線均值回歸）,ConnorsRSI (creator); Relative Strength Index (short-term modification); Trading Systems (short-term mean reversion),動量、超買超賣、背離與趨勢強弱；系統交易、規則設計與回測流程,"momentum, overbought/oversold conditions, divergence, and trend strength; systematic trading, rule design, and backtesting",《街頭智慧交易策略》（1996）；《有效的短線交易策略》（2008）；原文題名：ConnorsRSI（2012）,Street Smarts (1996); Short Term Trading Strategies That Work (2008); ConnorsRSI (2012),拉倫斯・康納斯（Laurence A. Connors）定位為技術指標創作者。研究/貢獻重點集中在Connors RSI（創始者）；RSI 相對強弱指數（短線改良）；交易系統（短線均值回歸）。代表資料包括《街頭智慧交易策略》（1996）；《有效的短線交易策略》（2008）；原文題名：ConnorsRSI（2012）。可用於動量、超買超賣、背離與趨勢強弱；系統交易、規則設計與回測流程。,"Laurence A. Connors (拉倫斯・康納斯) is classified as a Indicator creator. The research/contribution focus is ConnorsRSI (creator); Relative Strength Index (short-term modification); Trading Systems (short-term mean reversion). Representative materials include Street Smarts (1996); Short Term Trading Strategies That Work (2008); ConnorsRSI (2012). The work is useful for momentum, overbought/oversold conditions, divergence, and trend strength; systematic trading, rule design, and backtesting.",5,3,1,2,0,5 筆研究材料；3 個不同來源；1 筆高證據等級；書籍 2 筆；論文/文章 0 筆。,5 research materials; 3 distinct sources; 1 high-evidence records; 2 book records; 0 paper/article records.,重要權威,Major authority,Connors RSI,ConnorsRSI,1,1,1,1,優先用於：動量、超買超賣、背離與趨勢強弱；系統交易、規則設計與回測流程。,"Best used for: momentum, overbought/oversold conditions, divergence, and trend strength; systematic trading, rule design, and backtesting.",拉倫斯・康納斯在完整資料庫中屬於重要權威，可從其代表材料與優勝指標交叉研究。,Laurence A. Connors is a Major authority in the complete database; study the representative materials together with the winning indicators.
andrew-cardwell,55,安德魯・卡德威爾,Andrew Cardwell,United States,,RSI 專家、交易教育者,indicator_specialist,指標專題專家,Indicator specialist,16,RSI 相對強弱指數（進階詮釋者）；動量（正/負反轉與區間規則）,Relative Strength Index (advanced interpreter); Momentum (positive/negative reversals and range rules),動量、超買超賣、背離與趨勢強弱,"momentum, overbought/oversold conditions, divergence, and trend strength",原文題名：Cardwell RSI Positive/Negative Reversals；參考來源：https://www.investopedia.com/articles/active-trading/042114/overbought-or-oversold-use-relative-strength-index-find-out.asp；參考來源：https://www.linkedin.com/in/andrew-cardwell-b318099,Cardwell RSI Positive/Negative Reversals; Reference source: https://www.investopedia.com/articles/active-trading/042114/overbought-or-oversold-use-relative-strength-index-find-out.asp; Reference source: https://www.linkedin.com/in/andrew-cardwell-b318099,安德魯・卡德威爾（Andrew Cardwell）定位為指標專題專家。研究/貢獻重點集中在RSI 相對強弱指數（進階詮釋者）；動量（正/負反轉與區間規則）。代表資料包括原文題名：Cardwell RSI Positive/Negative Reversals；參考來源：https://www.investopedia.com/articles/active-trading/042114/overbought-or-oversold-use-relative-strength-index-find-out.asp；參考來源：https://www.linkedin.com/in/andrew-cardwell-b318099。可用於動量、超買超賣、背離與趨勢強弱。,"Andrew Cardwell (安德魯・卡德威爾) is classified as a Indicator specialist. The research/contribution focus is Relative Strength Index (advanced interpreter); Momentum (positive/negative reversals and range rules). Representative materials include Cardwell RSI Positive/Negative Reversals; Reference source: https://www.investopedia.com/articles/active-trading/042114/overbought-or-oversold-use-relative-strength-index-find-out.asp; Reference source: https://www.linkedin.com/in/andrew-cardwell-b318099. The work is useful for momentum, overbought/oversold conditions, divergence, and trend strength.",3,2,0,0,0,3 筆研究材料；2 個不同來源；0 筆高證據等級；書籍 0 筆；論文/文章 0 筆。,3 research materials; 2 distinct sources; 0 high-evidence records; 0 book records; 0 paper/article records.,補充研究者,Complementary researcher,,,0,0,0,0,優先用於：動量、超買超賣、背離與趨勢強弱。,"Best used for: momentum, overbought/oversold conditions, divergence, and trend strength.",安德魯・卡德威爾在完整資料庫中屬於補充研究者，可從其代表材料與優勝指標交叉研究。,Andrew Cardwell is a Complementary researcher in the complete database; study the representative materials together with the winning indicators.
constance-brown,56,康斯坦絲・布朗,Constance Brown,United States,,CMT、技術分析作家,indicator_specialist,指標專題專家,Indicator specialist,20,RSI 相對強弱指數（進階詮釋者）；動量（Composite Index）；實證技術分析（指標組合）,Relative Strength Index (advanced interpreter); Momentum (Composite Index); Evidence-Based Technical Analysis (indicator combination),動量、超買超賣、背離與趨勢強弱；實證檢驗、規則驗證與資料探勘風險控制,"momentum, overbought/oversold conditions, divergence, and trend strength; empirical testing, rule validation, and data-mining control",《專業交易者技術分析》（1999）；參考來源：https://www.amazon.com/Technical-Analysis-Trading-Professional-Second/dp/007175914X；參考來源：https://www.barchart.com/education/technical-indicators/cmb-composite-index,Technical Analysis for the Trading Professional (1999); Reference source: https://www.amazon.com/Technical-Analysis-Trading-Professional-Second/dp/007175914X; Reference source: https://www.barchart.com/education/technical-indicators/cmb-composite-index,康斯坦絲・布朗（Constance Brown）定位為指標專題專家。研究/貢獻重點集中在RSI 相對強弱指數（進階詮釋者）；動量（Composite Index）；實證技術分析（指標組合）。代表資料包括《專業交易者技術分析》（1999）；參考來源：https://www.amazon.com/Technical-Analysis-Trading-Professional-Second/dp/007175914X；參考來源：https://www.barchart.com/education/technical-indicators/cmb-composite-index。可用於動量、超買超賣、背離與趨勢強弱；實證檢驗、規則驗證與資料探勘風險控制。,"Constance Brown (康斯坦絲・布朗) is classified as a Indicator specialist. The research/contribution focus is Relative Strength Index (advanced interpreter); Momentum (Composite Index); Evidence-Based Technical Analysis (indicator combination). Representative materials include Technical Analysis for the Trading Professional (1999); Reference source: https://www.amazon.com/Technical-Analysis-Trading-Professional-Second/dp/007175914X; Reference source: https://www.barchart.com/education/technical-indicators/cmb-composite-index. The work is useful for momentum, overbought/oversold conditions, divergence, and trend strength; empirical testing, rule validation, and data-mining control.",3,2,1,1,0,3 筆研究材料；2 個不同來源；1 筆高證據等級；書籍 1 筆；論文/文章 0 筆。,3 research materials; 2 distinct sources; 1 high-evidence records; 1 book records; 0 paper/article records.,專題權威,Specialized authority,,,0,0,0,1,優先用於：動量、超買超賣、背離與趨勢強弱；實證檢驗、規則驗證與資料探勘風險控制。,"Best used for: momentum, overbought/oversold conditions, divergence, and trend strength; empirical testing, rule validation, and data-mining control.",康斯坦絲・布朗在完整資料庫中屬於專題權威，可從其代表材料與優勝指標交叉研究。,Constance Brown is a Specialized authority in the complete database; study the representative materials together with the winning indicators.
john-f-ehlers,57,約翰・艾勒斯,John F. Ehlers,United States,,工程師、數位訊號處理指標作者,indicator_creator,技術指標創作者,Indicator creator,24,週期分析（DSP 週期分析）；Ehlers 濾波器（濾波器）；交易系統（自適應指標）,Cycle Analysis (DSP cycle analysis); Ehlers Filters (filters); Trading Systems (adaptive indicators),週期、時間窗口與市場節奏判讀；系統交易、規則設計與回測流程,"cycles, timing windows, and market rhythm; systematic trading, rule design, and backtesting",《交易者的火箭科學》（2001）；《股票與期貨控制論分析》（2004）；參考來源：https://www.mesasoftware.com/TechnicalArticles.htm,Rocket Science for Traders (2001); Cybernetic Analysis for Stocks and Futures (2004); Reference source: https://www.mesasoftware.com/TechnicalArticles.htm,約翰・艾勒斯（John F. Ehlers）定位為技術指標創作者。研究/貢獻重點集中在週期分析（DSP 週期分析）；Ehlers 濾波器（濾波器）；交易系統（自適應指標）。代表資料包括《交易者的火箭科學》（2001）；《股票與期貨控制論分析》（2004）；參考來源：https://www.mesasoftware.com/TechnicalArticles.htm。可用於週期、時間窗口與市場節奏判讀；系統交易、規則設計與回測流程。,"John F. Ehlers (約翰・艾勒斯) is classified as a Indicator creator. The research/contribution focus is Cycle Analysis (DSP cycle analysis); Ehlers Filters (filters); Trading Systems (adaptive indicators). Representative materials include Rocket Science for Traders (2001); Cybernetic Analysis for Stocks and Futures (2004); Reference source: https://www.mesasoftware.com/TechnicalArticles.htm. The work is useful for cycles, timing windows, and market rhythm; systematic trading, rule design, and backtesting.",3,2,1,2,0,3 筆研究材料；2 個不同來源；1 筆高證據等級；書籍 2 筆；論文/文章 0 筆。,3 research materials; 2 distinct sources; 1 high-evidence records; 2 book records; 0 paper/article records.,核心權威,Core authority,週期分析；Ehlers 濾波器,Cycle Analysis; Ehlers Filters,2,2,0,1,優先用於：週期、時間窗口與市場節奏判讀；系統交易、規則設計與回測流程。,"Best used for: cycles, timing windows, and market rhythm; systematic trading, rule design, and backtesting.",約翰・艾勒斯在完整資料庫中屬於核心權威，可從其代表材料與優勝指標交叉研究。,John F. Ehlers is a Core authority in the complete database; study the representative materials together with the winning indicators.
murray-a-ruggiero-jr,58,穆雷・魯傑羅,Murray A. Ruggiero Jr.,United States,,交易系統開發者、作家,system_developer,交易系統開發者,Trading-system developer,18,交易系統（交易系統）；回測與系統驗證（策略測試）；實證技術分析（量化規則）,Trading Systems (trading systems); Backtesting (strategy testing); Evidence-Based Technical Analysis (quantitative rules),系統交易、規則設計與回測流程；實證檢驗、規則驗證與資料探勘風險控制,"systematic trading, rule design, and backtesting; empirical testing, rule validation, and data-mining control",《控制論交易策略》（1997）；參考來源：https://guides.newman.baruch.cuny.edu/c.php?g=188442&p=1243542,Cybernetic Trading Strategies (1997); Reference source: https://guides.newman.baruch.cuny.edu/c.php?g=188442&p=1243542,穆雷・魯傑羅（Murray A. Ruggiero Jr.）定位為交易系統開發者。研究/貢獻重點集中在交易系統（交易系統）；回測與系統驗證（策略測試）；實證技術分析（量化規則）。代表資料包括《控制論交易策略》（1997）；參考來源：https://guides.newman.baruch.cuny.edu/c.php?g=188442&p=1243542。可用於系統交易、規則設計與回測流程；實證檢驗、規則驗證與資料探勘風險控制。,"Murray A. Ruggiero Jr. (穆雷・魯傑羅) is classified as a Trading-system developer. The research/contribution focus is Trading Systems (trading systems); Backtesting (strategy testing); Evidence-Based Technical Analysis (quantitative rules). Representative materials include Cybernetic Trading Strategies (1997); Reference source: https://guides.newman.baruch.cuny.edu/c.php?g=188442&p=1243542. The work is useful for systematic trading, rule design, and backtesting; empirical testing, rule validation, and data-mining control.",2,2,1,1,0,2 筆研究材料；2 個不同來源；1 筆高證據等級；書籍 1 筆；論文/文章 0 筆。,2 research materials; 2 distinct sources; 1 high-evidence records; 1 book records; 0 paper/article records.,補充研究者,Complementary researcher,,,0,0,0,0,優先用於：系統交易、規則設計與回測流程；實證檢驗、規則驗證與資料探勘風險控制。,"Best used for: systematic trading, rule design, and backtesting; empirical testing, rule validation, and data-mining control.",穆雷・魯傑羅在完整資料庫中屬於補充研究者，可從其代表材料與優勝指標交叉研究。,Murray A. Ruggiero Jr. is a Complementary researcher in the complete database; study the representative materials together with the winning indicators.
robert-pardo,59,羅伯特・帕多,Robert Pardo,United States,,交易系統測試作者,system_developer,交易系統開發者,Trading-system developer,18,回測與系統驗證（系統測試）；交易系統（交易系統）；實證技術分析（樣本外驗證）,Backtesting (system testing); Trading Systems (trading systems); Evidence-Based Technical Analysis (out-of-sample validation),實證檢驗、規則驗證與資料探勘風險控制；系統交易、規則設計與回測流程,"empirical testing, rule validation, and data-mining control; systematic trading, rule design, and backtesting",《交易系統設計、測試與最佳化》（1992）；參考來源：https://guides.newman.baruch.cuny.edu/c.php?g=188442&p=1243542,"Design, Testing, and Optimization of Trading Systems (1992); Reference source: https://guides.newman.baruch.cuny.edu/c.php?g=188442&p=1243542",羅伯特・帕多（Robert Pardo）定位為交易系統開發者。研究/貢獻重點集中在回測與系統驗證（系統測試）；交易系統（交易系統）；實證技術分析（樣本外驗證）。代表資料包括《交易系統設計、測試與最佳化》（1992）；參考來源：https://guides.newman.baruch.cuny.edu/c.php?g=188442&p=1243542。可用於實證檢驗、規則驗證與資料探勘風險控制；系統交易、規則設計與回測流程。,"Robert Pardo (羅伯特・帕多) is classified as a Trading-system developer. The research/contribution focus is Backtesting (system testing); Trading Systems (trading systems); Evidence-Based Technical Analysis (out-of-sample validation). Representative materials include Design, Testing, and Optimization of Trading Systems (1992); Reference source: https://guides.newman.baruch.cuny.edu/c.php?g=188442&p=1243542. The work is useful for empirical testing, rule validation, and data-mining control; systematic trading, rule design, and backtesting.",2,2,1,1,0,2 筆研究材料；2 個不同來源；1 筆高證據等級；書籍 1 筆；論文/文章 0 筆。,2 research materials; 2 distinct sources; 1 high-evidence records; 1 book records; 0 paper/article records.,補充研究者,Complementary researcher,,,0,0,0,0,優先用於：實證檢驗、規則驗證與資料探勘風險控制；系統交易、規則設計與回測流程。,"Best used for: empirical testing, rule validation, and data-mining control; systematic trading, rule design, and backtesting.",羅伯特・帕多在完整資料庫中屬於補充研究者，可從其代表材料與優勝指標交叉研究。,Robert Pardo is a Complementary researcher in the complete database; study the representative materials together with the winning indicators.
howard-bandy,60,霍華德・班迪,Howard Bandy,United States,,量化交易系統作者,system_developer,交易系統開發者,Trading-system developer,18,交易系統（交易系統）；回測與系統驗證（策略驗證）；實證技術分析（統計分析）,Trading Systems (trading systems); Backtesting (strategy validation); Evidence-Based Technical Analysis (statistical analysis),系統交易、規則設計與回測流程；實證檢驗、規則驗證與資料探勘風險控制,"systematic trading, rule design, and backtesting; empirical testing, rule validation, and data-mining control",《量化交易系統》（2007）；《交易系統績效建模》（2011）；參考來源：https://guides.newman.baruch.cuny.edu/c.php?g=188442&p=1243542,Quantitative Trading Systems (2007); Modeling Trading System Performance (2011); Reference source: https://guides.newman.baruch.cuny.edu/c.php?g=188442&p=1243542,霍華德・班迪（Howard Bandy）定位為交易系統開發者。研究/貢獻重點集中在交易系統（交易系統）；回測與系統驗證（策略驗證）；實證技術分析（統計分析）。代表資料包括《量化交易系統》（2007）；《交易系統績效建模》（2011）；參考來源：https://guides.newman.baruch.cuny.edu/c.php?g=188442&p=1243542。可用於系統交易、規則設計與回測流程；實證檢驗、規則驗證與資料探勘風險控制。,"Howard Bandy (霍華德・班迪) is classified as a Trading-system developer. The research/contribution focus is Trading Systems (trading systems); Backtesting (strategy validation); Evidence-Based Technical Analysis (statistical analysis). Representative materials include Quantitative Trading Systems (2007); Modeling Trading System Performance (2011); Reference source: https://guides.newman.baruch.cuny.edu/c.php?g=188442&p=1243542. The work is useful for systematic trading, rule design, and backtesting; empirical testing, rule validation, and data-mining control.",3,2,1,2,0,3 筆研究材料；2 個不同來源；1 筆高證據等級；書籍 2 筆；論文/文章 0 筆。,3 research materials; 2 distinct sources; 1 high-evidence records; 2 book records; 0 paper/article records.,補充研究者,Complementary researcher,,,0,0,0,0,優先用於：系統交易、規則設計與回測流程；實證檢驗、規則驗證與資料探勘風險控制。,"Best used for: systematic trading, rule design, and backtesting; empirical testing, rule validation, and data-mining control.",霍華德・班迪在完整資料庫中屬於補充研究者，可從其代表材料與優勝指標交叉研究。,Howard Bandy is a Complementary researcher in the complete database; study the representative materials together with the winning indicators.
thomas-stridsman,61,湯瑪斯・史翠茲曼,Thomas Stridsman,Sweden / United States,,系統交易作者,system_developer,交易系統開發者,Trading-system developer,17,交易系統（交易系統）；回測與系統驗證（策略測試）；趨勢跟隨（系統化趨勢）,Trading Systems (trading systems); Backtesting (strategy testing); Trend Following (systematic trend analysis),系統交易、規則設計與回測流程；實證檢驗、規則驗證與資料探勘風險控制；趨勢辨識、均線、通道與趨勢跟隨,"systematic trading, rule design, and backtesting; empirical testing, rule validation, and data-mining control; trend identification, moving averages, channels, and trend following",《有效的交易系統》（2000）；參考來源：https://guides.newman.baruch.cuny.edu/c.php?g=188442&p=1243542,Trading Systems That Work (2000); Reference source: https://guides.newman.baruch.cuny.edu/c.php?g=188442&p=1243542,湯瑪斯・史翠茲曼（Thomas Stridsman）定位為交易系統開發者。研究/貢獻重點集中在交易系統（交易系統）；回測與系統驗證（策略測試）；趨勢跟隨（系統化趨勢）。代表資料包括《有效的交易系統》（2000）；參考來源：https://guides.newman.baruch.cuny.edu/c.php?g=188442&p=1243542。可用於系統交易、規則設計與回測流程；實證檢驗、規則驗證與資料探勘風險控制；趨勢辨識、均線、通道與趨勢跟隨。,"Thomas Stridsman (湯瑪斯・史翠茲曼) is classified as a Trading-system developer. The research/contribution focus is Trading Systems (trading systems); Backtesting (strategy testing); Trend Following (systematic trend analysis). Representative materials include Trading Systems That Work (2000); Reference source: https://guides.newman.baruch.cuny.edu/c.php?g=188442&p=1243542. The work is useful for systematic trading, rule design, and backtesting; empirical testing, rule validation, and data-mining control; trend identification, moving averages, channels, and trend following.",2,2,1,1,0,2 筆研究材料；2 個不同來源；1 筆高證據等級；書籍 1 筆；論文/文章 0 筆。,2 research materials; 2 distinct sources; 1 high-evidence records; 1 book records; 0 paper/article records.,補充研究者,Complementary researcher,,,0,0,0,0,優先用於：系統交易、規則設計與回測流程；實證檢驗、規則驗證與資料探勘風險控制；趨勢辨識、均線、通道與趨勢跟隨。,"Best used for: systematic trading, rule design, and backtesting; empirical testing, rule validation, and data-mining control; trend identification, moving averages, channels, and trend following.",湯瑪斯・史翠茲曼在完整資料庫中屬於補充研究者，可從其代表材料與優勝指標交叉研究。,Thomas Stridsman is a Complementary researcher in the complete database; study the representative materials together with the winning indicators.
daryl-guppy,62,達利・古比,Daryl Guppy,Australia,,交易者、作家、指標創作者,indicator_creator,技術指標創作者,Indicator creator,21,Guppy 多重移動平均（創始者）；移動平均（多均線趨勢）；趨勢跟隨（趨勢判讀）,Guppy Multiple Moving Average (creator); Moving Average (multiple moving-average trend work); Trend Following (trend interpretation),趨勢辨識、均線、通道與趨勢跟隨,"trend identification, moving averages, channels, and trend following",《交易戰術》（1997）；參考來源：https://www.investopedia.com/terms/g/guppy-multiple-moving-average.asp,Trading Tactics (1997); Reference source: https://www.investopedia.com/terms/g/guppy-multiple-moving-average.asp,達利・古比（Daryl Guppy）定位為技術指標創作者。研究/貢獻重點集中在Guppy 多重移動平均（創始者）；移動平均（多均線趨勢）；趨勢跟隨（趨勢判讀）。代表資料包括《交易戰術》（1997）；參考來源：https://www.investopedia.com/terms/g/guppy-multiple-moving-average.asp。可用於趨勢辨識、均線、通道與趨勢跟隨。,"Daryl Guppy (達利・古比) is classified as a Indicator creator. The research/contribution focus is Guppy Multiple Moving Average (creator); Moving Average (multiple moving-average trend work); Trend Following (trend interpretation). Representative materials include Trading Tactics (1997); Reference source: https://www.investopedia.com/terms/g/guppy-multiple-moving-average.asp. The work is useful for trend identification, moving averages, channels, and trend following.",2,2,1,1,0,2 筆研究材料；2 個不同來源；1 筆高證據等級；書籍 1 筆；論文/文章 0 筆。,2 research materials; 2 distinct sources; 1 high-evidence records; 1 book records; 0 paper/article records.,專題權威,Specialized authority,Guppy 多重移動平均,Guppy Multiple Moving Average,1,1,0,1,優先用於：趨勢辨識、均線、通道與趨勢跟隨。,"Best used for: trend identification, moving averages, channels, and trend following.",達利・古比在完整資料庫中屬於專題權威，可從其代表材料與優勝指標交叉研究。,Daryl Guppy is a Specialized authority in the complete database; study the representative materials together with the winning indicators.
alan-hull,63,艾倫・霍爾,Alan Hull,Australia,,指標創作者、交易教育者,indicator_creator,技術指標創作者,Indicator creator,19,Hull 移動平均（創始者）；移動平均（低滯後均線）,Hull Moving Average (creator); Moving Average (low-lag moving averages),趨勢辨識、均線、通道與趨勢跟隨,"trend identification, moving averages, channels, and trend following",原文題名：Hull Moving Average（2005）；參考來源：https://alanhull.com/the-hull-moving-average/；參考來源：https://chartschool.stockcharts.com/table-of-contents/technical-indicators-and-overlays/technical-overlays/hull-moving-average-hma,Hull Moving Average (2005); Reference source: https://alanhull.com/the-hull-moving-average/; Reference source: https://chartschool.stockcharts.com/table-of-contents/technical-indicators-and-overlays/technical-overlays/hull-moving-average-hma,艾倫・霍爾（Alan Hull）定位為技術指標創作者。研究/貢獻重點集中在Hull 移動平均（創始者）；移動平均（低滯後均線）。代表資料包括原文題名：Hull Moving Average（2005）；參考來源：https://alanhull.com/the-hull-moving-average/；參考來源：https://chartschool.stockcharts.com/table-of-contents/technical-indicators-and-overlays/technical-overlays/hull-moving-average-hma。可用於趨勢辨識、均線、通道與趨勢跟隨。,"Alan Hull (艾倫・霍爾) is classified as a Indicator creator. The research/contribution focus is Hull Moving Average (creator); Moving Average (low-lag moving averages). Representative materials include Hull Moving Average (2005); Reference source: https://alanhull.com/the-hull-moving-average/; Reference source: https://chartschool.stockcharts.com/table-of-contents/technical-indicators-and-overlays/technical-overlays/hull-moving-average-hma. The work is useful for trend identification, moving averages, channels, and trend following.",3,2,0,0,0,3 筆研究材料；2 個不同來源；0 筆高證據等級；書籍 0 筆；論文/文章 0 筆。,3 research materials; 2 distinct sources; 0 high-evidence records; 0 book records; 0 paper/article records.,專題權威,Specialized authority,Hull 移動平均,Hull Moving Average,1,1,0,0,優先用於：趨勢辨識、均線、通道與趨勢跟隨。,"Best used for: trend identification, moving averages, channels, and trend following.",艾倫・霍爾在完整資料庫中屬於專題權威，可從其代表材料與優勝指標交叉研究。,Alan Hull is a Specialized authority in the complete database; study the representative materials together with the winning indicators.
john-r-mcginley,64,約翰・麥金利,John R. McGinley,United States,,CMT、指標創作者,indicator_creator,技術指標創作者,Indicator creator,19,McGinley Dynamic（創始者）；移動平均（自適應平滑）,McGinley Dynamic (creator); Moving Average (adaptive smoothing),趨勢辨識、均線、通道與趨勢跟隨,"trend identification, moving averages, channels, and trend following",原文題名：McGinley Dynamic（1997）；參考來源：https://dotnet.stockindicators.dev/indicators/Dynamic/；參考來源：https://www.earn2trade.com/blog/mcginley-dynamic-indicator/；參考來源：https://www.investopedia.com/terms/m/mcginley-dynamic.asp,McGinley Dynamic (1997); Reference source: https://dotnet.stockindicators.dev/indicators/Dynamic/; Reference source: https://www.earn2trade.com/blog/mcginley-dynamic-indicator/; Reference source: https://www.investopedia.com/terms/m/mcginley-dynamic.asp,約翰・麥金利（John R. McGinley）定位為技術指標創作者。研究/貢獻重點集中在McGinley Dynamic（創始者）；移動平均（自適應平滑）。代表資料包括原文題名：McGinley Dynamic（1997）；參考來源：https://dotnet.stockindicators.dev/indicators/Dynamic/；參考來源：https://www.earn2trade.com/blog/mcginley-dynamic-indicator/；參考來源：https://www.investopedia.com/terms/m/mcginley-dynamic.asp。可用於趨勢辨識、均線、通道與趨勢跟隨。,"John R. McGinley (約翰・麥金利) is classified as a Indicator creator. The research/contribution focus is McGinley Dynamic (creator); Moving Average (adaptive smoothing). Representative materials include McGinley Dynamic (1997); Reference source: https://dotnet.stockindicators.dev/indicators/Dynamic/; Reference source: https://www.earn2trade.com/blog/mcginley-dynamic-indicator/; Reference source: https://www.investopedia.com/terms/m/mcginley-dynamic.asp. The work is useful for trend identification, moving averages, channels, and trend following.",4,3,0,0,0,4 筆研究材料；3 個不同來源；0 筆高證據等級；書籍 0 筆；論文/文章 0 筆。,4 research materials; 3 distinct sources; 0 high-evidence records; 0 book records; 0 paper/article records.,專題權威,Specialized authority,McGinley Dynamic,McGinley Dynamic,1,1,0,1,優先用於：趨勢辨識、均線、通道與趨勢跟隨。,"Best used for: trend identification, moving averages, channels, and trend following.",約翰・麥金利在完整資料庫中屬於專題權威，可從其代表材料與優勝指標交叉研究。,John R. McGinley is a Specialized authority in the complete database; study the representative materials together with the winning indicators.
patrick-g-mulloy,65,派翠克・馬洛伊,Patrick G. Mulloy,United States,,指標創作者,indicator_creator,技術指標創作者,Indicator creator,19,DEMA / TEMA（創始者）；移動平均（低滯後均線）,Double/Triple Exponential Moving Average (creator); Moving Average (low-lag moving averages),趨勢辨識、均線、通道與趨勢跟隨,"trend identification, moving averages, channels, and trend following",原文題名：Smoothing Data with Faster Moving Averages（1994）；參考來源：https://chartschool.stockcharts.com/table-of-contents/technical-indicators-and-overlays/technical-overlays/triple-exponential-moving-average-tema；參考來源：https://www.investopedia.com/ask/answers/041315/why-triple-exponential-moving-average-tema-important-traders-and-analysts.asp,Smoothing Data with Faster Moving Averages (1994); Reference source: https://chartschool.stockcharts.com/table-of-contents/technical-indicators-and-overlays/technical-overlays/triple-exponential-moving-average-tema; Reference source: https://www.investopedia.com/ask/answers/041315/why-triple-exponential-moving-average-tema-important-traders-and-analysts.asp,派翠克・馬洛伊（Patrick G. Mulloy）定位為技術指標創作者。研究/貢獻重點集中在DEMA / TEMA（創始者）；移動平均（低滯後均線）。代表資料包括原文題名：Smoothing Data with Faster Moving Averages（1994）；參考來源：https://chartschool.stockcharts.com/table-of-contents/technical-indicators-and-overlays/technical-overlays/triple-exponential-moving-average-tema；參考來源：https://www.investopedia.com/ask/answers/041315/why-triple-exponential-moving-average-tema-important-traders-and-analysts.asp。可用於趨勢辨識、均線、通道與趨勢跟隨。,"Patrick G. Mulloy (派翠克・馬洛伊) is classified as a Indicator creator. The research/contribution focus is Double/Triple Exponential Moving Average (creator); Moving Average (low-lag moving averages). Representative materials include Smoothing Data with Faster Moving Averages (1994); Reference source: https://chartschool.stockcharts.com/table-of-contents/technical-indicators-and-overlays/technical-overlays/triple-exponential-moving-average-tema; Reference source: https://www.investopedia.com/ask/answers/041315/why-triple-exponential-moving-average-tema-important-traders-and-analysts.asp. The work is useful for trend identification, moving averages, channels, and trend following.",3,3,1,0,1,3 筆研究材料；3 個不同來源；1 筆高證據等級；書籍 0 筆；論文/文章 1 筆。,3 research materials; 3 distinct sources; 1 high-evidence records; 0 book records; 1 paper/article records.,專題權威,Specialized authority,DEMA / TEMA,Double/Triple Exponential Moving Average,1,1,0,1,優先用於：趨勢辨識、均線、通道與趨勢跟隨。,"Best used for: trend identification, moving averages, channels, and trend following.",派翠克・馬洛伊在完整資料庫中屬於專題權威，可從其代表材料與優勝指標交叉研究。,Patrick G. Mulloy is a Specialized authority in the complete database; study the representative materials together with the winning indicators.
jack-k-hutson,66,傑克・哈特森,Jack K. Hutson,United States,,Technical Analysis of Stocks & Commodities 編輯、指標創作者,indicator_creator,技術指標創作者,Indicator creator,19,TRIX（創始者）；動量（三重平滑動量）,Triple Exponential Average (creator); Momentum (triple-smoothed momentum),動量、超買超賣、背離與趨勢強弱,"momentum, overbought/oversold conditions, divergence, and trend strength",原文題名：Good TRIX（1980）；參考來源：https://chartschool.stockcharts.com/table-of-contents/technical-indicators-and-overlays/technical-indicators/trix,Good TRIX (1980); Reference source: https://chartschool.stockcharts.com/table-of-contents/technical-indicators-and-overlays/technical-indicators/trix,傑克・哈特森（Jack K. Hutson）定位為技術指標創作者。研究/貢獻重點集中在TRIX（創始者）；動量（三重平滑動量）。代表資料包括原文題名：Good TRIX（1980）；參考來源：https://chartschool.stockcharts.com/table-of-contents/technical-indicators-and-overlays/technical-indicators/trix。可用於動量、超買超賣、背離與趨勢強弱。,"Jack K. Hutson (傑克・哈特森) is classified as a Indicator creator. The research/contribution focus is Triple Exponential Average (creator); Momentum (triple-smoothed momentum). Representative materials include Good TRIX (1980); Reference source: https://chartschool.stockcharts.com/table-of-contents/technical-indicators-and-overlays/technical-indicators/trix. The work is useful for momentum, overbought/oversold conditions, divergence, and trend strength.",2,2,1,0,1,2 筆研究材料；2 個不同來源；1 筆高證據等級；書籍 0 筆；論文/文章 1 筆。,2 research materials; 2 distinct sources; 1 high-evidence records; 0 book records; 1 paper/article records.,專題權威,Specialized authority,TRIX,Triple Exponential Average,1,1,0,0,優先用於：動量、超買超賣、背離與趨勢強弱。,"Best used for: momentum, overbought/oversold conditions, divergence, and trend strength.",傑克・哈特森在完整資料庫中屬於專題權威，可從其代表材料與優勝指標交叉研究。,Jack K. Hutson is a Specialized authority in the complete database; study the representative materials together with the winning indicators.
gene-quong,67,金・匡,Gene Quong,United States,,指標共同創作者,indicator_creator,技術指標創作者,Indicator creator,17,MFI 資金流量指標（共同創始者）；成交量分析（量價動量）,Money Flow Index (co-creator); Volume Analysis (price-volume momentum),量價關係、資金流與供需分析,"price-volume relationships, money flow, and supply/demand",原文題名：Money Flow Index（1989）；參考來源：https://help.stockstrader.com/en/support/solutions/articles/33000210228-money-flow-index-mfi-；參考來源：https://library.tradingtechnologies.com/trade/chrt-ti-money-flow-index.html；參考來源：https://www.tradingview.com/support/solutions/43000502348-money-flow-mfi/,Money Flow Index (1989); Reference source: https://help.stockstrader.com/en/support/solutions/articles/33000210228-money-flow-index-mfi-; Reference source: https://library.tradingtechnologies.com/trade/chrt-ti-money-flow-index.html; Reference source: https://www.tradingview.com/support/solutions/43000502348-money-flow-mfi/,金・匡（Gene Quong）定位為技術指標創作者。研究/貢獻重點集中在MFI 資金流量指標（共同創始者）；成交量分析（量價動量）。代表資料包括原文題名：Money Flow Index（1989）；參考來源：https://help.stockstrader.com/en/support/solutions/articles/33000210228-money-flow-index-mfi-；參考來源：https://library.tradingtechnologies.com/trade/chrt-ti-money-flow-index.html；參考來源：https://www.tradingview.com/support/solutions/43000502348-money-flow-mfi/。可用於量價關係、資金流與供需分析。,"Gene Quong (金・匡) is classified as a Indicator creator. The research/contribution focus is Money Flow Index (co-creator); Volume Analysis (price-volume momentum). Representative materials include Money Flow Index (1989); Reference source: https://help.stockstrader.com/en/support/solutions/articles/33000210228-money-flow-index-mfi-; Reference source: https://library.tradingtechnologies.com/trade/chrt-ti-money-flow-index.html; Reference source: https://www.tradingview.com/support/solutions/43000502348-money-flow-mfi/. The work is useful for price-volume relationships, money flow, and supply/demand.",4,3,0,0,0,4 筆研究材料；3 個不同來源；0 筆高證據等級；書籍 0 筆；論文/文章 0 筆。,4 research materials; 3 distinct sources; 0 high-evidence records; 0 book records; 0 paper/article records.,專題權威,Specialized authority,MFI 資金流量指標,Money Flow Index,1,1,0,0,優先用於：量價關係、資金流與供需分析。,"Best used for: price-volume relationships, money flow, and supply/demand.",金・匡在完整資料庫中屬於專題權威，可從其代表材料與優勝指標交叉研究。,Gene Quong is a Specialized authority in the complete database; study the representative materials together with the winning indicators.
avrum-soudack,68,阿夫魯姆・蘇達克,Avrum Soudack,United States,,指標共同創作者,indicator_creator,技術指標創作者,Indicator creator,17,MFI 資金流量指標（共同創始者）；成交量分析（量價動量）,Money Flow Index (co-creator); Volume Analysis (price-volume momentum),量價關係、資金流與供需分析,"price-volume relationships, money flow, and supply/demand",原文題名：Money Flow Index（1989）；參考來源：https://help.stockstrader.com/en/support/solutions/articles/33000210228-money-flow-index-mfi-；參考來源：https://library.tradingtechnologies.com/trade/chrt-ti-money-flow-index.html；參考來源：https://www.tradingview.com/support/solutions/43000502348-money-flow-mfi/,Money Flow Index (1989); Reference source: https://help.stockstrader.com/en/support/solutions/articles/33000210228-money-flow-index-mfi-; Reference source: https://library.tradingtechnologies.com/trade/chrt-ti-money-flow-index.html; Reference source: https://www.tradingview.com/support/solutions/43000502348-money-flow-mfi/,阿夫魯姆・蘇達克（Avrum Soudack）定位為技術指標創作者。研究/貢獻重點集中在MFI 資金流量指標（共同創始者）；成交量分析（量價動量）。代表資料包括原文題名：Money Flow Index（1989）；參考來源：https://help.stockstrader.com/en/support/solutions/articles/33000210228-money-flow-index-mfi-；參考來源：https://library.tradingtechnologies.com/trade/chrt-ti-money-flow-index.html；參考來源：https://www.tradingview.com/support/solutions/43000502348-money-flow-mfi/。可用於量價關係、資金流與供需分析。,"Avrum Soudack (阿夫魯姆・蘇達克) is classified as a Indicator creator. The research/contribution focus is Money Flow Index (co-creator); Volume Analysis (price-volume momentum). Representative materials include Money Flow Index (1989); Reference source: https://help.stockstrader.com/en/support/solutions/articles/33000210228-money-flow-index-mfi-; Reference source: https://library.tradingtechnologies.com/trade/chrt-ti-money-flow-index.html; Reference source: https://www.tradingview.com/support/solutions/43000502348-money-flow-mfi/. The work is useful for price-volume relationships, money flow, and supply/demand.",4,3,0,0,0,4 筆研究材料；3 個不同來源；0 筆高證據等級；書籍 0 筆；論文/文章 0 筆。,4 research materials; 3 distinct sources; 0 high-evidence records; 0 book records; 0 paper/article records.,專題權威,Specialized authority,MFI 資金流量指標,Money Flow Index,1,1,0,0,優先用於：量價關係、資金流與供需分析。,"Best used for: price-volume relationships, money flow, and supply/demand.",阿夫魯姆・蘇達克在完整資料庫中屬於專題權威，可從其代表材料與優勝指標交叉研究。,Avrum Soudack is a Specialized authority in the complete database; study the representative materials together with the winning indicators.
peter-g-martin,69,彼得・馬丁,Peter G. Martin,United States,,風險指標創作者,indicator_creator,技術指標創作者,Indicator creator,18,Ulcer Index（共同創始者）；風險 / 回撤（下行風險）,Ulcer Index (co-creator); Risk / Drawdown (downside risk),回撤、下行風險與資金管理,"drawdown, downside risk, and money management",《富達基金投資指南》（1989）；參考來源：https://chartschool.stockcharts.com/table-of-contents/technical-indicators-and-overlays/technical-indicators/ulcer-index,The Investor's Guide to Fidelity Funds (1989); Reference source: https://chartschool.stockcharts.com/table-of-contents/technical-indicators-and-overlays/technical-indicators/ulcer-index,彼得・馬丁（Peter G. Martin）定位為技術指標創作者。研究/貢獻重點集中在Ulcer Index（共同創始者）；風險 / 回撤（下行風險）。代表資料包括《富達基金投資指南》（1989）；參考來源：https://chartschool.stockcharts.com/table-of-contents/technical-indicators-and-overlays/technical-indicators/ulcer-index。可用於回撤、下行風險與資金管理。,"Peter G. Martin (彼得・馬丁) is classified as a Indicator creator. The research/contribution focus is Ulcer Index (co-creator); Risk / Drawdown (downside risk). Representative materials include The Investor's Guide to Fidelity Funds (1989); Reference source: https://chartschool.stockcharts.com/table-of-contents/technical-indicators-and-overlays/technical-indicators/ulcer-index. The work is useful for drawdown, downside risk, and money management.",2,2,1,1,0,2 筆研究材料；2 個不同來源；1 筆高證據等級；書籍 1 筆；論文/文章 0 筆。,2 research materials; 2 distinct sources; 1 high-evidence records; 1 book records; 0 paper/article records.,重要權威,Major authority,風險 / 回撤；Ulcer Index,Risk / Drawdown; Ulcer Index,2,2,0,0,優先用於：回撤、下行風險與資金管理。,"Best used for: drawdown, downside risk, and money management.",彼得・馬丁在完整資料庫中屬於重要權威，可從其代表材料與優勝指標交叉研究。,Peter G. Martin is a Major authority in the complete database; study the representative materials together with the winning indicators.
byron-mccann,70,拜倫・麥肯,Byron McCann,United States,,風險指標共同創作者,indicator_creator,技術指標創作者,Indicator creator,18,Ulcer Index（共同創始者）；風險 / 回撤（下行風險）,Ulcer Index (co-creator); Risk / Drawdown (downside risk),回撤、下行風險與資金管理,"drawdown, downside risk, and money management",《富達基金投資指南》（1989）；參考來源：https://chartschool.stockcharts.com/table-of-contents/technical-indicators-and-overlays/technical-indicators/ulcer-index,The Investor's Guide to Fidelity Funds (1989); Reference source: https://chartschool.stockcharts.com/table-of-contents/technical-indicators-and-overlays/technical-indicators/ulcer-index,拜倫・麥肯（Byron McCann）定位為技術指標創作者。研究/貢獻重點集中在Ulcer Index（共同創始者）；風險 / 回撤（下行風險）。代表資料包括《富達基金投資指南》（1989）；參考來源：https://chartschool.stockcharts.com/table-of-contents/technical-indicators-and-overlays/technical-indicators/ulcer-index。可用於回撤、下行風險與資金管理。,"Byron McCann (拜倫・麥肯) is classified as a Indicator creator. The research/contribution focus is Ulcer Index (co-creator); Risk / Drawdown (downside risk). Representative materials include The Investor's Guide to Fidelity Funds (1989); Reference source: https://chartschool.stockcharts.com/table-of-contents/technical-indicators-and-overlays/technical-indicators/ulcer-index. The work is useful for drawdown, downside risk, and money management.",2,2,1,1,0,2 筆研究材料；2 個不同來源；1 筆高證據等級；書籍 1 筆；論文/文章 0 筆。,2 research materials; 2 distinct sources; 1 high-evidence records; 1 book records; 0 paper/article records.,重要權威,Major authority,風險 / 回撤；Ulcer Index,Risk / Drawdown; Ulcer Index,2,2,0,0,優先用於：回撤、下行風險與資金管理。,"Best used for: drawdown, downside risk, and money management.",拜倫・麥肯在完整資料庫中屬於重要權威，可從其代表材料與優勝指標交叉研究。,Byron McCann is a Major authority in the complete database; study the representative materials together with the winning indicators.
etienne-botes,71,艾蒂安・博特斯,Etienne Botes,South Africa,,指標共同創作者,indicator_creator,技術指標創作者,Indicator creator,20,Vortex 指標（共同創始者）；趨勢跟隨（趨勢反轉）,Vortex Indicator (co-creator); Trend Following (trend reversal),趨勢辨識、均線、通道與趨勢跟隨,"trend identification, moving averages, channels, and trend following",《Vortex 指標》（2010）；參考來源：https://traders.com/documentation/feedbk_docs/2010/01/Botes.html；參考來源：https://www.investopedia.com/terms/v/vortex-indicator-vi.asp,The Vortex Indicator (2010); Reference source: https://traders.com/documentation/feedbk_docs/2010/01/Botes.html; Reference source: https://www.investopedia.com/terms/v/vortex-indicator-vi.asp,艾蒂安・博特斯（Etienne Botes）定位為技術指標創作者。研究/貢獻重點集中在Vortex 指標（共同創始者）；趨勢跟隨（趨勢反轉）。代表資料包括《Vortex 指標》（2010）；參考來源：https://traders.com/documentation/feedbk_docs/2010/01/Botes.html；參考來源：https://www.investopedia.com/terms/v/vortex-indicator-vi.asp。可用於趨勢辨識、均線、通道與趨勢跟隨。,"Etienne Botes (艾蒂安・博特斯) is classified as a Indicator creator. The research/contribution focus is Vortex Indicator (co-creator); Trend Following (trend reversal). Representative materials include The Vortex Indicator (2010); Reference source: https://traders.com/documentation/feedbk_docs/2010/01/Botes.html; Reference source: https://www.investopedia.com/terms/v/vortex-indicator-vi.asp. The work is useful for trend identification, moving averages, channels, and trend following.",3,3,1,0,1,3 筆研究材料；3 個不同來源；1 筆高證據等級；書籍 0 筆；論文/文章 1 筆。,3 research materials; 3 distinct sources; 1 high-evidence records; 0 book records; 1 paper/article records.,專題權威,Specialized authority,Vortex 指標,Vortex Indicator,1,1,0,1,優先用於：趨勢辨識、均線、通道與趨勢跟隨。,"Best used for: trend identification, moving averages, channels, and trend following.",艾蒂安・博特斯在完整資料庫中屬於專題權威，可從其代表材料與優勝指標交叉研究。,Etienne Botes is a Specialized authority in the complete database; study the representative materials together with the winning indicators.
douglas-siepman,72,道格拉斯・西普曼,Douglas Siepman,South Africa,,指標共同創作者,indicator_creator,技術指標創作者,Indicator creator,20,Vortex 指標（共同創始者）；趨勢跟隨（趨勢反轉）,Vortex Indicator (co-creator); Trend Following (trend reversal),趨勢辨識、均線、通道與趨勢跟隨,"trend identification, moving averages, channels, and trend following",《Vortex 指標》（2010）；參考來源：https://traders.com/documentation/feedbk_docs/2010/01/Botes.html；參考來源：https://www.investopedia.com/terms/v/vortex-indicator-vi.asp,The Vortex Indicator (2010); Reference source: https://traders.com/documentation/feedbk_docs/2010/01/Botes.html; Reference source: https://www.investopedia.com/terms/v/vortex-indicator-vi.asp,道格拉斯・西普曼（Douglas Siepman）定位為技術指標創作者。研究/貢獻重點集中在Vortex 指標（共同創始者）；趨勢跟隨（趨勢反轉）。代表資料包括《Vortex 指標》（2010）；參考來源：https://traders.com/documentation/feedbk_docs/2010/01/Botes.html；參考來源：https://www.investopedia.com/terms/v/vortex-indicator-vi.asp。可用於趨勢辨識、均線、通道與趨勢跟隨。,"Douglas Siepman (道格拉斯・西普曼) is classified as a Indicator creator. The research/contribution focus is Vortex Indicator (co-creator); Trend Following (trend reversal). Representative materials include The Vortex Indicator (2010); Reference source: https://traders.com/documentation/feedbk_docs/2010/01/Botes.html; Reference source: https://www.investopedia.com/terms/v/vortex-indicator-vi.asp. The work is useful for trend identification, moving averages, channels, and trend following.",3,3,1,0,1,3 筆研究材料；3 個不同來源；1 筆高證據等級；書籍 0 筆；論文/文章 1 筆。,3 research materials; 3 distinct sources; 1 high-evidence records; 0 book records; 1 paper/article records.,專題權威,Specialized authority,Vortex 指標,Vortex Indicator,1,1,0,1,優先用於：趨勢辨識、均線、通道與趨勢跟隨。,"Best used for: trend identification, moving averages, channels, and trend following.",道格拉斯・西普曼在完整資料庫中屬於專題權威，可從其代表材料與優勝指標交叉研究。,Douglas Siepman is a Specialized authority in the complete database; study the representative materials together with the winning indicators.
olivier-seban,73,奧利維耶・塞班,Olivier Seban,France,,交易者、指標創作者,indicator_creator,技術指標創作者,Indicator creator,19,SuperTrend（創始者）；ATR 平均真實波幅（ATR 通道應用）；趨勢跟隨（趨勢跟隨）,SuperTrend (creator); Average True Range (ATR channel application); Trend Following (trend following),趨勢辨識、均線、通道與趨勢跟隨；波動率、通道寬度與風險環境,"trend identification, moving averages, channels, and trend following; volatility, channel width, and risk regimes",原文題名：SuperTrend（2009）；參考來源：https://www.investopedia.com/supertrend-indicator-7976167；參考來源：https://www.tradingview.com/support/solutions/43000634738-supertrend/,SuperTrend (2009); Reference source: https://www.investopedia.com/supertrend-indicator-7976167; Reference source: https://www.tradingview.com/support/solutions/43000634738-supertrend/,奧利維耶・塞班（Olivier Seban）定位為技術指標創作者。研究/貢獻重點集中在SuperTrend（創始者）；ATR 平均真實波幅（ATR 通道應用）；趨勢跟隨（趨勢跟隨）。代表資料包括原文題名：SuperTrend（2009）；參考來源：https://www.investopedia.com/supertrend-indicator-7976167；參考來源：https://www.tradingview.com/support/solutions/43000634738-supertrend/。可用於趨勢辨識、均線、通道與趨勢跟隨；波動率、通道寬度與風險環境。,"Olivier Seban (奧利維耶・塞班) is classified as a Indicator creator. The research/contribution focus is SuperTrend (creator); Average True Range (ATR channel application); Trend Following (trend following). Representative materials include SuperTrend (2009); Reference source: https://www.investopedia.com/supertrend-indicator-7976167; Reference source: https://www.tradingview.com/support/solutions/43000634738-supertrend/. The work is useful for trend identification, moving averages, channels, and trend following; volatility, channel width, and risk regimes.",3,2,0,0,0,3 筆研究材料；2 個不同來源；0 筆高證據等級；書籍 0 筆；論文/文章 0 筆。,3 research materials; 2 distinct sources; 0 high-evidence records; 0 book records; 0 paper/article records.,專題權威,Specialized authority,SuperTrend,SuperTrend,1,1,0,1,優先用於：趨勢辨識、均線、通道與趨勢跟隨；波動率、通道寬度與風險環境。,"Best used for: trend identification, moving averages, channels, and trend following; volatility, channel width, and risk regimes.",奧利維耶・塞班在完整資料庫中屬於專題權威，可從其代表材料與優勝指標交叉研究。,Olivier Seban is a Specialized authority in the complete database; study the representative materials together with the winning indicators.
hank-pruden,74,漢克・普魯登,Hank Pruden,United States,1936-2018,學者、Wyckoff 教育者、CMT 社群人物,educator,技術分析教育者,Technical-analysis educator,21,威科夫方法（教育者）；成交量分析（供需/量價）；交易系統（三大交易技能）,Wyckoff Method (educator); Volume Analysis (supply/demand and price-volume work); Trading Systems (three trading skills),量價關係、資金流與供需分析；系統交易、規則設計與回測流程,"price-volume relationships, money flow, and supply/demand; systematic trading, rule design, and backtesting",《頂尖交易的三項技能》（2007）；參考來源：https://chartschool.stockcharts.com/table-of-contents/market-analysis/wyckoff-analysis-articles/the-wyckoff-method-a-tutorial；參考來源：https://www.wyckoffanalytics.com/hank-pruden/,The Three Skills of Top Trading (2007); Reference source: https://chartschool.stockcharts.com/table-of-contents/market-analysis/wyckoff-analysis-articles/the-wyckoff-method-a-tutorial; Reference source: https://www.wyckoffanalytics.com/hank-pruden/,漢克・普魯登（Hank Pruden）定位為技術分析教育者。研究/貢獻重點集中在威科夫方法（教育者）；成交量分析（供需/量價）；交易系統（三大交易技能）。代表資料包括《頂尖交易的三項技能》（2007）；參考來源：https://chartschool.stockcharts.com/table-of-contents/market-analysis/wyckoff-analysis-articles/the-wyckoff-method-a-tutorial；參考來源：https://www.wyckoffanalytics.com/hank-pruden/。可用於量價關係、資金流與供需分析；系統交易、規則設計與回測流程。,"Hank Pruden (漢克・普魯登) is classified as a Technical-analysis educator. The research/contribution focus is Wyckoff Method (educator); Volume Analysis (supply/demand and price-volume work); Trading Systems (three trading skills). Representative materials include The Three Skills of Top Trading (2007); Reference source: https://chartschool.stockcharts.com/table-of-contents/market-analysis/wyckoff-analysis-articles/the-wyckoff-method-a-tutorial; Reference source: https://www.wyckoffanalytics.com/hank-pruden/. The work is useful for price-volume relationships, money flow, and supply/demand; systematic trading, rule design, and backtesting.",3,3,1,1,0,3 筆研究材料；3 個不同來源；1 筆高證據等級；書籍 1 筆；論文/文章 0 筆。,3 research materials; 3 distinct sources; 1 high-evidence records; 1 book records; 0 paper/article records.,專題權威,Specialized authority,,,0,0,0,0,優先用於：量價關係、資金流與供需分析；系統交易、規則設計與回測流程。,"Best used for: price-volume relationships, money flow, and supply/demand; systematic trading, rule design, and backtesting.",漢克・普魯登在完整資料庫中屬於專題權威，可從其代表材料與優勝指標交叉研究。,Hank Pruden is a Specialized authority in the complete database; study the representative materials together with the winning indicators.
david-weis,75,大衛・韋斯,David Weis,United States,1942-2020,Wyckoff 交易者、作家,educator,技術分析教育者,Technical-analysis educator,20,威科夫方法（現代改編者）；成交量分析（Weis Wave）；價格行為（價格量能）,Wyckoff Method (modern adapter); Volume Analysis (Weis Wave); Price Action (price and volume action),量價關係、資金流與供需分析；圖表型態、價格結構與支撐阻力,"price-volume relationships, money flow, and supply/demand; chart patterns, price structure, and support/resistance",《即將發生的交易》（2013）；參考來源：https://books.google.com/books/about/Trades_About_to_Happen.html?id=IPw1CgAAQBAJ；參考來源：https://www.wyckoffanalytics.com/david-weis/,Trades About to Happen (2013); Reference source: https://books.google.com/books/about/Trades_About_to_Happen.html?id=IPw1CgAAQBAJ; Reference source: https://www.wyckoffanalytics.com/david-weis/,大衛・韋斯（David Weis）定位為技術分析教育者。研究/貢獻重點集中在威科夫方法（現代改編者）；成交量分析（Weis Wave）；價格行為（價格量能）。代表資料包括《即將發生的交易》（2013）；參考來源：https://books.google.com/books/about/Trades_About_to_Happen.html?id=IPw1CgAAQBAJ；參考來源：https://www.wyckoffanalytics.com/david-weis/。可用於量價關係、資金流與供需分析；圖表型態、價格結構與支撐阻力。,"David Weis (大衛・韋斯) is classified as a Technical-analysis educator. The research/contribution focus is Wyckoff Method (modern adapter); Volume Analysis (Weis Wave); Price Action (price and volume action). Representative materials include Trades About to Happen (2013); Reference source: https://books.google.com/books/about/Trades_About_to_Happen.html?id=IPw1CgAAQBAJ; Reference source: https://www.wyckoffanalytics.com/david-weis/. The work is useful for price-volume relationships, money flow, and supply/demand; chart patterns, price structure, and support/resistance.",3,2,1,1,0,3 筆研究材料；2 個不同來源；1 筆高證據等級；書籍 1 筆；論文/文章 0 筆。,3 research materials; 2 distinct sources; 1 high-evidence records; 1 book records; 0 paper/article records.,專題權威,Specialized authority,,,0,0,0,1,優先用於：量價關係、資金流與供需分析；圖表型態、價格結構與支撐阻力。,"Best used for: price-volume relationships, money flow, and supply/demand; chart patterns, price structure, and support/resistance.",大衛・韋斯在完整資料庫中屬於專題權威，可從其代表材料與優勝指標交叉研究。,David Weis is a Specialized authority in the complete database; study the representative materials together with the winning indicators.
tom-williams,76,湯姆・威廉斯,Tom Williams,United Kingdom,1929-2016,VSA 創始/推廣者、TradeGuider 創辦人,indicator_specialist,指標專題專家,Indicator specialist,18,VSA 量價差分析（創始/推廣者）；威科夫方法（威科夫衍生）；成交量分析（量價差）,Volume Spread Analysis (creator/promoter); Wyckoff Method (Wyckoff-derived method); Volume Analysis (volume-spread analysis),量價關係、資金流與供需分析,"price-volume relationships, money flow, and supply/demand",《掌握市場》（1993）；參考來源：https://www.acmetrades.com/tom-williams；參考來源：https://www.tradeguider.com/resource_center1.asp,Master the Markets (1993); Reference source: https://www.acmetrades.com/tom-williams; Reference source: https://www.tradeguider.com/resource_center1.asp,湯姆・威廉斯（Tom Williams）定位為指標專題專家。研究/貢獻重點集中在VSA 量價差分析（創始/推廣者）；威科夫方法（威科夫衍生）；成交量分析（量價差）。代表資料包括《掌握市場》（1993）；參考來源：https://www.acmetrades.com/tom-williams；參考來源：https://www.tradeguider.com/resource_center1.asp。可用於量價關係、資金流與供需分析。,"Tom Williams (湯姆・威廉斯) is classified as a Indicator specialist. The research/contribution focus is Volume Spread Analysis (creator/promoter); Wyckoff Method (Wyckoff-derived method); Volume Analysis (volume-spread analysis). Representative materials include Master the Markets (1993); Reference source: https://www.acmetrades.com/tom-williams; Reference source: https://www.tradeguider.com/resource_center1.asp. The work is useful for price-volume relationships, money flow, and supply/demand.",3,3,1,1,0,3 筆研究材料；3 個不同來源；1 筆高證據等級；書籍 1 筆；論文/文章 0 筆。,3 research materials; 3 distinct sources; 1 high-evidence records; 1 book records; 0 paper/article records.,專題權威,Specialized authority,VSA 量價差分析,Volume Spread Analysis,1,1,0,0,優先用於：量價關係、資金流與供需分析。,"Best used for: price-volume relationships, money flow, and supply/demand.",湯姆・威廉斯在完整資料庫中屬於專題權威，可從其代表材料與優勝指標交叉研究。,Tom Williams is a Specialized authority in the complete database; study the representative materials together with the winning indicators.
a-w-cohen,77,A・W・科恩,A. W. Cohen,United States,,點數圖作者、Chartcraft 創辦人,charting_specialist,圖表方法專家,Charting specialist,19,點數圖（3-box reversal 推廣者）；市場寬度（Bullish Percent）,Point and Figure (3-box reversal promoter); Market Breadth (Bullish Percent),圖表型態、價格結構與支撐阻力；市場寬度、內部強弱與指數健康度判讀,"chart patterns, price structure, and support/resistance; market breadth, internal strength, and index health",《如何使用點數圖三點反轉法交易股票》（1947）；參考來源：https://books.google.com/books/about/How_to_Use_the_Three_point_Reversal_Meth.html?id=iMdEAAAAIAAJ；參考來源：https://chartschool.stockcharts.com/table-of-contents/chart-analysis/point-and-figure-charts/point-and-figure-basics/introduction-to-point-and-figure-charts；參考來源：https://openlibrary.org/works/OL174845W/How_to_use_the_three-point_reversal_method_of_point_figure_stock_market_trading,How to Use the Three-Point Reversal Method of Point & Figure Stock Market Trading (1947); Reference source: https://books.google.com/books/about/How_to_Use_the_Three_point_Reversal_Meth.html?id=iMdEAAAAIAAJ; Reference source: https://chartschool.stockcharts.com/table-of-contents/chart-analysis/point-and-figure-charts/point-and-figure-basics/introduction-to-point-and-figure-charts; Reference source: https://openlibrary.org/works/OL174845W/How_to_use_the_three-point_reversal_method_of_point_figure_stock_market_trading,A・W・科恩（A. W. Cohen）定位為圖表方法專家。研究/貢獻重點集中在點數圖（3-box reversal 推廣者）；市場寬度（Bullish Percent）。代表資料包括《如何使用點數圖三點反轉法交易股票》（1947）；參考來源：https://books.google.com/books/about/How_to_Use_the_Three_point_Reversal_Meth.html?id=iMdEAAAAIAAJ；參考來源：https://chartschool.stockcharts.com/table-of-contents/chart-analysis/point-and-figure-charts/point-and-figure-basics/introduction-to-point-and-figure-charts；參考來源：https://openlibrary.org/works/OL174845W/How_to_use_the_three-point_reversal_method_of_point_figure_stock_market_trading。可用於圖表型態、價格結構與支撐阻力；市場寬度、內部強弱與指數健康度判讀。,"A. W. Cohen (A・W・科恩) is classified as a Charting specialist. The research/contribution focus is Point and Figure (3-box reversal promoter); Market Breadth (Bullish Percent). Representative materials include How to Use the Three-Point Reversal Method of Point & Figure Stock Market Trading (1947); Reference source: https://books.google.com/books/about/How_to_Use_the_Three_point_Reversal_Meth.html?id=iMdEAAAAIAAJ; Reference source: https://chartschool.stockcharts.com/table-of-contents/chart-analysis/point-and-figure-charts/point-and-figure-basics/introduction-to-point-and-figure-charts; Reference source: https://openlibrary.org/works/OL174845W/How_to_use_the_three-point_reversal_method_of_point_figure_stock_market_trading. The work is useful for chart patterns, price structure, and support/resistance; market breadth, internal strength, and index health.",4,3,0,1,0,4 筆研究材料；3 個不同來源；0 筆高證據等級；書籍 1 筆；論文/文章 0 筆。,4 research materials; 3 distinct sources; 0 high-evidence records; 1 book records; 0 paper/article records.,專題權威,Specialized authority,點數圖,Point and Figure,1,1,0,0,優先用於：圖表型態、價格結構與支撐阻力；市場寬度、內部強弱與指數健康度判讀。,"Best used for: chart patterns, price structure, and support/resistance; market breadth, internal strength, and index health.",A・W・科恩在完整資料庫中屬於專題權威，可從其代表材料與優勝指標交叉研究。,A. W. Cohen is a Specialized authority in the complete database; study the representative materials together with the winning indicators.
thomas-j-dorsey,78,湯瑪斯・多爾西,Thomas J. Dorsey,United States,,點數圖作家、Dorsey Wright 創辦人,charting_specialist,圖表方法專家,Charting specialist,20,點數圖（現代推廣者）；相對強弱 / 強勢股篩選（P&F 相對強弱）,Point and Figure (modern promoter); Relative Strength (P&F relative strength),圖表型態、價格結構與支撐阻力；股票選股、相對強弱與成長股篩選,"chart patterns, price structure, and support/resistance; stock selection, relative strength, and growth-stock screening",《點數圖分析》（1995）；參考來源：https://oxlive.dorseywright.com/university/faq.html；參考來源：https://www.investopedia.com/terms/p/pointandfigurechart.asp,Point & Figure Charting (1995); Reference source: https://oxlive.dorseywright.com/university/faq.html; Reference source: https://www.investopedia.com/terms/p/pointandfigurechart.asp,湯瑪斯・多爾西（Thomas J. Dorsey）定位為圖表方法專家。研究/貢獻重點集中在點數圖（現代推廣者）；相對強弱 / 強勢股篩選（P&F 相對強弱）。代表資料包括《點數圖分析》（1995）；參考來源：https://oxlive.dorseywright.com/university/faq.html；參考來源：https://www.investopedia.com/terms/p/pointandfigurechart.asp。可用於圖表型態、價格結構與支撐阻力；股票選股、相對強弱與成長股篩選。,"Thomas J. Dorsey (湯瑪斯・多爾西) is classified as a Charting specialist. The research/contribution focus is Point and Figure (modern promoter); Relative Strength (P&F relative strength). Representative materials include Point & Figure Charting (1995); Reference source: https://oxlive.dorseywright.com/university/faq.html; Reference source: https://www.investopedia.com/terms/p/pointandfigurechart.asp. The work is useful for chart patterns, price structure, and support/resistance; stock selection, relative strength, and growth-stock screening.",3,3,1,1,0,3 筆研究材料；3 個不同來源；1 筆高證據等級；書籍 1 筆；論文/文章 0 筆。,3 research materials; 3 distinct sources; 1 high-evidence records; 1 book records; 0 paper/article records.,專題權威,Specialized authority,,,0,0,0,1,優先用於：圖表型態、價格結構與支撐阻力；股票選股、相對強弱與成長股篩選。,"Best used for: chart patterns, price structure, and support/resistance; stock selection, relative strength, and growth-stock screening.",湯瑪斯・多爾西在完整資料庫中屬於專題權威，可從其代表材料與優勝指標交叉研究。,Thomas J. Dorsey is a Specialized authority in the complete database; study the representative materials together with the winning indicators.
jeremy-du-plessis,79,傑瑞米・杜普萊西斯,Jeremy du Plessis,South Africa / United Kingdom,,點數圖作家,charting_specialist,圖表方法專家,Charting specialist,20,點數圖（現代教材作者）；布林通道（P&F 結合指標）；RSI 相對強弱指數（P&F 結合指標）,Point and Figure (modern textbook author); Bollinger Bands (P&F-integrated indicator work); Relative Strength Index (P&F-integrated indicator work),圖表型態、價格結構與支撐阻力；波動率、通道寬度與風險環境；動量、超買超賣、背離與趨勢強弱,"chart patterns, price structure, and support/resistance; volatility, channel width, and risk regimes; momentum, overbought/oversold conditions, divergence, and trend strength",《點數圖權威指南》（2005）；《二十一世紀點數圖》（2015）；參考來源：https://harriman-house.com/authors/jeremy-du-plessis/21st-century-point-and-figure/9780857194428,The Definitive Guide to Point and Figure (2005); 21st Century Point and Figure (2015); Reference source: https://harriman-house.com/authors/jeremy-du-plessis/21st-century-point-and-figure/9780857194428,傑瑞米・杜普萊西斯（Jeremy du Plessis）定位為圖表方法專家。研究/貢獻重點集中在點數圖（現代教材作者）；布林通道（P&F 結合指標）；RSI 相對強弱指數（P&F 結合指標）。代表資料包括《點數圖權威指南》（2005）；《二十一世紀點數圖》（2015）；參考來源：https://harriman-house.com/authors/jeremy-du-plessis/21st-century-point-and-figure/9780857194428。可用於圖表型態、價格結構與支撐阻力；波動率、通道寬度與風險環境；動量、超買超賣、背離與趨勢強弱。,"Jeremy du Plessis (傑瑞米・杜普萊西斯) is classified as a Charting specialist. The research/contribution focus is Point and Figure (modern textbook author); Bollinger Bands (P&F-integrated indicator work); Relative Strength Index (P&F-integrated indicator work). Representative materials include The Definitive Guide to Point and Figure (2005); 21st Century Point and Figure (2015); Reference source: https://harriman-house.com/authors/jeremy-du-plessis/21st-century-point-and-figure/9780857194428. The work is useful for chart patterns, price structure, and support/resistance; volatility, channel width, and risk regimes; momentum, overbought/oversold conditions, divergence, and trend strength.",3,2,1,2,0,3 筆研究材料；2 個不同來源；1 筆高證據等級；書籍 2 筆；論文/文章 0 筆。,3 research materials; 2 distinct sources; 1 high-evidence records; 2 book records; 0 paper/article records.,專題權威,Specialized authority,,,0,0,0,0,優先用於：圖表型態、價格結構與支撐阻力；波動率、通道寬度與風險環境；動量、超買超賣、背離與趨勢強弱。,"Best used for: chart patterns, price structure, and support/resistance; volatility, channel width, and risk regimes; momentum, overbought/oversold conditions, divergence, and trend strength.",傑瑞米・杜普萊西斯在完整資料庫中屬於專題權威，可從其代表材料與優勝指標交叉研究。,Jeremy du Plessis is a Specialized authority in the complete database; study the representative materials together with the winning indicators.
j-peter-steidlmayer,80,彼得・史戴梅爾,J. Peter Steidlmayer,United States,,CBOT 交易員、Market Profile 創始者,indicator_creator,技術指標創作者,Indicator creator,22,Market Profile（創始者）；成交量分析（價格時間分佈）；支撐阻力（價值區）,Market Profile (creator); Volume Analysis (time-price distribution); Support and Resistance (value area),拍賣市場結構、價值區與成交分佈判讀；量價關係、資金流與供需分析；圖表型態、價格結構與支撐阻力,"auction-market structure, value areas, and distribution analysis; price-volume relationships, money flow, and supply/demand; chart patterns, price structure, and support/resistance",《市場與市場邏輯》（1986）；《史戴梅爾談市場》（1989）；參考來源：https://www.profiletrading.com/about/,Markets and Market Logic (1986); Steidlmayer on Markets (1989); Reference source: https://www.profiletrading.com/about/,彼得・史戴梅爾（J. Peter Steidlmayer）定位為技術指標創作者。研究/貢獻重點集中在Market Profile（創始者）；成交量分析（價格時間分佈）；支撐阻力（價值區）。代表資料包括《市場與市場邏輯》（1986）；《史戴梅爾談市場》（1989）；參考來源：https://www.profiletrading.com/about/。可用於拍賣市場結構、價值區與成交分佈判讀；量價關係、資金流與供需分析；圖表型態、價格結構與支撐阻力。,"J. Peter Steidlmayer (彼得・史戴梅爾) is classified as a Indicator creator. The research/contribution focus is Market Profile (creator); Volume Analysis (time-price distribution); Support and Resistance (value area). Representative materials include Markets and Market Logic (1986); Steidlmayer on Markets (1989); Reference source: https://www.profiletrading.com/about/. The work is useful for auction-market structure, value areas, and distribution analysis; price-volume relationships, money flow, and supply/demand; chart patterns, price structure, and support/resistance.",3,2,1,2,0,3 筆研究材料；2 個不同來源；1 筆高證據等級；書籍 2 筆；論文/文章 0 筆。,3 research materials; 2 distinct sources; 1 high-evidence records; 2 book records; 0 paper/article records.,重要權威,Major authority,Market Profile,Market Profile,1,1,0,2,優先用於：拍賣市場結構、價值區與成交分佈判讀；量價關係、資金流與供需分析；圖表型態、價格結構與支撐阻力。,"Best used for: auction-market structure, value areas, and distribution analysis; price-volume relationships, money flow, and supply/demand; chart patterns, price structure, and support/resistance.",彼得・史戴梅爾在完整資料庫中屬於重要權威，可從其代表材料與優勝指標交叉研究。,J. Peter Steidlmayer is a Major authority in the complete database; study the representative materials together with the winning indicators.
james-f-dalton,81,詹姆斯・道爾頓,James F. Dalton,United States,,Market Profile 作家、教育者,author_practitioner,作者兼實戰交易者,Author-practitioner,20,Market Profile（推廣者/作者）；價格行為（拍賣市場邏輯）,Market Profile (promoter/author); Price Action (auction-market logic),拍賣市場結構、價值區與成交分佈判讀；圖表型態、價格結構與支撐阻力,"auction-market structure, value areas, and distribution analysis; chart patterns, price structure, and support/resistance",《市場之上》（1990）；《市場輪廓》（2007）；參考來源：https://jimdaltontrading.com/books/,Mind Over Markets (1990); Markets in Profile (2007); Reference source: https://jimdaltontrading.com/books/,詹姆斯・道爾頓（James F. Dalton）定位為作者兼實戰交易者。研究/貢獻重點集中在Market Profile（推廣者/作者）；價格行為（拍賣市場邏輯）。代表資料包括《市場之上》（1990）；《市場輪廓》（2007）；參考來源：https://jimdaltontrading.com/books/。可用於拍賣市場結構、價值區與成交分佈判讀；圖表型態、價格結構與支撐阻力。,"James F. Dalton (詹姆斯・道爾頓) is classified as a Author-practitioner. The research/contribution focus is Market Profile (promoter/author); Price Action (auction-market logic). Representative materials include Mind Over Markets (1990); Markets in Profile (2007); Reference source: https://jimdaltontrading.com/books/. The work is useful for auction-market structure, value areas, and distribution analysis; chart patterns, price structure, and support/resistance.",3,2,1,2,0,3 筆研究材料；2 個不同來源；1 筆高證據等級；書籍 2 筆；論文/文章 0 筆。,3 research materials; 2 distinct sources; 1 high-evidence records; 2 book records; 0 paper/article records.,專題權威,Specialized authority,,,0,0,0,1,優先用於：拍賣市場結構、價值區與成交分佈判讀；圖表型態、價格結構與支撐阻力。,"Best used for: auction-market structure, value areas, and distribution analysis; chart patterns, price structure, and support/resistance.",詹姆斯・道爾頓在完整資料庫中屬於專題權威，可從其代表材料與優勝指標交叉研究。,James F. Dalton is a Specialized authority in the complete database; study the representative materials together with the winning indicators.
mark-b-fisher,82,馬克・費雪,Mark B. Fisher,United States,,交易所交易者、ACD 方法作者,practitioner_author,實戰交易者兼作者,Practitioner-author,21,ACD 開盤區間法（創始者）；開盤區間突破（開盤區間）；支撐阻力（Pivot range）,ACD Method (creator); Opening Range Breakout (opening range); Support and Resistance (Pivot range),突破、波動擴張與開盤區間交易；圖表型態、價格結構與支撐阻力,"breakouts, volatility expansion, and opening-range trading; chart patterns, price structure, and support/resistance",《邏輯交易者》（2002）；參考來源：https://www.investopedia.com/articles/technical/04/032404.asp；參考來源：https://www.investopedia.com/articles/technical/04/040704.asp,The Logical Trader (2002); Reference source: https://www.investopedia.com/articles/technical/04/032404.asp; Reference source: https://www.investopedia.com/articles/technical/04/040704.asp,馬克・費雪（Mark B. Fisher）定位為實戰交易者兼作者。研究/貢獻重點集中在ACD 開盤區間法（創始者）；開盤區間突破（開盤區間）；支撐阻力（Pivot range）。代表資料包括《邏輯交易者》（2002）；參考來源：https://www.investopedia.com/articles/technical/04/032404.asp；參考來源：https://www.investopedia.com/articles/technical/04/040704.asp。可用於突破、波動擴張與開盤區間交易；圖表型態、價格結構與支撐阻力。,"Mark B. Fisher (馬克・費雪) is classified as a Practitioner-author. The research/contribution focus is ACD Method (creator); Opening Range Breakout (opening range); Support and Resistance (Pivot range). Representative materials include The Logical Trader (2002); Reference source: https://www.investopedia.com/articles/technical/04/032404.asp; Reference source: https://www.investopedia.com/articles/technical/04/040704.asp. The work is useful for breakouts, volatility expansion, and opening-range trading; chart patterns, price structure, and support/resistance.",3,3,1,1,0,3 筆研究材料；3 個不同來源；1 筆高證據等級；書籍 1 筆；論文/文章 0 筆。,3 research materials; 3 distinct sources; 1 high-evidence records; 1 book records; 0 paper/article records.,專題權威,Specialized authority,ACD 開盤區間法,ACD Method,1,1,0,0,優先用於：突破、波動擴張與開盤區間交易；圖表型態、價格結構與支撐阻力。,"Best used for: breakouts, volatility expansion, and opening-range trading; chart patterns, price structure, and support/resistance.",馬克・費雪在完整資料庫中屬於專題權威，可從其代表材料與優勝指標交叉研究。,Mark B. Fisher is a Specialized authority in the complete database; study the representative materials together with the winning indicators.
toby-crabel,83,托比・克拉貝爾,Toby Crabel,United States,,交易者、開盤區間突破作者,practitioner_author,實戰交易者兼作者,Practitioner-author,20,開盤區間突破（代表作者）；價格行為（Narrow Range 型態）；波動率（波動擴張）,Opening Range Breakout (代表作者); Price Action (Narrow Range pattern); Volatility (volatility expansion),突破、波動擴張與開盤區間交易；圖表型態、價格結構與支撐阻力；波動率、通道寬度與風險環境,"breakouts, volatility expansion, and opening-range trading; chart patterns, price structure, and support/resistance; volatility, channel width, and risk regimes",《短線價格型態與開盤區間突破日內交易》（1990）；參考來源：https://oxfordstrat.com/trading-strategies/toby-crabel-narrow-range-1/,Day Trading with Short Term Price Patterns and Opening Range Breakout (1990); Reference source: https://oxfordstrat.com/trading-strategies/toby-crabel-narrow-range-1/,托比・克拉貝爾（Toby Crabel）定位為實戰交易者兼作者。研究/貢獻重點集中在開盤區間突破（代表作者）；價格行為（Narrow Range 型態）；波動率（波動擴張）。代表資料包括《短線價格型態與開盤區間突破日內交易》（1990）；參考來源：https://oxfordstrat.com/trading-strategies/toby-crabel-narrow-range-1/。可用於突破、波動擴張與開盤區間交易；圖表型態、價格結構與支撐阻力；波動率、通道寬度與風險環境。,"Toby Crabel (托比・克拉貝爾) is classified as a Practitioner-author. The research/contribution focus is Opening Range Breakout (代表作者); Price Action (Narrow Range pattern); Volatility (volatility expansion). Representative materials include Day Trading with Short Term Price Patterns and Opening Range Breakout (1990); Reference source: https://oxfordstrat.com/trading-strategies/toby-crabel-narrow-range-1/. The work is useful for breakouts, volatility expansion, and opening-range trading; chart patterns, price structure, and support/resistance; volatility, channel width, and risk regimes.",2,2,1,1,0,2 筆研究材料；2 個不同來源；1 筆高證據等級；書籍 1 筆；論文/文章 0 筆。,2 research materials; 2 distinct sources; 1 high-evidence records; 1 book records; 0 paper/article records.,專題權威,Specialized authority,開盤區間突破,Opening Range Breakout,1,1,0,0,優先用於：突破、波動擴張與開盤區間交易；圖表型態、價格結構與支撐阻力；波動率、通道寬度與風險環境。,"Best used for: breakouts, volatility expansion, and opening-range trading; chart patterns, price structure, and support/resistance; volatility, channel width, and risk regimes.",托比・克拉貝爾在完整資料庫中屬於專題權威，可從其代表材料與優勝指標交叉研究。,Toby Crabel is a Specialized authority in the complete database; study the representative materials together with the winning indicators.
victor-sperandeo,84,維克多・斯佩蘭迪奧,Victor Sperandeo,United States,1945-,交易者、作家,practitioner_author,實戰交易者兼作者,Practitioner-author,19,價格行為（2B 型態）；趨勢跟隨（1-2-3 反轉）；支撐阻力（趨勢線）,Price Action (2B pattern); Trend Following (1-2-3 reversal); Support and Resistance (trendlines),圖表型態、價格結構與支撐阻力；趨勢辨識、均線、通道與趨勢跟隨,"chart patterns, price structure, and support/resistance; trend identification, moving averages, channels, and trend following",《Trader Vic：華爾街大師的方法》（1991）；參考來源：https://thepatternsite.com/2B.html,Trader Vic: Methods of a Wall Street Master (1991); Reference source: https://thepatternsite.com/2B.html,維克多・斯佩蘭迪奧（Victor Sperandeo）定位為實戰交易者兼作者。研究/貢獻重點集中在價格行為（2B 型態）；趨勢跟隨（1-2-3 反轉）；支撐阻力（趨勢線）。代表資料包括《Trader Vic：華爾街大師的方法》（1991）；參考來源：https://thepatternsite.com/2B.html。可用於圖表型態、價格結構與支撐阻力；趨勢辨識、均線、通道與趨勢跟隨。,"Victor Sperandeo (維克多・斯佩蘭迪奧) is classified as a Practitioner-author. The research/contribution focus is Price Action (2B pattern); Trend Following (1-2-3 reversal); Support and Resistance (trendlines). Representative materials include Trader Vic: Methods of a Wall Street Master (1991); Reference source: https://thepatternsite.com/2B.html. The work is useful for chart patterns, price structure, and support/resistance; trend identification, moving averages, channels, and trend following.",2,2,1,1,0,2 筆研究材料；2 個不同來源；1 筆高證據等級；書籍 1 筆；論文/文章 0 筆。,2 research materials; 2 distinct sources; 1 high-evidence records; 1 book records; 0 paper/article records.,專題權威,Specialized authority,,,0,0,0,0,優先用於：圖表型態、價格結構與支撐阻力；趨勢辨識、均線、通道與趨勢跟隨。,"Best used for: chart patterns, price structure, and support/resistance; trend identification, moving averages, channels, and trend following.",維克多・斯佩蘭迪奧在完整資料庫中屬於專題權威，可從其代表材料與優勝指標交叉研究。,Victor Sperandeo is a Specialized authority in the complete database; study the representative materials together with the winning indicators.
robert-c-miner,85,羅伯特・邁納,Robert C. Miner,United States,,技術分析軟體/教育者、作家,author_practitioner,作者兼實戰交易者,Author-practitioner,20,艾略特波浪（波浪/時間價格）；費波納契時間/價格（時間價格）；動量（多週期動量）,Elliott Wave (wave/time-price work); Fibonacci Time and Price (time and price analysis); Momentum (multi-timeframe momentum),波浪、分形結構與時間價格路徑；價格水平、通道、費波納契與支撐阻力；動量、超買超賣、背離與趨勢強弱,"waves, fractal structure, and time-price paths; price levels, channels, Fibonacci work, and support/resistance; momentum, overbought/oversold conditions, divergence, and trend strength",《動態交易》（1997）；參考來源：https://books.google.com/books/about/Dynamic_Trading.html?id=ymtaAAAAYAAJ；參考來源：https://dynamictraders.com/dt-books/；參考來源：https://www.amazon.com/Dynamic-Trading-Practical-Strategies-Investors/dp/093438083X,Dynamic Trading (1997); Reference source: https://books.google.com/books/about/Dynamic_Trading.html?id=ymtaAAAAYAAJ; Reference source: https://dynamictraders.com/dt-books/; Reference source: https://www.amazon.com/Dynamic-Trading-Practical-Strategies-Investors/dp/093438083X,羅伯特・邁納（Robert C. Miner）定位為作者兼實戰交易者。研究/貢獻重點集中在艾略特波浪（波浪/時間價格）；費波納契時間/價格（時間價格）；動量（多週期動量）。代表資料包括《動態交易》（1997）；參考來源：https://books.google.com/books/about/Dynamic_Trading.html?id=ymtaAAAAYAAJ；參考來源：https://dynamictraders.com/dt-books/；參考來源：https://www.amazon.com/Dynamic-Trading-Practical-Strategies-Investors/dp/093438083X。可用於波浪、分形結構與時間價格路徑；價格水平、通道、費波納契與支撐阻力；動量、超買超賣、背離與趨勢強弱。,"Robert C. Miner (羅伯特・邁納) is classified as a Author-practitioner. The research/contribution focus is Elliott Wave (wave/time-price work); Fibonacci Time and Price (time and price analysis); Momentum (multi-timeframe momentum). Representative materials include Dynamic Trading (1997); Reference source: https://books.google.com/books/about/Dynamic_Trading.html?id=ymtaAAAAYAAJ; Reference source: https://dynamictraders.com/dt-books/; Reference source: https://www.amazon.com/Dynamic-Trading-Practical-Strategies-Investors/dp/093438083X. The work is useful for waves, fractal structure, and time-price paths; price levels, channels, Fibonacci work, and support/resistance; momentum, overbought/oversold conditions, divergence, and trend strength.",4,3,0,1,0,4 筆研究材料；3 個不同來源；0 筆高證據等級；書籍 1 筆；論文/文章 0 筆。,4 research materials; 3 distinct sources; 0 high-evidence records; 1 book records; 0 paper/article records.,專題權威,Specialized authority,,,0,0,0,0,優先用於：波浪、分形結構與時間價格路徑；價格水平、通道、費波納契與支撐阻力；動量、超買超賣、背離與趨勢強弱。,"Best used for: waves, fractal structure, and time-price paths; price levels, channels, Fibonacci work, and support/resistance; momentum, overbought/oversold conditions, divergence, and trend strength.",羅伯特・邁納在完整資料庫中屬於專題權威，可從其代表材料與優勝指標交叉研究。,Robert C. Miner is a Specialized authority in the complete database; study the representative materials together with the winning indicators.
carolyn-boroden,86,卡洛琳・波羅登,Carolyn Boroden,United States,,Fibonacci 技術分析師、作家,indicator_specialist,指標專題專家,Indicator specialist,18,費波納契時間/價格（時間價格專家）；支撐阻力（價格叢集）；艾略特波浪（波浪/時間）,Fibonacci Time and Price (time-price specialist); Support and Resistance (price clusters); Elliott Wave (wave and timing work),價格水平、通道、費波納契與支撐阻力；圖表型態、價格結構與支撐阻力；波浪、分形結構與時間價格路徑,"price levels, channels, Fibonacci work, and support/resistance; chart patterns, price structure, and support/resistance; waves, fractal structure, and time-price paths",《費波納契交易》（2008）；參考來源：https://www.elliottwavetrader.net/analyst/Carolyn-Boroden；參考來源：https://www.moneyshow.com/expert/ote17731/carolyn-boroden/,Fibonacci Trading (2008); Reference source: https://www.elliottwavetrader.net/analyst/Carolyn-Boroden; Reference source: https://www.moneyshow.com/expert/ote17731/carolyn-boroden/,卡洛琳・波羅登（Carolyn Boroden）定位為指標專題專家。研究/貢獻重點集中在費波納契時間/價格（時間價格專家）；支撐阻力（價格叢集）；艾略特波浪（波浪/時間）。代表資料包括《費波納契交易》（2008）；參考來源：https://www.elliottwavetrader.net/analyst/Carolyn-Boroden；參考來源：https://www.moneyshow.com/expert/ote17731/carolyn-boroden/。可用於價格水平、通道、費波納契與支撐阻力；圖表型態、價格結構與支撐阻力；波浪、分形結構與時間價格路徑。,"Carolyn Boroden (卡洛琳・波羅登) is classified as a Indicator specialist. The research/contribution focus is Fibonacci Time and Price (time-price specialist); Support and Resistance (price clusters); Elliott Wave (wave and timing work). Representative materials include Fibonacci Trading (2008); Reference source: https://www.elliottwavetrader.net/analyst/Carolyn-Boroden; Reference source: https://www.moneyshow.com/expert/ote17731/carolyn-boroden/. The work is useful for price levels, channels, Fibonacci work, and support/resistance; chart patterns, price structure, and support/resistance; waves, fractal structure, and time-price paths.",3,2,0,1,0,3 筆研究材料；2 個不同來源；0 筆高證據等級；書籍 1 筆；論文/文章 0 筆。,3 research materials; 2 distinct sources; 0 high-evidence records; 1 book records; 0 paper/article records.,補充研究者,Complementary researcher,,,0,0,0,0,優先用於：價格水平、通道、費波納契與支撐阻力；圖表型態、價格結構與支撐阻力；波浪、分形結構與時間價格路徑。,"Best used for: price levels, channels, Fibonacci work, and support/resistance; chart patterns, price structure, and support/resistance; waves, fractal structure, and time-price paths.",卡洛琳・波羅登在完整資料庫中屬於補充研究者，可從其代表材料與優勝指標交叉研究。,Carolyn Boroden is a Complementary researcher in the complete database; study the representative materials together with the winning indicators.
joe-dinapoli,87,喬・迪納波利,Joe DiNapoli,United States,,Fibonacci 交易方法作者,indicator_specialist,指標專題專家,Indicator specialist,19,費波納契時間/價格（DiNapoli Levels）；支撐阻力（價格叢集）,Fibonacci Time and Price (DiNapoli Levels); Support and Resistance (price clusters),價格水平、通道、費波納契與支撐阻力；圖表型態、價格結構與支撐阻力,"price levels, channels, Fibonacci work, and support/resistance; chart patterns, price structure, and support/resistance",《DiNapoli 水平》（1998）；參考來源：https://www.amazon.com/DiNapoli-Levels-Practical-Application-Investment/dp/1891159046；參考來源：https://www.moneyshow.com/expert/2160spk/；參考來源：https://www.mql5.com/en/articles/3061,DiNapoli Levels (1998); Reference source: https://www.amazon.com/DiNapoli-Levels-Practical-Application-Investment/dp/1891159046; Reference source: https://www.moneyshow.com/expert/2160spk/; Reference source: https://www.mql5.com/en/articles/3061,喬・迪納波利（Joe DiNapoli）定位為指標專題專家。研究/貢獻重點集中在費波納契時間/價格（DiNapoli Levels）；支撐阻力（價格叢集）。代表資料包括《DiNapoli 水平》（1998）；參考來源：https://www.amazon.com/DiNapoli-Levels-Practical-Application-Investment/dp/1891159046；參考來源：https://www.moneyshow.com/expert/2160spk/；參考來源：https://www.mql5.com/en/articles/3061。可用於價格水平、通道、費波納契與支撐阻力；圖表型態、價格結構與支撐阻力。,"Joe DiNapoli (喬・迪納波利) is classified as a Indicator specialist. The research/contribution focus is Fibonacci Time and Price (DiNapoli Levels); Support and Resistance (price clusters). Representative materials include DiNapoli Levels (1998); Reference source: https://www.amazon.com/DiNapoli-Levels-Practical-Application-Investment/dp/1891159046; Reference source: https://www.moneyshow.com/expert/2160spk/; Reference source: https://www.mql5.com/en/articles/3061. The work is useful for price levels, channels, Fibonacci work, and support/resistance; chart patterns, price structure, and support/resistance.",4,3,0,1,0,4 筆研究材料；3 個不同來源；0 筆高證據等級；書籍 1 筆；論文/文章 0 筆。,4 research materials; 3 distinct sources; 0 high-evidence records; 1 book records; 0 paper/article records.,專題權威,Specialized authority,費波納契時間/價格,Fibonacci Time and Price,1,1,0,0,優先用於：價格水平、通道、費波納契與支撐阻力；圖表型態、價格結構與支撐阻力。,"Best used for: price levels, channels, Fibonacci work, and support/resistance; chart patterns, price structure, and support/resistance.",喬・迪納波利在完整資料庫中屬於專題權威，可從其代表材料與優勝指標交叉研究。,Joe DiNapoli is a Specialized authority in the complete database; study the representative materials together with the winning indicators.
alan-andrews,88,艾倫・安德魯斯,Alan Andrews,United States,,Median Line / Pitchfork 方法創作者,indicator_creator,技術指標創作者,Indicator creator,19,安德魯分叉線（創始者）；支撐阻力（中線/通道）；價格行為（擺動點）,Andrews' Pitchfork (creator); Support and Resistance (median lines/channels); Price Action (swing points),價格水平、通道、費波納契與支撐阻力；圖表型態、價格結構與支撐阻力,"price levels, channels, Fibonacci work, and support/resistance; chart patterns, price structure, and support/resistance",原文題名：Andrews' Pitchfork；參考來源：https://www.investopedia.com/articles/forex/05/andrewspitchfork.asp；參考來源：https://www.optuma.com/blog/pitchforks-part-1,Andrews' Pitchfork; Reference source: https://www.investopedia.com/articles/forex/05/andrewspitchfork.asp; Reference source: https://www.optuma.com/blog/pitchforks-part-1,艾倫・安德魯斯（Alan Andrews）定位為技術指標創作者。研究/貢獻重點集中在安德魯分叉線（創始者）；支撐阻力（中線/通道）；價格行為（擺動點）。代表資料包括原文題名：Andrews' Pitchfork；參考來源：https://www.investopedia.com/articles/forex/05/andrewspitchfork.asp；參考來源：https://www.optuma.com/blog/pitchforks-part-1。可用於價格水平、通道、費波納契與支撐阻力；圖表型態、價格結構與支撐阻力。,"Alan Andrews (艾倫・安德魯斯) is classified as a Indicator creator. The research/contribution focus is Andrews' Pitchfork (creator); Support and Resistance (median lines/channels); Price Action (swing points). Representative materials include Andrews' Pitchfork; Reference source: https://www.investopedia.com/articles/forex/05/andrewspitchfork.asp; Reference source: https://www.optuma.com/blog/pitchforks-part-1. The work is useful for price levels, channels, Fibonacci work, and support/resistance; chart patterns, price structure, and support/resistance.",3,2,0,0,0,3 筆研究材料；2 個不同來源；0 筆高證據等級；書籍 0 筆；論文/文章 0 筆。,3 research materials; 2 distinct sources; 0 high-evidence records; 0 book records; 0 paper/article records.,專題權威,Specialized authority,安德魯分叉線,Andrews' Pitchfork,1,1,0,0,優先用於：價格水平、通道、費波納契與支撐阻力；圖表型態、價格結構與支撐阻力。,"Best used for: price levels, channels, Fibonacci work, and support/resistance; chart patterns, price structure, and support/resistance.",艾倫・安德魯斯在完整資料庫中屬於專題權威，可從其代表材料與優勝指標交叉研究。,Alan Andrews is a Specialized authority in the complete database; study the representative materials together with the winning indicators.
arthur-a-merrill,89,亞瑟・梅里爾,Arthur A. Merrill,United States,1906-2006,技術分析作家、統計研究者,author_researcher,著作與研究兼具,Author-researcher,18,圖表型態（M/W 型態）；週期分析（Filtered Waves）；回測與系統驗證（型態統計）,Chart Patterns (M/W patterns); Cycle Analysis (Filtered Waves); Backtesting (pattern statistics),圖表型態、價格結構與支撐阻力；週期、時間窗口與市場節奏判讀；實證檢驗、規則驗證與資料探勘風險控制,"chart patterns, price structure, and support/resistance; cycles, timing windows, and market rhythm; empirical testing, rule validation, and data-mining control",《華爾街價格行為》（1966）；《過濾波浪：基本理論》（1977）；參考來源：https://books.google.com/books/about/Behavior_of_Prices_on_Wall_Street.html?id=wEsUAQAAMAAJ；參考來源：https://openlibrary.org/books/OL5991950M/Behavior_of_prices_on_Wall_Street.,Behavior of Prices on Wall Street (1966); Filtered Waves: Basic Theory (1977); Reference source: https://books.google.com/books/about/Behavior_of_Prices_on_Wall_Street.html?id=wEsUAQAAMAAJ; Reference source: https://openlibrary.org/books/OL5991950M/Behavior_of_prices_on_Wall_Street.,亞瑟・梅里爾（Arthur A. Merrill）定位為著作與研究兼具。研究/貢獻重點集中在圖表型態（M/W 型態）；週期分析（Filtered Waves）；回測與系統驗證（型態統計）。代表資料包括《華爾街價格行為》（1966）；《過濾波浪：基本理論》（1977）；參考來源：https://books.google.com/books/about/Behavior_of_Prices_on_Wall_Street.html?id=wEsUAQAAMAAJ；參考來源：https://openlibrary.org/books/OL5991950M/Behavior_of_prices_on_Wall_Street.。可用於圖表型態、價格結構與支撐阻力；週期、時間窗口與市場節奏判讀；實證檢驗、規則驗證與資料探勘風險控制。,"Arthur A. Merrill (亞瑟・梅里爾) is classified as a Author-researcher. The research/contribution focus is Chart Patterns (M/W patterns); Cycle Analysis (Filtered Waves); Backtesting (pattern statistics). Representative materials include Behavior of Prices on Wall Street (1966); Filtered Waves: Basic Theory (1977); Reference source: https://books.google.com/books/about/Behavior_of_Prices_on_Wall_Street.html?id=wEsUAQAAMAAJ; Reference source: https://openlibrary.org/books/OL5991950M/Behavior_of_prices_on_Wall_Street.. The work is useful for chart patterns, price structure, and support/resistance; cycles, timing windows, and market rhythm; empirical testing, rule validation, and data-mining control.",5,3,2,2,0,5 筆研究材料；3 個不同來源；2 筆高證據等級；書籍 2 筆；論文/文章 0 筆。,5 research materials; 3 distinct sources; 2 high-evidence records; 2 book records; 0 paper/article records.,補充研究者,Complementary researcher,,,0,0,0,1,優先用於：圖表型態、價格結構與支撐阻力；週期、時間窗口與市場節奏判讀；實證檢驗、規則驗證與資料探勘風險控制。,"Best used for: chart patterns, price structure, and support/resistance; cycles, timing windows, and market rhythm; empirical testing, rule validation, and data-mining control.",亞瑟・梅里爾在完整資料庫中屬於補充研究者，可從其代表材料與優勝指標交叉研究。,Arthur A. Merrill is a Complementary researcher in the complete database; study the representative materials together with the winning indicators.
humphrey-b-neill,90,漢弗萊・尼爾,Humphrey B. Neill,United States,1895-1977,市場心理/讀帶作家,author,經典著作作者,Classic author,18,讀帶 / 盤口判讀（經典作者）；市場情緒（逆向思考）；價格行為（市場心理）,Tape Reading (classic author); Sentiment (contrarian thinking); Price Action (market psychology),圖表型態、價格結構與支撐阻力；市場情緒、逆向指標與群眾心理,"chart patterns, price structure, and support/resistance; sentiment, contrarian indicators, and crowd psychology",《讀帶與市場戰術》（1931）；《逆向思考的藝術》（1954）；參考來源：https://books.google.com/books/about/Tape_Reading_and_Market_Tactics.html?id=XuiREQAAQBAJ,Tape Reading and Market Tactics (1931); The Art of Contrary Thinking (1954); Reference source: https://books.google.com/books/about/Tape_Reading_and_Market_Tactics.html?id=XuiREQAAQBAJ,漢弗萊・尼爾（Humphrey B. Neill）定位為經典著作作者。研究/貢獻重點集中在讀帶 / 盤口判讀（經典作者）；市場情緒（逆向思考）；價格行為（市場心理）。代表資料包括《讀帶與市場戰術》（1931）；《逆向思考的藝術》（1954）；參考來源：https://books.google.com/books/about/Tape_Reading_and_Market_Tactics.html?id=XuiREQAAQBAJ。可用於圖表型態、價格結構與支撐阻力；市場情緒、逆向指標與群眾心理。,"Humphrey B. Neill (漢弗萊・尼爾) is classified as a Classic author. The research/contribution focus is Tape Reading (classic author); Sentiment (contrarian thinking); Price Action (market psychology). Representative materials include Tape Reading and Market Tactics (1931); The Art of Contrary Thinking (1954); Reference source: https://books.google.com/books/about/Tape_Reading_and_Market_Tactics.html?id=XuiREQAAQBAJ. The work is useful for chart patterns, price structure, and support/resistance; sentiment, contrarian indicators, and crowd psychology.",3,2,2,2,0,3 筆研究材料；2 個不同來源；2 筆高證據等級；書籍 2 筆；論文/文章 0 筆。,3 research materials; 2 distinct sources; 2 high-evidence records; 2 book records; 0 paper/article records.,補充研究者,Complementary researcher,,,0,0,0,1,優先用於：圖表型態、價格結構與支撐阻力；市場情緒、逆向指標與群眾心理。,"Best used for: chart patterns, price structure, and support/resistance; sentiment, contrarian indicators, and crowd psychology.",漢弗萊・尼爾在完整資料庫中屬於補充研究者，可從其代表材料與優勝指標交叉研究。,Humphrey B. Neill is a Complementary researcher in the complete database; study the representative materials together with the winning indicators.
walter-deemer,91,華特・迪默,Walter Deemer,United States,,技術分析師、作家,practitioner_author,實戰交易者兼作者,Practitioner-author,19,趨勢跟隨（市場時機）；市場寬度（市場備忘錄）；市場情緒（市場心理）,Trend Following (market timing); Market Breadth (market memos); Sentiment (market psychology),趨勢辨識、均線、通道與趨勢跟隨；市場寬度、內部強弱與指數健康度判讀；市場情緒、逆向指標與群眾心理,"trend identification, moving averages, channels, and trend following; market breadth, internal strength, and index health; sentiment, contrarian indicators, and crowd psychology",原文題名：Market Memos（1966）；《迪默談技術分析》（2012）；參考來源：https://deemermarketmemos.com/；參考來源：https://www.walterdeemer.com/,Market Memos (1966); Deemer on Technical Analysis (2012); Reference source: https://deemermarketmemos.com/; Reference source: https://www.walterdeemer.com/,華特・迪默（Walter Deemer）定位為實戰交易者兼作者。研究/貢獻重點集中在趨勢跟隨（市場時機）；市場寬度（市場備忘錄）；市場情緒（市場心理）。代表資料包括原文題名：Market Memos（1966）；《迪默談技術分析》（2012）；參考來源：https://deemermarketmemos.com/；參考來源：https://www.walterdeemer.com/。可用於趨勢辨識、均線、通道與趨勢跟隨；市場寬度、內部強弱與指數健康度判讀；市場情緒、逆向指標與群眾心理。,"Walter Deemer (華特・迪默) is classified as a Practitioner-author. The research/contribution focus is Trend Following (market timing); Market Breadth (market memos); Sentiment (market psychology). Representative materials include Market Memos (1966); Deemer on Technical Analysis (2012); Reference source: https://deemermarketmemos.com/; Reference source: https://www.walterdeemer.com/. The work is useful for trend identification, moving averages, channels, and trend following; market breadth, internal strength, and index health; sentiment, contrarian indicators, and crowd psychology.",4,3,1,1,0,4 筆研究材料；3 個不同來源；1 筆高證據等級；書籍 1 筆；論文/文章 0 筆。,4 research materials; 3 distinct sources; 1 high-evidence records; 1 book records; 0 paper/article records.,專題權威,Specialized authority,,,0,0,0,0,優先用於：趨勢辨識、均線、通道與趨勢跟隨；市場寬度、內部強弱與指數健康度判讀；市場情緒、逆向指標與群眾心理。,"Best used for: trend identification, moving averages, channels, and trend following; market breadth, internal strength, and index health; sentiment, contrarian indicators, and crowd psychology.",華特・迪默在完整資料庫中屬於專題權威，可從其代表材料與優勝指標交叉研究。,Walter Deemer is a Specialized authority in the complete database; study the representative materials together with the winning indicators.
ned-davis,92,內德・戴維斯,Ned Davis,United States,,量化市場研究機構創辦人,researcher,技術研究者,Technical researcher,20,市場寬度（市場指標）；市場情緒（情緒模型）；實證技術分析（量化市場研究）,Market Breadth (market indicators); Sentiment (sentiment models); Evidence-Based Technical Analysis (quantitative market research),市場寬度、內部強弱與指數健康度判讀；市場情緒、逆向指標與群眾心理；實證檢驗、規則驗證與資料探勘風險控制,"market breadth, internal strength, and index health; sentiment, contrarian indicators, and crowd psychology; empirical testing, rule validation, and data-mining control",《做對判斷或賺到錢》（1991）；《研究驅動型投資者》（2000）；參考來源：https://books.google.com/books/about/Being_Right_or_Making_Money.html?id=wLhYBQAAQBAJ；參考來源：https://info.ndr.com/ndr-signals,Being Right or Making Money (1991); The Research Driven Investor (2000); Reference source: https://books.google.com/books/about/Being_Right_or_Making_Money.html?id=wLhYBQAAQBAJ; Reference source: https://info.ndr.com/ndr-signals,內德・戴維斯（Ned Davis）定位為技術研究者。研究/貢獻重點集中在市場寬度（市場指標）；市場情緒（情緒模型）；實證技術分析（量化市場研究）。代表資料包括《做對判斷或賺到錢》（1991）；《研究驅動型投資者》（2000）；參考來源：https://books.google.com/books/about/Being_Right_or_Making_Money.html?id=wLhYBQAAQBAJ；參考來源：https://info.ndr.com/ndr-signals。可用於市場寬度、內部強弱與指數健康度判讀；市場情緒、逆向指標與群眾心理；實證檢驗、規則驗證與資料探勘風險控制。,"Ned Davis (內德・戴維斯) is classified as a Technical researcher. The research/contribution focus is Market Breadth (market indicators); Sentiment (sentiment models); Evidence-Based Technical Analysis (quantitative market research). Representative materials include Being Right or Making Money (1991); The Research Driven Investor (2000); Reference source: https://books.google.com/books/about/Being_Right_or_Making_Money.html?id=wLhYBQAAQBAJ; Reference source: https://info.ndr.com/ndr-signals. The work is useful for market breadth, internal strength, and index health; sentiment, contrarian indicators, and crowd psychology; empirical testing, rule validation, and data-mining control.",6,4,0,2,0,6 筆研究材料；4 個不同來源；0 筆高證據等級；書籍 2 筆；論文/文章 0 筆。,6 research materials; 4 distinct sources; 0 high-evidence records; 2 book records; 0 paper/article records.,專題權威,Specialized authority,市場寬度,Market Breadth,1,1,0,1,優先用於：市場寬度、內部強弱與指數健康度判讀；市場情緒、逆向指標與群眾心理；實證檢驗、規則驗證與資料探勘風險控制。,"Best used for: market breadth, internal strength, and index health; sentiment, contrarian indicators, and crowd psychology; empirical testing, rule validation, and data-mining control.",內德・戴維斯在完整資料庫中屬於專題權威，可從其代表材料與優勝指標交叉研究。,Ned Davis is a Specialized authority in the complete database; study the representative materials together with the winning indicators.
jason-goepfert,93,傑森・戈普弗特,Jason Goepfert,United States,,SentimenTrader 創辦人、Dow Award 得主,researcher,技術研究者,Technical researcher,20,市場情緒（情緒指標）；市場寬度（基金現金/市場指標）；實證技術分析（歷史統計）,Sentiment (sentiment indicators); Market Breadth (mutual-fund cash / market indicators); Evidence-Based Technical Analysis (historical statistics),市場情緒、逆向指標與群眾心理；市場寬度、內部強弱與指數健康度判讀；實證檢驗、規則驗證與資料探勘風險控制,"sentiment, contrarian indicators, and crowd psychology; market breadth, internal strength, and index health; empirical testing, rule validation, and data-mining control","原文題名：Mutual Fund Cash Reserves, The Risk-Free Rate, and Stock Market Performance（2004）；參考來源：https://cmtassociation.org/association/award-recognizing/charles-h-dow-award/","Mutual Fund Cash Reserves, The Risk-Free Rate, and Stock Market Performance (2004); Reference source: https://cmtassociation.org/association/award-recognizing/charles-h-dow-award/","傑森・戈普弗特（Jason Goepfert）定位為技術研究者。研究/貢獻重點集中在市場情緒（情緒指標）；市場寬度（基金現金/市場指標）；實證技術分析（歷史統計）。代表資料包括原文題名：Mutual Fund Cash Reserves, The Risk-Free Rate, and Stock Market Performance（2004）；參考來源：https://cmtassociation.org/association/award-recognizing/charles-h-dow-award/。可用於市場情緒、逆向指標與群眾心理；市場寬度、內部強弱與指數健康度判讀；實證檢驗、規則驗證與資料探勘風險控制。","Jason Goepfert (傑森・戈普弗特) is classified as a Technical researcher. The research/contribution focus is Sentiment (sentiment indicators); Market Breadth (mutual-fund cash / market indicators); Evidence-Based Technical Analysis (historical statistics). Representative materials include Mutual Fund Cash Reserves, The Risk-Free Rate, and Stock Market Performance (2004); Reference source: https://cmtassociation.org/association/award-recognizing/charles-h-dow-award/. The work is useful for sentiment, contrarian indicators, and crowd psychology; market breadth, internal strength, and index health; empirical testing, rule validation, and data-mining control.",2,2,2,0,1,2 筆研究材料；2 個不同來源；2 筆高證據等級；書籍 0 筆；論文/文章 1 筆。,2 research materials; 2 distinct sources; 2 high-evidence records; 0 book records; 1 paper/article records.,專題權威,Specialized authority,市場情緒,Sentiment,1,1,0,0,優先用於：市場情緒、逆向指標與群眾心理；市場寬度、內部強弱與指數健康度判讀；實證檢驗、規則驗證與資料探勘風險控制。,"Best used for: sentiment, contrarian indicators, and crowd psychology; market breadth, internal strength, and index health; empirical testing, rule validation, and data-mining control.",傑森・戈普弗特在完整資料庫中屬於專題權威，可從其代表材料與優勝指標交叉研究。,Jason Goepfert is a Specialized authority in the complete database; study the representative materials together with the winning indicators.
buff-dormeier,94,巴夫・多米爾,Buff Dormeier,United States,,CMT、量價研究者、Dow Award 得主,researcher_author,研究者兼作者,Researcher-author,22,成交量分析（量價研究）；市場寬度（成交量廣度）；實證技術分析（Dow Award 研究）,Volume Analysis (price-volume research); Market Breadth (volume breadth); Evidence-Based Technical Analysis (Dow Award research),量價關係、資金流與供需分析；市場寬度、內部強弱與指數健康度判讀；實證檢驗、規則驗證與資料探勘風險控制,"price-volume relationships, money flow, and supply/demand; market breadth, internal strength, and index health; empirical testing, rule validation, and data-mining control",原文題名：Price and Volume: Digging Deeper（2007）；《成交量分析投資法》（2011）；參考來源：https://cmtassociation.org/association/award-recognizing/charles-h-dow-award/,Price and Volume: Digging Deeper (2007); Investing with Volume Analysis (2011); Reference source: https://cmtassociation.org/association/award-recognizing/charles-h-dow-award/,巴夫・多米爾（Buff Dormeier）定位為研究者兼作者。研究/貢獻重點集中在成交量分析（量價研究）；市場寬度（成交量廣度）；實證技術分析（Dow Award 研究）。代表資料包括原文題名：Price and Volume: Digging Deeper（2007）；《成交量分析投資法》（2011）；參考來源：https://cmtassociation.org/association/award-recognizing/charles-h-dow-award/。可用於量價關係、資金流與供需分析；市場寬度、內部強弱與指數健康度判讀；實證檢驗、規則驗證與資料探勘風險控制。,"Buff Dormeier (巴夫・多米爾) is classified as a Researcher-author. The research/contribution focus is Volume Analysis (price-volume research); Market Breadth (volume breadth); Evidence-Based Technical Analysis (Dow Award research). Representative materials include Price and Volume: Digging Deeper (2007); Investing with Volume Analysis (2011); Reference source: https://cmtassociation.org/association/award-recognizing/charles-h-dow-award/. The work is useful for price-volume relationships, money flow, and supply/demand; market breadth, internal strength, and index health; empirical testing, rule validation, and data-mining control.",3,3,3,1,1,3 筆研究材料；3 個不同來源；3 筆高證據等級；書籍 1 筆；論文/文章 1 筆。,3 research materials; 3 distinct sources; 3 high-evidence records; 1 book records; 1 paper/article records.,重要權威,Major authority,,,0,0,0,2,優先用於：量價關係、資金流與供需分析；市場寬度、內部強弱與指數健康度判讀；實證檢驗、規則驗證與資料探勘風險控制。,"Best used for: price-volume relationships, money flow, and supply/demand; market breadth, internal strength, and index health; empirical testing, rule validation, and data-mining control.",巴夫・多米爾在完整資料庫中屬於重要權威，可從其代表材料與優勝指標交叉研究。,Buff Dormeier is a Major authority in the complete database; study the representative materials together with the winning indicators.
andrew-thrasher,95,安德魯・思拉舍,Andrew Thrasher,United States,,CMT、投資組合經理、Dow Award 得主,researcher,技術研究者,Technical researcher,20,波動率（波動/風險）；市場情緒（市場警訊）；市場寬度（市場健康）,Volatility (volatility/risk); Sentiment (market warning signals); Market Breadth (market health),波動率、通道寬度與風險環境；市場情緒、逆向指標與群眾心理；市場寬度、內部強弱與指數健康度判讀,"volatility, channel width, and risk regimes; sentiment, contrarian indicators, and crowd psychology; market breadth, internal strength, and index health",原文題名：Forecasting a Volatility Tsunami（2017）；原文題名：The 5% Canary（2023）；參考來源：https://cmtassociation.org/association/award-recognizing/charles-h-dow-award/,Forecasting a Volatility Tsunami (2017); The 5% Canary (2023); Reference source: https://cmtassociation.org/association/award-recognizing/charles-h-dow-award/,安德魯・思拉舍（Andrew Thrasher）定位為技術研究者。研究/貢獻重點集中在波動率（波動/風險）；市場情緒（市場警訊）；市場寬度（市場健康）。代表資料包括原文題名：Forecasting a Volatility Tsunami（2017）；原文題名：The 5% Canary（2023）；參考來源：https://cmtassociation.org/association/award-recognizing/charles-h-dow-award/。可用於波動率、通道寬度與風險環境；市場情緒、逆向指標與群眾心理；市場寬度、內部強弱與指數健康度判讀。,"Andrew Thrasher (安德魯・思拉舍) is classified as a Technical researcher. The research/contribution focus is Volatility (volatility/risk); Sentiment (market warning signals); Market Breadth (market health). Representative materials include Forecasting a Volatility Tsunami (2017); The 5% Canary (2023); Reference source: https://cmtassociation.org/association/award-recognizing/charles-h-dow-award/. The work is useful for volatility, channel width, and risk regimes; sentiment, contrarian indicators, and crowd psychology; market breadth, internal strength, and index health.",3,3,3,0,2,3 筆研究材料；3 個不同來源；3 筆高證據等級；書籍 0 筆；論文/文章 2 筆。,3 research materials; 3 distinct sources; 3 high-evidence records; 0 book records; 2 paper/article records.,專題權威,Specialized authority,,,0,0,0,0,優先用於：波動率、通道寬度與風險環境；市場情緒、逆向指標與群眾心理；市場寬度、內部強弱與指數健康度判讀。,"Best used for: volatility, channel width, and risk regimes; sentiment, contrarian indicators, and crowd psychology; market breadth, internal strength, and index health.",安德魯・思拉舍在完整資料庫中屬於專題權威，可從其代表材料與優勝指標交叉研究。,Andrew Thrasher is a Specialized authority in the complete database; study the representative materials together with the winning indicators.
alex-spiroglou,96,亞歷克斯・斯皮羅格魯,Alex Spiroglou,Greece / United Kingdom,,CMT、CFTe、Dow Award 得主,researcher,技術研究者,Technical researcher,21,MACD（MACD-V）；波動率（波動標準化動量）；動量（動量研究）,Moving Average Convergence/Divergence (MACD-V); Volatility (volatility-normalized momentum); Momentum (momentum research),動量、超買超賣、背離與趨勢強弱；波動率、通道寬度與風險環境,"momentum, overbought/oversold conditions, divergence, and trend strength; volatility, channel width, and risk regimes",原文題名：MACD-V: Volatility Normalised Momentum（2022）；參考來源：https://cmtassociation.org/association/award-recognizing/charles-h-dow-award/,MACD-V: Volatility Normalised Momentum (2022); Reference source: https://cmtassociation.org/association/award-recognizing/charles-h-dow-award/,亞歷克斯・斯皮羅格魯（Alex Spiroglou）定位為技術研究者。研究/貢獻重點集中在MACD（MACD-V）；波動率（波動標準化動量）；動量（動量研究）。代表資料包括原文題名：MACD-V: Volatility Normalised Momentum（2022）；參考來源：https://cmtassociation.org/association/award-recognizing/charles-h-dow-award/。可用於動量、超買超賣、背離與趨勢強弱；波動率、通道寬度與風險環境。,"Alex Spiroglou (亞歷克斯・斯皮羅格魯) is classified as a Technical researcher. The research/contribution focus is Moving Average Convergence/Divergence (MACD-V); Volatility (volatility-normalized momentum); Momentum (momentum research). Representative materials include MACD-V: Volatility Normalised Momentum (2022); Reference source: https://cmtassociation.org/association/award-recognizing/charles-h-dow-award/. The work is useful for momentum, overbought/oversold conditions, divergence, and trend strength; volatility, channel width, and risk regimes.",2,2,2,0,1,2 筆研究材料；2 個不同來源；2 筆高證據等級；書籍 0 筆；論文/文章 1 筆。,2 research materials; 2 distinct sources; 2 high-evidence records; 0 book records; 1 paper/article records.,專題權威,Specialized authority,,,0,0,0,1,優先用於：動量、超買超賣、背離與趨勢強弱；波動率、通道寬度與風險環境。,"Best used for: momentum, overbought/oversold conditions, divergence, and trend strength; volatility, channel width, and risk regimes.",亞歷克斯・斯皮羅格魯在完整資料庫中屬於專題權威，可從其代表材料與優勝指標交叉研究。,Alex Spiroglou is a Specialized authority in the complete database; study the representative materials together with the winning indicators.
ralph-vince,97,拉爾夫・文斯,Ralph Vince,United States,,風險/資金管理作者、Dow Award 得主,researcher_author,研究者兼作者,Researcher-author,22,市場寬度（新低數研究）；交易系統（資金管理）；實證技術分析（統計研究）,Market Breadth (new-lows research); Trading Systems (money management); Evidence-Based Technical Analysis (statistical research),市場寬度、內部強弱與指數健康度判讀；系統交易、規則設計與回測流程；實證檢驗、規則驗證與資料探勘風險控制,"market breadth, internal strength, and index health; systematic trading, rule design, and backtesting; empirical testing, rule validation, and data-mining control",《資金管理數學》（1992）；原文題名：The Ripple Effect of Daily New Lows（2024）；參考來源：https://cmtassociation.org/association/award-recognizing/charles-h-dow-award/,The Mathematics of Money Management (1992); The Ripple Effect of Daily New Lows (2024); Reference source: https://cmtassociation.org/association/award-recognizing/charles-h-dow-award/,拉爾夫・文斯（Ralph Vince）定位為研究者兼作者。研究/貢獻重點集中在市場寬度（新低數研究）；交易系統（資金管理）；實證技術分析（統計研究）。代表資料包括《資金管理數學》（1992）；原文題名：The Ripple Effect of Daily New Lows（2024）；參考來源：https://cmtassociation.org/association/award-recognizing/charles-h-dow-award/。可用於市場寬度、內部強弱與指數健康度判讀；系統交易、規則設計與回測流程；實證檢驗、規則驗證與資料探勘風險控制。,"Ralph Vince (拉爾夫・文斯) is classified as a Researcher-author. The research/contribution focus is Market Breadth (new-lows research); Trading Systems (money management); Evidence-Based Technical Analysis (statistical research). Representative materials include The Mathematics of Money Management (1992); The Ripple Effect of Daily New Lows (2024); Reference source: https://cmtassociation.org/association/award-recognizing/charles-h-dow-award/. The work is useful for market breadth, internal strength, and index health; systematic trading, rule design, and backtesting; empirical testing, rule validation, and data-mining control.",3,3,3,1,1,3 筆研究材料；3 個不同來源；3 筆高證據等級；書籍 1 筆；論文/文章 1 筆。,3 research materials; 3 distinct sources; 3 high-evidence records; 1 book records; 1 paper/article records.,重要權威,Major authority,,,0,0,0,2,優先用於：市場寬度、內部強弱與指數健康度判讀；系統交易、規則設計與回測流程；實證檢驗、規則驗證與資料探勘風險控制。,"Best used for: market breadth, internal strength, and index health; systematic trading, rule design, and backtesting; empirical testing, rule validation, and data-mining control.",拉爾夫・文斯在完整資料庫中屬於重要權威，可從其代表材料與優勝指標交叉研究。,Ralph Vince is a Major authority in the complete database; study the representative materials together with the winning indicators.
gary-antonacci,98,蓋瑞・安東納奇,Gary Antonacci,United States,,動量投資作者、Dow Award 得主,researcher_author,研究者兼作者,Researcher-author,21,動量（雙動量）；趨勢跟隨（產業趨勢）；相對強弱 / 強勢股篩選（相對/絕對動量）,Momentum (dual momentum); Trend Following (industry trends); Relative Strength (relative/absolute momentum),動量、超買超賣、背離與趨勢強弱；趨勢辨識、均線、通道與趨勢跟隨；股票選股、相對強弱與成長股篩選,"momentum, overbought/oversold conditions, divergence, and trend strength; trend identification, moving averages, channels, and trend following; stock selection, relative strength, and growth-stock screening",《雙動量投資》（2014）；原文題名：A Century of Profitable Industry Trends（2025）；參考來源：https://cmtassociation.org/association/award-recognizing/charles-h-dow-award/,Dual Momentum Investing (2014); A Century of Profitable Industry Trends (2025); Reference source: https://cmtassociation.org/association/award-recognizing/charles-h-dow-award/,蓋瑞・安東納奇（Gary Antonacci）定位為研究者兼作者。研究/貢獻重點集中在動量（雙動量）；趨勢跟隨（產業趨勢）；相對強弱 / 強勢股篩選（相對/絕對動量）。代表資料包括《雙動量投資》（2014）；原文題名：A Century of Profitable Industry Trends（2025）；參考來源：https://cmtassociation.org/association/award-recognizing/charles-h-dow-award/。可用於動量、超買超賣、背離與趨勢強弱；趨勢辨識、均線、通道與趨勢跟隨；股票選股、相對強弱與成長股篩選。,"Gary Antonacci (蓋瑞・安東納奇) is classified as a Researcher-author. The research/contribution focus is Momentum (dual momentum); Trend Following (industry trends); Relative Strength (relative/absolute momentum). Representative materials include Dual Momentum Investing (2014); A Century of Profitable Industry Trends (2025); Reference source: https://cmtassociation.org/association/award-recognizing/charles-h-dow-award/. The work is useful for momentum, overbought/oversold conditions, divergence, and trend strength; trend identification, moving averages, channels, and trend following; stock selection, relative strength, and growth-stock screening.",3,3,3,1,1,3 筆研究材料；3 個不同來源；3 筆高證據等級；書籍 1 筆；論文/文章 1 筆。,3 research materials; 3 distinct sources; 3 high-evidence records; 1 book records; 1 paper/article records.,專題權威,Specialized authority,,,0,0,0,0,優先用於：動量、超買超賣、背離與趨勢強弱；趨勢辨識、均線、通道與趨勢跟隨；股票選股、相對強弱與成長股篩選。,"Best used for: momentum, overbought/oversold conditions, divergence, and trend strength; trend identification, moving averages, channels, and trend following; stock selection, relative strength, and growth-stock screening.",蓋瑞・安東納奇在完整資料庫中屬於專題權威，可從其代表材料與優勝指標交叉研究。,Gary Antonacci is a Specialized authority in the complete database; study the representative materials together with the winning indicators.
andrew-w-lo,99,安德魯・羅,Andrew W. Lo,United States,1960-,MIT 金融學者,academic,學術研究者,Academic researcher,22,實證技術分析（學術研究）；圖表型態（計算型型態識別）；回測與系統驗證（統計推論）,Evidence-Based Technical Analysis (academic research); Chart Patterns (computational pattern recognition); Backtesting (statistical inference),實證檢驗、規則驗證與資料探勘風險控制；圖表型態、價格結構與支撐阻力,"empirical testing, rule validation, and data-mining control; chart patterns, price structure, and support/resistance",《技術分析基礎》（2000）；《技術分析的演進》（2010）；參考來源：https://ideas.repec.org/p/nbr/nberwo/7613.html；參考來源：https://papers.ssrn.com/sol3/papers.cfm?abstract_id=228099,Foundations of Technical Analysis (2000); The Evolution of Technical Analysis (2010); Reference source: https://ideas.repec.org/p/nbr/nberwo/7613.html; Reference source: https://papers.ssrn.com/sol3/papers.cfm?abstract_id=228099,安德魯・羅（Andrew W. Lo）定位為學術研究者。研究/貢獻重點集中在實證技術分析（學術研究）；圖表型態（計算型型態識別）；回測與系統驗證（統計推論）。代表資料包括《技術分析基礎》（2000）；《技術分析的演進》（2010）；參考來源：https://ideas.repec.org/p/nbr/nberwo/7613.html；參考來源：https://papers.ssrn.com/sol3/papers.cfm?abstract_id=228099。可用於實證檢驗、規則驗證與資料探勘風險控制；圖表型態、價格結構與支撐阻力。,"Andrew W. Lo (安德魯・羅) is classified as a Academic researcher. The research/contribution focus is Evidence-Based Technical Analysis (academic research); Chart Patterns (computational pattern recognition); Backtesting (statistical inference). Representative materials include Foundations of Technical Analysis (2000); The Evolution of Technical Analysis (2010); Reference source: https://ideas.repec.org/p/nbr/nberwo/7613.html; Reference source: https://papers.ssrn.com/sol3/papers.cfm?abstract_id=228099. The work is useful for empirical testing, rule validation, and data-mining control; chart patterns, price structure, and support/resistance.",4,3,1,1,1,4 筆研究材料；3 個不同來源；1 筆高證據等級；書籍 1 筆；論文/文章 1 筆。,4 research materials; 3 distinct sources; 1 high-evidence records; 1 book records; 1 paper/article records.,重要權威,Major authority,,,0,0,0,2,優先用於：實證檢驗、規則驗證與資料探勘風險控制；圖表型態、價格結構與支撐阻力。,"Best used for: empirical testing, rule validation, and data-mining control; chart patterns, price structure, and support/resistance.",安德魯・羅在完整資料庫中屬於重要權威，可從其代表材料與優勝指標交叉研究。,Andrew W. Lo is a Major authority in the complete database; study the representative materials together with the winning indicators.
david-aronson,100,大衛・阿隆森,David Aronson,United States,,實證技術分析作者、系統研究者,academic_practitioner,學術與實務研究者,Academic-practitioner,21,實證技術分析（代表作者）；回測與系統驗證（資料探勘校正）；交易系統（客觀規則）,Evidence-Based Technical Analysis (代表作者); Backtesting (data-mining adjustment); Trading Systems (objective rules),實證檢驗、規則驗證與資料探勘風險控制；系統交易、規則設計與回測流程,"empirical testing, rule validation, and data-mining control; systematic trading, rule design, and backtesting",《實證技術分析》（2006）；參考來源：https://www.amazon.com/Evidence-Based-Technical-Analysis-Scientific-Statistical/dp/0470008741；參考來源：https://www.wiley.com/en-ca/Evidence-Based%2BTechnical%2BAnalysis%3A%2BApplying%2Bthe%2BScientific%2BMethod%2Band%2BStatistical%2BInference%2Bto%2BTrading%2BSignals-p-9780470008744,Evidence-Based Technical Analysis (2006); Reference source: https://www.amazon.com/Evidence-Based-Technical-Analysis-Scientific-Statistical/dp/0470008741; Reference source: https://www.wiley.com/en-ca/Evidence-Based%2BTechnical%2BAnalysis%3A%2BApplying%2Bthe%2BScientific%2BMethod%2Band%2BStatistical%2BInference%2Bto%2BTrading%2BSignals-p-9780470008744,大衛・阿隆森（David Aronson）定位為學術與實務研究者。研究/貢獻重點集中在實證技術分析（代表作者）；回測與系統驗證（資料探勘校正）；交易系統（客觀規則）。代表資料包括《實證技術分析》（2006）；參考來源：https://www.amazon.com/Evidence-Based-Technical-Analysis-Scientific-Statistical/dp/0470008741；參考來源：https://www.wiley.com/en-ca/Evidence-Based%2BTechnical%2BAnalysis%3A%2BApplying%2Bthe%2BScientific%2BMethod%2Band%2BStatistical%2BInference%2Bto%2BTrading%2BSignals-p-9780470008744。可用於實證檢驗、規則驗證與資料探勘風險控制；系統交易、規則設計與回測流程。,"David Aronson (大衛・阿隆森) is classified as a Academic-practitioner. The research/contribution focus is Evidence-Based Technical Analysis (代表作者); Backtesting (data-mining adjustment); Trading Systems (objective rules). Representative materials include Evidence-Based Technical Analysis (2006); Reference source: https://www.amazon.com/Evidence-Based-Technical-Analysis-Scientific-Statistical/dp/0470008741; Reference source: https://www.wiley.com/en-ca/Evidence-Based%2BTechnical%2BAnalysis%3A%2BApplying%2Bthe%2BScientific%2BMethod%2Band%2BStatistical%2BInference%2Bto%2BTrading%2BSignals-p-9780470008744. The work is useful for empirical testing, rule validation, and data-mining control; systematic trading, rule design, and backtesting.",3,2,0,1,0,3 筆研究材料；2 個不同來源；0 筆高證據等級；書籍 1 筆；論文/文章 0 筆。,3 research materials; 2 distinct sources; 0 high-evidence records; 1 book records; 0 paper/article records.,重要權威,Major authority,回測與系統驗證；實證技術分析,Backtesting; Evidence-Based Technical Analysis,2,2,0,0,優先用於：實證檢驗、規則驗證與資料探勘風險控制；系統交易、規則設計與回測流程。,"Best used for: empirical testing, rule validation, and data-mining control; systematic trading, rule design, and backtesting.",大衛・阿隆森在完整資料庫中屬於重要權威，可從其代表材料與優勝指標交叉研究。,David Aronson is a Major authority in the complete database; study the representative materials together with the winning indicators.
