rank,expert_id,name_zh,name_en,country_region,years,category,category_zh,category_en,concepts_zh,concepts_en,research_focus_zh,research_focus_en,representative_materials_zh,representative_materials_en,contribution_summary_zh,contribution_summary_en,bilingual_research_summary_zh,bilingual_research_summary_en,material_count,source_count,high_evidence_count,book_count,paper_article_count,evidence_profile_zh,evidence_profile_en,translation_status
1,charles-h-dow,查爾斯・道,Charles H. Dow,United States,1851-1902,foundation,理論奠基者,Foundational theorist,道氏理論（奠基者）；趨勢跟隨（早期趨勢概念）,Dow Theory (founder); Trend Following (early trend concept),技術分析基本理論與市場趨勢框架；趨勢辨識、均線、通道與趨勢跟隨,"core technical-analysis theory and trend frameworks; trend identification, moving averages, channels, and trend following",《華爾街日報》市場平均指數評論（1899）；參考來源：https://www.investopedia.com/articles/financial-theory/10/pioneers-technical-analysis.asp；參考來源：https://www.investopedia.com/terms/d/dowtheory.asp,Wall Street Journal editorials on market averages (1899); Reference source: https://www.investopedia.com/articles/financial-theory/10/pioneers-technical-analysis.asp; Reference source: https://www.investopedia.com/terms/d/dowtheory.asp,技術分析源流人物之一，道氏理論、趨勢確認與量價觀念皆由其市場評論發展而來。,"Charles H. Dow (查爾斯・道) is classified as a Foundational theorist. The research/contribution focus is Dow Theory (founder); Trend Following (early trend concept). Representative materials include Wall Street Journal editorials on market averages (1899); Reference source: https://www.investopedia.com/articles/financial-theory/10/pioneers-technical-analysis.asp; Reference source: https://www.investopedia.com/terms/d/dowtheory.asp. The work is useful for core technical-analysis theory and trend frameworks; trend identification, moving averages, channels, and trend following.",查爾斯・道（Charles H. Dow）定位為理論奠基者。研究/貢獻重點集中在道氏理論（奠基者）；趨勢跟隨（早期趨勢概念）。代表資料包括《華爾街日報》市場平均指數評論（1899）；參考來源：https://www.investopedia.com/articles/financial-theory/10/pioneers-technical-analysis.asp；參考來源：https://www.investopedia.com/terms/d/dowtheory.asp。可用於技術分析基本理論與市場趨勢框架；趨勢辨識、均線、通道與趨勢跟隨。,"Charles H. Dow (查爾斯・道) is classified as a Foundational theorist. The research/contribution focus is Dow Theory (founder); Trend Following (early trend concept). Representative materials include Wall Street Journal editorials on market averages (1899); Reference source: https://www.investopedia.com/articles/financial-theory/10/pioneers-technical-analysis.asp; Reference source: https://www.investopedia.com/terms/d/dowtheory.asp. The work is useful for core technical-analysis theory and trend frameworks; trend identification, moving averages, channels, and trend following.",3,2,0,0,0,3 筆研究材料；2 個不同來源；0 筆高證據等級；書籍 0 筆；論文/文章 0 筆。,3 research materials; 2 distinct sources; 0 high-evidence records; 0 book records; 0 paper/article records.,normalized bilingual summary
2,william-peter-hamilton,威廉・彼得・漢密爾頓,William Peter Hamilton,United States,1867-1929,foundation,理論奠基者,Foundational theorist,道氏理論（主要詮釋者）；趨勢跟隨（趨勢判讀）,Dow Theory (principal interpreter); Trend Following (trend interpretation),技術分析基本理論與市場趨勢框架；趨勢辨識、均線、通道與趨勢跟隨,"core technical-analysis theory and trend frameworks; trend identification, moving averages, channels, and trend following",《股票市場晴雨表》（1922）；參考來源：https://archive.org/details/stockmarketbarom00hami；參考來源：https://openlibrary.org/books/OL7031671M/The_stock_market_barometer；參考來源：https://papers.ssrn.com/sol3/papers.cfm?abstract_id=58690,The Stock Market Barometer (1922); Reference source: https://archive.org/details/stockmarketbarom00hami; Reference source: https://openlibrary.org/books/OL7031671M/The_stock_market_barometer; Reference source: https://papers.ssrn.com/sol3/papers.cfm?abstract_id=58690,把道氏理論用於實際市場評論與投資判斷，是早期技術分析史的重要承接者。,"William Peter Hamilton (威廉・彼得・漢密爾頓) is classified as a Foundational theorist. The research/contribution focus is Dow Theory (principal interpreter); Trend Following (trend interpretation). Representative materials include The Stock Market Barometer (1922); Reference source: https://archive.org/details/stockmarketbarom00hami; Reference source: https://openlibrary.org/books/OL7031671M/The_stock_market_barometer; Reference source: https://papers.ssrn.com/sol3/papers.cfm?abstract_id=58690. The work is useful for core technical-analysis theory and trend frameworks; trend identification, moving averages, channels, and trend following.",威廉・彼得・漢密爾頓（William Peter Hamilton）定位為理論奠基者。研究/貢獻重點集中在道氏理論（主要詮釋者）；趨勢跟隨（趨勢判讀）。代表資料包括《股票市場晴雨表》（1922）；參考來源：https://archive.org/details/stockmarketbarom00hami；參考來源：https://openlibrary.org/books/OL7031671M/The_stock_market_barometer；參考來源：https://papers.ssrn.com/sol3/papers.cfm?abstract_id=58690。可用於技術分析基本理論與市場趨勢框架；趨勢辨識、均線、通道與趨勢跟隨。,"William Peter Hamilton (威廉・彼得・漢密爾頓) is classified as a Foundational theorist. The research/contribution focus is Dow Theory (principal interpreter); Trend Following (trend interpretation). Representative materials include The Stock Market Barometer (1922); Reference source: https://archive.org/details/stockmarketbarom00hami; Reference source: https://openlibrary.org/books/OL7031671M/The_stock_market_barometer; Reference source: https://papers.ssrn.com/sol3/papers.cfm?abstract_id=58690. The work is useful for core technical-analysis theory and trend frameworks; trend identification, moving averages, channels, and trend following.",4,3,0,1,0,4 筆研究材料；3 個不同來源；0 筆高證據等級；書籍 1 筆；論文/文章 0 筆。,4 research materials; 3 distinct sources; 0 high-evidence records; 1 book records; 0 paper/article records.,normalized bilingual summary
3,robert-rhea,羅伯特・里亞,Robert Rhea,United States,1887-1939,foundation,理論奠基者,Foundational theorist,道氏理論（系統化整理者）；趨勢跟隨（趨勢確認）,Dow Theory (systematizer); Trend Following (trend confirmation),技術分析基本理論與市場趨勢框架；趨勢辨識、均線、通道與趨勢跟隨,"core technical-analysis theory and trend frameworks; trend identification, moving averages, channels, and trend following",《道氏理論》（1932）；參考來源：https://books.google.com/books/about/The_Dow_Theory.html?id=FO65ngEACAAJ；參考來源：https://openlibrary.org/books/OL6279382M/The_Dow_theory,The Dow Theory (1932); Reference source: https://books.google.com/books/about/The_Dow_Theory.html?id=FO65ngEACAAJ; Reference source: https://openlibrary.org/books/OL6279382M/The_Dow_theory,以《The Dow Theory》整理 Dow 與 Hamilton 的觀念，對後來技術分析教材影響很深。,"Robert Rhea (羅伯特・里亞) is classified as a Foundational theorist. The research/contribution focus is Dow Theory (systematizer); Trend Following (trend confirmation). Representative materials include The Dow Theory (1932); Reference source: https://books.google.com/books/about/The_Dow_Theory.html?id=FO65ngEACAAJ; Reference source: https://openlibrary.org/books/OL6279382M/The_Dow_theory. The work is useful for core technical-analysis theory and trend frameworks; trend identification, moving averages, channels, and trend following.",羅伯特・里亞（Robert Rhea）定位為理論奠基者。研究/貢獻重點集中在道氏理論（系統化整理者）；趨勢跟隨（趨勢確認）。代表資料包括《道氏理論》（1932）；參考來源：https://books.google.com/books/about/The_Dow_Theory.html?id=FO65ngEACAAJ；參考來源：https://openlibrary.org/books/OL6279382M/The_Dow_theory。可用於技術分析基本理論與市場趨勢框架；趨勢辨識、均線、通道與趨勢跟隨。,"Robert Rhea (羅伯特・里亞) is classified as a Foundational theorist. The research/contribution focus is Dow Theory (systematizer); Trend Following (trend confirmation). Representative materials include The Dow Theory (1932); Reference source: https://books.google.com/books/about/The_Dow_Theory.html?id=FO65ngEACAAJ; Reference source: https://openlibrary.org/books/OL6279382M/The_Dow_theory. The work is useful for core technical-analysis theory and trend frameworks; trend identification, moving averages, channels, and trend following.",3,2,1,1,0,3 筆研究材料；2 個不同來源；1 筆高證據等級；書籍 1 筆；論文/文章 0 筆。,3 research materials; 2 distinct sources; 1 high-evidence records; 1 book records; 0 paper/article records.,normalized bilingual summary
4,richard-d-wyckoff,理查・威科夫,Richard D. Wyckoff,United States,1873-1934,foundation,理論奠基者,Foundational theorist,威科夫方法（創始者）；成交量分析（量價分析）；讀帶 / 盤口判讀（讀帶）,Wyckoff Method (creator); Volume Analysis (price-volume analysis); Tape Reading (tape reading),量價關係、資金流與供需分析；圖表型態、價格結構與支撐阻力,"price-volume relationships, money flow, and supply/demand; chart patterns, price structure, and support/resistance",《讀帶研究》（1910）；《我如何交易與投資股票和債券》（1924）；參考來源：https://chartschool.stockcharts.com/table-of-contents/market-analysis/wyckoff-analysis-articles/the-wyckoff-method-a-tutorial,Studies in Tape Reading (1910); How I Trade and Invest in Stocks and Bonds (1924); Reference source: https://chartschool.stockcharts.com/table-of-contents/market-analysis/wyckoff-analysis-articles/the-wyckoff-method-a-tutorial,威科夫方法以供需、量價、累積/派發分析股票，是現代價格行為與量價交易的重要基礎。,"Richard D. Wyckoff (理查・威科夫) is classified as a Foundational theorist. The research/contribution focus is Wyckoff Method (creator); Volume Analysis (price-volume analysis); Tape Reading (tape reading). Representative materials include Studies in Tape Reading (1910); How I Trade and Invest in Stocks and Bonds (1924); Reference source: https://chartschool.stockcharts.com/table-of-contents/market-analysis/wyckoff-analysis-articles/the-wyckoff-method-a-tutorial. The work is useful for price-volume relationships, money flow, and supply/demand; chart patterns, price structure, and support/resistance.",理查・威科夫（Richard D. Wyckoff）定位為理論奠基者。研究/貢獻重點集中在威科夫方法（創始者）；成交量分析（量價分析）；讀帶 / 盤口判讀（讀帶）。代表資料包括《讀帶研究》（1910）；《我如何交易與投資股票和債券》（1924）；參考來源：https://chartschool.stockcharts.com/table-of-contents/market-analysis/wyckoff-analysis-articles/the-wyckoff-method-a-tutorial。可用於量價關係、資金流與供需分析；圖表型態、價格結構與支撐阻力。,"Richard D. Wyckoff (理查・威科夫) is classified as a Foundational theorist. The research/contribution focus is Wyckoff Method (creator); Volume Analysis (price-volume analysis); Tape Reading (tape reading). Representative materials include Studies in Tape Reading (1910); How I Trade and Invest in Stocks and Bonds (1924); Reference source: https://chartschool.stockcharts.com/table-of-contents/market-analysis/wyckoff-analysis-articles/the-wyckoff-method-a-tutorial. The work is useful for price-volume relationships, money flow, and supply/demand; chart patterns, price structure, and support/resistance.",3,3,2,2,0,3 筆研究材料；3 個不同來源；2 筆高證據等級；書籍 2 筆；論文/文章 0 筆。,3 research materials; 3 distinct sources; 2 high-evidence records; 2 book records; 0 paper/article records.,normalized bilingual summary
5,jesse-livermore,傑西・李佛摩,Jesse Livermore,United States,1877-1940,practitioner,實戰交易代表,Market practitioner,讀帶 / 盤口判讀（代表性實踐者）；價格行為（價格行為）；趨勢跟隨（趨勢交易）,Tape Reading (representative practitioner); Price Action (price action); Trend Following (trend trading),圖表型態、價格結構與支撐阻力；趨勢辨識、均線、通道與趨勢跟隨,"chart patterns, price structure, and support/resistance; trend identification, moving averages, channels, and trend following",《如何交易股票》（1940）；參考來源：https://en.wikipedia.org/wiki/Jesse_Livermore,How to Trade in Stocks (1940); Reference source: https://en.wikipedia.org/wiki/Jesse_Livermore,以價格行為、關鍵價位與趨勢操作聞名，雖非學院派作者，但對後世交易方法影響巨大。,"Jesse Livermore (傑西・李佛摩) is classified as a Market practitioner. The research/contribution focus is Tape Reading (representative practitioner); Price Action (price action); Trend Following (trend trading). Representative materials include How to Trade in Stocks (1940); Reference source: https://en.wikipedia.org/wiki/Jesse_Livermore. The work is useful for chart patterns, price structure, and support/resistance; trend identification, moving averages, channels, and trend following.",傑西・李佛摩（Jesse Livermore）定位為實戰交易代表。研究/貢獻重點集中在讀帶 / 盤口判讀（代表性實踐者）；價格行為（價格行為）；趨勢跟隨（趨勢交易）。代表資料包括《如何交易股票》（1940）；參考來源：https://en.wikipedia.org/wiki/Jesse_Livermore。可用於圖表型態、價格結構與支撐阻力；趨勢辨識、均線、通道與趨勢跟隨。,"Jesse Livermore (傑西・李佛摩) is classified as a Market practitioner. The research/contribution focus is Tape Reading (representative practitioner); Price Action (price action); Trend Following (trend trading). Representative materials include How to Trade in Stocks (1940); Reference source: https://en.wikipedia.org/wiki/Jesse_Livermore. The work is useful for chart patterns, price structure, and support/resistance; trend identification, moving averages, channels, and trend following.",2,2,1,1,0,2 筆研究材料；2 個不同來源；1 筆高證據等級；書籍 1 筆；論文/文章 0 筆。,2 research materials; 2 distinct sources; 1 high-evidence records; 1 book records; 0 paper/article records.,normalized bilingual summary
6,w-d-gann,威廉・江恩,W. D. Gann,United States,1878-1955,foundation,理論奠基者,Foundational theorist,江恩理論（創始者）；週期分析（週期分析）；支撐阻力（角度/價位）,Gann Methods (creator); Cycle Analysis (cycle analysis); Support and Resistance (angles/price levels),週期、時間窗口與市場節奏判讀；圖表型態、價格結構與支撐阻力,"cycles, timing windows, and market rhythm; chart patterns, price structure, and support/resistance",《股市讀帶真相》（1923）；《華爾街四十五年》（1941）；參考來源：https://en.wikipedia.org/wiki/William_Delbert_Gann,Truth of the Stock Tape (1923); 45 Years in Wall Street (1941); Reference source: https://en.wikipedia.org/wiki/William_Delbert_Gann,江恩角度、時間循環、價格幾何在技術分析史上具代表性，適合歸於週期與時間價格分析資料。,"W. D. Gann (威廉・江恩) is classified as a Foundational theorist. The research/contribution focus is Gann Methods (creator); Cycle Analysis (cycle analysis); Support and Resistance (angles/price levels). Representative materials include Truth of the Stock Tape (1923); 45 Years in Wall Street (1941); Reference source: https://en.wikipedia.org/wiki/William_Delbert_Gann. The work is useful for cycles, timing windows, and market rhythm; chart patterns, price structure, and support/resistance.",威廉・江恩（W. D. Gann）定位為理論奠基者。研究/貢獻重點集中在江恩理論（創始者）；週期分析（週期分析）；支撐阻力（角度/價位）。代表資料包括《股市讀帶真相》（1923）；《華爾街四十五年》（1941）；參考來源：https://en.wikipedia.org/wiki/William_Delbert_Gann。可用於週期、時間窗口與市場節奏判讀；圖表型態、價格結構與支撐阻力。,"W. D. Gann (威廉・江恩) is classified as a Foundational theorist. The research/contribution focus is Gann Methods (creator); Cycle Analysis (cycle analysis); Support and Resistance (angles/price levels). Representative materials include Truth of the Stock Tape (1923); 45 Years in Wall Street (1941); Reference source: https://en.wikipedia.org/wiki/William_Delbert_Gann. The work is useful for cycles, timing windows, and market rhythm; chart patterns, price structure, and support/resistance.",3,3,2,2,0,3 筆研究材料；3 個不同來源；2 筆高證據等級；書籍 2 筆；論文/文章 0 筆。,3 research materials; 3 distinct sources; 2 high-evidence records; 2 book records; 0 paper/article records.,normalized bilingual summary
7,ralph-nelson-elliott,拉爾夫・尼爾森・艾略特,Ralph Nelson Elliott,United States,1871-1948,foundation,理論奠基者,Foundational theorist,艾略特波浪（創始者）；週期分析（市場循環）,Elliott Wave (creator); Cycle Analysis (market cycles),波浪、分形結構與時間價格路徑；週期、時間窗口與市場節奏判讀,"waves, fractal structure, and time-price paths; cycles, timing windows, and market rhythm",《波浪原理》（1938）；參考來源：https://en.wikipedia.org/wiki/Ralph_Nelson_Elliott；參考來源：https://www.investopedia.com/terms/e/elliottwavetheory.asp,The Wave Principle (1938); Reference source: https://en.wikipedia.org/wiki/Ralph_Nelson_Elliott; Reference source: https://www.investopedia.com/terms/e/elliottwavetheory.asp,艾略特波浪是最知名的技術分析分支之一，常用於股票指數、外匯與商品的趨勢結構判讀。,"Ralph Nelson Elliott (拉爾夫・尼爾森・艾略特) is classified as a Foundational theorist. The research/contribution focus is Elliott Wave (creator); Cycle Analysis (market cycles). Representative materials include The Wave Principle (1938); Reference source: https://en.wikipedia.org/wiki/Ralph_Nelson_Elliott; Reference source: https://www.investopedia.com/terms/e/elliottwavetheory.asp. The work is useful for waves, fractal structure, and time-price paths; cycles, timing windows, and market rhythm.",拉爾夫・尼爾森・艾略特（Ralph Nelson Elliott）定位為理論奠基者。研究/貢獻重點集中在艾略特波浪（創始者）；週期分析（市場循環）。代表資料包括《波浪原理》（1938）；參考來源：https://en.wikipedia.org/wiki/Ralph_Nelson_Elliott；參考來源：https://www.investopedia.com/terms/e/elliottwavetheory.asp。可用於波浪、分形結構與時間價格路徑；週期、時間窗口與市場節奏判讀。,"Ralph Nelson Elliott (拉爾夫・尼爾森・艾略特) is classified as a Foundational theorist. The research/contribution focus is Elliott Wave (creator); Cycle Analysis (market cycles). Representative materials include The Wave Principle (1938); Reference source: https://en.wikipedia.org/wiki/Ralph_Nelson_Elliott; Reference source: https://www.investopedia.com/terms/e/elliottwavetheory.asp. The work is useful for waves, fractal structure, and time-price paths; cycles, timing windows, and market rhythm.",3,2,0,1,0,3 筆研究材料；2 個不同來源；0 筆高證據等級；書籍 1 筆；論文/文章 0 筆。,3 research materials; 2 distinct sources; 0 high-evidence records; 1 book records; 0 paper/article records.,normalized bilingual summary
8,richard-w-schabacker,理查・沙巴克,Richard W. Schabacker,United States,1899-1935,author,經典著作作者,Classic author,圖表型態（早期系統化作者）；支撐阻力（型態與趨勢線）,Chart Patterns (early systematizing author); Support and Resistance (patterns and trendlines),圖表型態、價格結構與支撐阻力,"chart patterns, price structure, and support/resistance",《技術分析與股市獲利》（1932）；參考來源：https://chartschool.stockcharts.com/table-of-contents/chart-analysis/introduction-to-chart-patterns；參考來源：https://harriman-house.com/authors/richard-schabacker/technical-analysis-and-stock-market-profits/9780857199164,Technical Analysis and Stock Market Profits (1932); Reference source: https://chartschool.stockcharts.com/table-of-contents/chart-analysis/introduction-to-chart-patterns; Reference source: https://harriman-house.com/authors/richard-schabacker/technical-analysis-and-stock-market-profits/9780857199164,把圖表型態、趨勢、支撐阻力整理成完整技術分析體系，並影響 Edwards 與 Magee。,"Richard W. Schabacker (理查・沙巴克) is classified as a Classic author. The research/contribution focus is Chart Patterns (early systematizing author); Support and Resistance (patterns and trendlines). Representative materials include Technical Analysis and Stock Market Profits (1932); Reference source: https://chartschool.stockcharts.com/table-of-contents/chart-analysis/introduction-to-chart-patterns; Reference source: https://harriman-house.com/authors/richard-schabacker/technical-analysis-and-stock-market-profits/9780857199164. The work is useful for chart patterns, price structure, and support/resistance.",理查・沙巴克（Richard W. Schabacker）定位為經典著作作者。研究/貢獻重點集中在圖表型態（早期系統化作者）；支撐阻力（型態與趨勢線）。代表資料包括《技術分析與股市獲利》（1932）；參考來源：https://chartschool.stockcharts.com/table-of-contents/chart-analysis/introduction-to-chart-patterns；參考來源：https://harriman-house.com/authors/richard-schabacker/technical-analysis-and-stock-market-profits/9780857199164。可用於圖表型態、價格結構與支撐阻力。,"Richard W. Schabacker (理查・沙巴克) is classified as a Classic author. The research/contribution focus is Chart Patterns (early systematizing author); Support and Resistance (patterns and trendlines). Representative materials include Technical Analysis and Stock Market Profits (1932); Reference source: https://chartschool.stockcharts.com/table-of-contents/chart-analysis/introduction-to-chart-patterns; Reference source: https://harriman-house.com/authors/richard-schabacker/technical-analysis-and-stock-market-profits/9780857199164. The work is useful for chart patterns, price structure, and support/resistance.",3,2,0,1,0,3 筆研究材料；2 個不同來源；0 筆高證據等級；書籍 1 筆；論文/文章 0 筆。,3 research materials; 2 distinct sources; 0 high-evidence records; 1 book records; 0 paper/article records.,normalized bilingual summary
9,robert-d-edwards,羅伯特・愛德華茲,Robert D. Edwards,United States,1893-1964,author,經典著作作者,Classic author,圖表型態（經典教材作者）；支撐阻力（型態分析）,Chart Patterns (classic textbook author); Support and Resistance (pattern analysis),圖表型態、價格結構與支撐阻力,"chart patterns, price structure, and support/resistance",《股票趨勢技術分析》（1948）；參考來源：https://www.amazon.com/Technical-Analysis-Stock-Trends-Edwards/dp/113806941X；參考來源：https://www.investopedia.com/articles/personal-finance/090916/top-5-books-learn-technical-analysis.asp,Technical Analysis of Stock Trends (1948); Reference source: https://www.amazon.com/Technical-Analysis-Stock-Trends-Edwards/dp/113806941X; Reference source: https://www.investopedia.com/articles/personal-finance/090916/top-5-books-learn-technical-analysis.asp,與 John Magee 合著的《Technical Analysis of Stock Trends》是圖表型態領域最常被引用的經典之一。,"Robert D. Edwards (羅伯特・愛德華茲) is classified as a Classic author. The research/contribution focus is Chart Patterns (classic textbook author); Support and Resistance (pattern analysis). Representative materials include Technical Analysis of Stock Trends (1948); Reference source: https://www.amazon.com/Technical-Analysis-Stock-Trends-Edwards/dp/113806941X; Reference source: https://www.investopedia.com/articles/personal-finance/090916/top-5-books-learn-technical-analysis.asp. The work is useful for chart patterns, price structure, and support/resistance.",羅伯特・愛德華茲（Robert D. Edwards）定位為經典著作作者。研究/貢獻重點集中在圖表型態（經典教材作者）；支撐阻力（型態分析）。代表資料包括《股票趨勢技術分析》（1948）；參考來源：https://www.amazon.com/Technical-Analysis-Stock-Trends-Edwards/dp/113806941X；參考來源：https://www.investopedia.com/articles/personal-finance/090916/top-5-books-learn-technical-analysis.asp。可用於圖表型態、價格結構與支撐阻力。,"Robert D. Edwards (羅伯特・愛德華茲) is classified as a Classic author. The research/contribution focus is Chart Patterns (classic textbook author); Support and Resistance (pattern analysis). Representative materials include Technical Analysis of Stock Trends (1948); Reference source: https://www.amazon.com/Technical-Analysis-Stock-Trends-Edwards/dp/113806941X; Reference source: https://www.investopedia.com/articles/personal-finance/090916/top-5-books-learn-technical-analysis.asp. The work is useful for chart patterns, price structure, and support/resistance.",3,2,1,1,0,3 筆研究材料；2 個不同來源；1 筆高證據等級；書籍 1 筆；論文/文章 0 筆。,3 research materials; 2 distinct sources; 1 high-evidence records; 1 book records; 0 paper/article records.,normalized bilingual summary
10,john-magee,約翰・麥基,John Magee,United States,1901-1987,author,經典著作作者,Classic author,圖表型態（經典教材作者）；支撐阻力（型態分析）,Chart Patterns (classic textbook author); Support and Resistance (pattern analysis),圖表型態、價格結構與支撐阻力,"chart patterns, price structure, and support/resistance",《股票趨勢技術分析》（1948）；參考來源：https://www.amazon.com/Technical-Analysis-Stock-Trends-Edwards/dp/113806941X；參考來源：https://www.investopedia.com/articles/financial-theory/10/pioneers-technical-analysis.asp,Technical Analysis of Stock Trends (1948); Reference source: https://www.amazon.com/Technical-Analysis-Stock-Trends-Edwards/dp/113806941X; Reference source: https://www.investopedia.com/articles/financial-theory/10/pioneers-technical-analysis.asp,與 Edwards 共同建立現代圖表型態教材框架，對股票技術分析教育影響深。,"John Magee (約翰・麥基) is classified as a Classic author. The research/contribution focus is Chart Patterns (classic textbook author); Support and Resistance (pattern analysis). Representative materials include Technical Analysis of Stock Trends (1948); Reference source: https://www.amazon.com/Technical-Analysis-Stock-Trends-Edwards/dp/113806941X; Reference source: https://www.investopedia.com/articles/financial-theory/10/pioneers-technical-analysis.asp. The work is useful for chart patterns, price structure, and support/resistance.",約翰・麥基（John Magee）定位為經典著作作者。研究/貢獻重點集中在圖表型態（經典教材作者）；支撐阻力（型態分析）。代表資料包括《股票趨勢技術分析》（1948）；參考來源：https://www.amazon.com/Technical-Analysis-Stock-Trends-Edwards/dp/113806941X；參考來源：https://www.investopedia.com/articles/financial-theory/10/pioneers-technical-analysis.asp。可用於圖表型態、價格結構與支撐阻力。,"John Magee (約翰・麥基) is classified as a Classic author. The research/contribution focus is Chart Patterns (classic textbook author); Support and Resistance (pattern analysis). Representative materials include Technical Analysis of Stock Trends (1948); Reference source: https://www.amazon.com/Technical-Analysis-Stock-Trends-Edwards/dp/113806941X; Reference source: https://www.investopedia.com/articles/financial-theory/10/pioneers-technical-analysis.asp. The work is useful for chart patterns, price structure, and support/resistance.",3,2,1,1,0,3 筆研究材料；2 個不同來源；1 筆高證據等級；書籍 1 筆；論文/文章 0 筆。,3 research materials; 2 distinct sources; 1 high-evidence records; 1 book records; 0 paper/article records.,normalized bilingual summary
11,john-j-murphy,約翰・墨菲,John J. Murphy,United States,1942-,author,經典著作作者,Classic author,移動平均（教材作者）；圖表型態（教材作者）；市場寬度（市場分析）,Moving Average (textbook author); Chart Patterns (textbook author); Market Breadth (market analysis),趨勢辨識、均線、通道與趨勢跟隨；圖表型態、價格結構與支撐阻力；市場寬度、內部強弱與指數健康度判讀,"trend identification, moving averages, channels, and trend following; chart patterns, price structure, and support/resistance; market breadth, internal strength, and index health",《金融市場技術分析》（1999）；參考來源：https://www.amazon.com/Technical-Analysis-Financial-Markets-Comprehensive/dp/0735200661；參考來源：https://www.investopedia.com/articles/personal-finance/090916/top-5-books-learn-technical-analysis.asp,Technical Analysis of the Financial Markets (1999); Reference source: https://www.amazon.com/Technical-Analysis-Financial-Markets-Comprehensive/dp/0735200661; Reference source: https://www.investopedia.com/articles/personal-finance/090916/top-5-books-learn-technical-analysis.asp,綜合型技術分析教材代表作者，涵蓋趨勢、型態、指標、跨市場分析與期貨/股票應用。,"John J. Murphy (約翰・墨菲) is classified as a Classic author. The research/contribution focus is Moving Average (textbook author); Chart Patterns (textbook author); Market Breadth (market analysis). Representative materials include Technical Analysis of the Financial Markets (1999); Reference source: https://www.amazon.com/Technical-Analysis-Financial-Markets-Comprehensive/dp/0735200661; Reference source: https://www.investopedia.com/articles/personal-finance/090916/top-5-books-learn-technical-analysis.asp. The work is useful for trend identification, moving averages, channels, and trend following; chart patterns, price structure, and support/resistance; market breadth, internal strength, and index health.",約翰・墨菲（John J. Murphy）定位為經典著作作者。研究/貢獻重點集中在移動平均（教材作者）；圖表型態（教材作者）；市場寬度（市場分析）。代表資料包括《金融市場技術分析》（1999）；參考來源：https://www.amazon.com/Technical-Analysis-Financial-Markets-Comprehensive/dp/0735200661；參考來源：https://www.investopedia.com/articles/personal-finance/090916/top-5-books-learn-technical-analysis.asp。可用於趨勢辨識、均線、通道與趨勢跟隨；圖表型態、價格結構與支撐阻力；市場寬度、內部強弱與指數健康度判讀。,"John J. Murphy (約翰・墨菲) is classified as a Classic author. The research/contribution focus is Moving Average (textbook author); Chart Patterns (textbook author); Market Breadth (market analysis). Representative materials include Technical Analysis of the Financial Markets (1999); Reference source: https://www.amazon.com/Technical-Analysis-Financial-Markets-Comprehensive/dp/0735200661; Reference source: https://www.investopedia.com/articles/personal-finance/090916/top-5-books-learn-technical-analysis.asp. The work is useful for trend identification, moving averages, channels, and trend following; chart patterns, price structure, and support/resistance; market breadth, internal strength, and index health.",3,2,1,1,0,3 筆研究材料；2 個不同來源；1 筆高證據等級；書籍 1 筆；論文/文章 0 筆。,3 research materials; 2 distinct sources; 1 high-evidence records; 1 book records; 0 paper/article records.,normalized bilingual summary
12,martin-j-pring,馬丁・普林格,Martin J. Pring,United Kingdom / United States,1943-,author,經典著作作者,Classic author,動量（指標與教材作者）；週期分析（景氣/市場循環）；趨勢跟隨（趨勢判讀）,Momentum (indicator and textbook author); Cycle Analysis (business/market cycles); Trend Following (trend interpretation),動量、超買超賣、背離與趨勢強弱；週期、時間窗口與市場節奏判讀；趨勢辨識、均線、通道與趨勢跟隨,"momentum, overbought/oversold conditions, divergence, and trend strength; cycles, timing windows, and market rhythm; trend identification, moving averages, channels, and trend following",《技術分析詳解》（1980）；參考來源：https://www.amazon.com/Technical-Analysis-Explained-Successful-Investment/dp/1260466020；參考來源：https://www.investopedia.com/articles/personal-finance/090916/top-5-books-learn-technical-analysis.asp,Technical Analysis Explained (1980); Reference source: https://www.amazon.com/Technical-Analysis-Explained-Successful-Investment/dp/1260466020; Reference source: https://www.investopedia.com/articles/personal-finance/090916/top-5-books-learn-technical-analysis.asp,著作廣、教材地位高，特別適合整理動量、週期、趨勢與市場心理指標。,"Martin J. Pring (馬丁・普林格) is classified as a Classic author. The research/contribution focus is Momentum (indicator and textbook author); Cycle Analysis (business/market cycles); Trend Following (trend interpretation). Representative materials include Technical Analysis Explained (1980); Reference source: https://www.amazon.com/Technical-Analysis-Explained-Successful-Investment/dp/1260466020; Reference source: https://www.investopedia.com/articles/personal-finance/090916/top-5-books-learn-technical-analysis.asp. The work is useful for momentum, overbought/oversold conditions, divergence, and trend strength; cycles, timing windows, and market rhythm; trend identification, moving averages, channels, and trend following.",馬丁・普林格（Martin J. Pring）定位為經典著作作者。研究/貢獻重點集中在動量（指標與教材作者）；週期分析（景氣/市場循環）；趨勢跟隨（趨勢判讀）。代表資料包括《技術分析詳解》（1980）；參考來源：https://www.amazon.com/Technical-Analysis-Explained-Successful-Investment/dp/1260466020；參考來源：https://www.investopedia.com/articles/personal-finance/090916/top-5-books-learn-technical-analysis.asp。可用於動量、超買超賣、背離與趨勢強弱；週期、時間窗口與市場節奏判讀；趨勢辨識、均線、通道與趨勢跟隨。,"Martin J. Pring (馬丁・普林格) is classified as a Classic author. The research/contribution focus is Momentum (indicator and textbook author); Cycle Analysis (business/market cycles); Trend Following (trend interpretation). Representative materials include Technical Analysis Explained (1980); Reference source: https://www.amazon.com/Technical-Analysis-Explained-Successful-Investment/dp/1260466020; Reference source: https://www.investopedia.com/articles/personal-finance/090916/top-5-books-learn-technical-analysis.asp. The work is useful for momentum, overbought/oversold conditions, divergence, and trend strength; cycles, timing windows, and market rhythm; trend identification, moving averages, channels, and trend following.",3,2,1,1,0,3 筆研究材料；2 個不同來源；1 筆高證據等級；書籍 1 筆；論文/文章 0 筆。,3 research materials; 2 distinct sources; 1 high-evidence records; 1 book records; 0 paper/article records.,normalized bilingual summary
13,jack-d-schwager,傑克・施瓦格,Jack D. Schwager,United States,1948-,author,經典著作作者,Classic author,圖表型態（教材作者）；交易系統（交易方法整理）；價格行為（交易者訪談）,Chart Patterns (textbook author); Trading Systems (trading-method compilation); Price Action (trader interviews),圖表型態、價格結構與支撐阻力；系統交易、規則設計與回測流程,"chart patterns, price structure, and support/resistance; systematic trading, rule design, and backtesting",原文題名：Market Wizards（1989）；《技術分析入門》（1999）；參考來源：https://www.amazon.com/Getting-Started-Technical-Analysis-Schwager/dp/0471295426；參考來源：https://www.investopedia.com/articles/personal-finance/090916/top-5-books-learn-technical-analysis.asp,Market Wizards (1989); Getting Started in Technical Analysis (1999); Reference source: https://www.amazon.com/Getting-Started-Technical-Analysis-Schwager/dp/0471295426; Reference source: https://www.investopedia.com/articles/personal-finance/090916/top-5-books-learn-technical-analysis.asp,技術分析入門書與 Market Wizards 訪談系列讓大量實戰交易方法被系統化保存。,"Jack D. Schwager (傑克・施瓦格) is classified as a Classic author. The research/contribution focus is Chart Patterns (textbook author); Trading Systems (trading-method compilation); Price Action (trader interviews). Representative materials include Market Wizards (1989); Getting Started in Technical Analysis (1999); Reference source: https://www.amazon.com/Getting-Started-Technical-Analysis-Schwager/dp/0471295426; Reference source: https://www.investopedia.com/articles/personal-finance/090916/top-5-books-learn-technical-analysis.asp. The work is useful for chart patterns, price structure, and support/resistance; systematic trading, rule design, and backtesting.",傑克・施瓦格（Jack D. Schwager）定位為經典著作作者。研究/貢獻重點集中在圖表型態（教材作者）；交易系統（交易方法整理）；價格行為（交易者訪談）。代表資料包括原文題名：Market Wizards（1989）；《技術分析入門》（1999）；參考來源：https://www.amazon.com/Getting-Started-Technical-Analysis-Schwager/dp/0471295426；參考來源：https://www.investopedia.com/articles/personal-finance/090916/top-5-books-learn-technical-analysis.asp。可用於圖表型態、價格結構與支撐阻力；系統交易、規則設計與回測流程。,"Jack D. Schwager (傑克・施瓦格) is classified as a Classic author. The research/contribution focus is Chart Patterns (textbook author); Trading Systems (trading-method compilation); Price Action (trader interviews). Representative materials include Market Wizards (1989); Getting Started in Technical Analysis (1999); Reference source: https://www.amazon.com/Getting-Started-Technical-Analysis-Schwager/dp/0471295426; Reference source: https://www.investopedia.com/articles/personal-finance/090916/top-5-books-learn-technical-analysis.asp. The work is useful for chart patterns, price structure, and support/resistance; systematic trading, rule design, and backtesting.",4,3,2,2,0,4 筆研究材料；3 個不同來源；2 筆高證據等級；書籍 2 筆；論文/文章 0 筆。,4 research materials; 3 distinct sources; 2 high-evidence records; 2 book records; 0 paper/article records.,normalized bilingual summary
14,charles-d-kirkpatrick-ii,查爾斯・柯克派翠克二世,Charles D. Kirkpatrick II,United States,,author_researcher,著作與研究兼具,Author-researcher,相對強弱 / 強勢股篩選（研究者）；道氏理論（Dow Award 研究）；股票選股（選股研究）,Relative Strength (researcher); Dow Theory (Dow Award research); Stock Selection (stock-selection research),股票選股、相對強弱與成長股篩選；技術分析基本理論與市場趨勢框架,"stock selection, relative strength, and growth-stock screening; core technical-analysis theory and trend frameworks",原文題名：Stock Selection: A Test of Relative Stock Values Reported Over 17 1/2 Years（2001）；《技術分析：金融市場技術分析師完整資源》（2006）；參考來源：https://cmtassociation.org/association/award-recognizing/charles-h-dow-award/,Stock Selection: A Test of Relative Stock Values Reported Over 17 1/2 Years (2001); Technical Analysis: The Complete Resource for Financial Market Technicians (2006); Reference source: https://cmtassociation.org/association/award-recognizing/charles-h-dow-award/,兼具 CMT 教材作者與 Charles H. Dow Award 研究紀錄，適合放入相對強弱與股票選股研究。,"Charles D. Kirkpatrick II (查爾斯・柯克派翠克二世) is classified as a Author-researcher. The research/contribution focus is Relative Strength (researcher); Dow Theory (Dow Award research); Stock Selection (stock-selection research). Representative materials include Stock Selection: A Test of Relative Stock Values Reported Over 17 1/2 Years (2001); Technical Analysis: The Complete Resource for Financial Market Technicians (2006); Reference source: https://cmtassociation.org/association/award-recognizing/charles-h-dow-award/. The work is useful for stock selection, relative strength, and growth-stock screening; core technical-analysis theory and trend frameworks.",查爾斯・柯克派翠克二世（Charles D. Kirkpatrick II）定位為著作與研究兼具。研究/貢獻重點集中在相對強弱 / 強勢股篩選（研究者）；道氏理論（Dow Award 研究）；股票選股（選股研究）。代表資料包括原文題名：Stock Selection: A Test of Relative Stock Values Reported Over 17 1/2 Years（2001）；《技術分析：金融市場技術分析師完整資源》（2006）；參考來源：https://cmtassociation.org/association/award-recognizing/charles-h-dow-award/。可用於股票選股、相對強弱與成長股篩選；技術分析基本理論與市場趨勢框架。,"Charles D. Kirkpatrick II (查爾斯・柯克派翠克二世) is classified as a Author-researcher. The research/contribution focus is Relative Strength (researcher); Dow Theory (Dow Award research); Stock Selection (stock-selection research). Representative materials include Stock Selection: A Test of Relative Stock Values Reported Over 17 1/2 Years (2001); Technical Analysis: The Complete Resource for Financial Market Technicians (2006); Reference source: https://cmtassociation.org/association/award-recognizing/charles-h-dow-award/. The work is useful for stock selection, relative strength, and growth-stock screening; core technical-analysis theory and trend frameworks.",3,2,3,1,1,3 筆研究材料；2 個不同來源；3 筆高證據等級；書籍 1 筆；論文/文章 1 筆。,3 research materials; 2 distinct sources; 3 high-evidence records; 1 book records; 1 paper/article records.,normalized bilingual summary
15,julie-r-dahlquist,茱莉・達爾奎斯特,Julie R. Dahlquist,United States,,author_researcher,著作與研究兼具,Author-researcher,圖表型態（教材作者）；回測與系統驗證（缺口策略研究）；實證技術分析（研究者）,Chart Patterns (textbook author); Backtesting (gap-strategy research); Evidence-Based Technical Analysis (researcher),圖表型態、價格結構與支撐阻力；實證檢驗、規則驗證與資料探勘風險控制,"chart patterns, price structure, and support/resistance; empirical testing, rule validation, and data-mining control",《技術分析：金融市場技術分析師完整資源》（2006）；原文題名：Analyzing Gaps for Profitable Trading Strategies（2011）；參考來源：https://cmtassociation.org/association/award-recognizing/charles-h-dow-award/,Technical Analysis: The Complete Resource for Financial Market Technicians (2006); Analyzing Gaps for Profitable Trading Strategies (2011); Reference source: https://cmtassociation.org/association/award-recognizing/charles-h-dow-award/,CMT 教材合著者與 Dow Award 得主，適合記錄缺口、教材與技術分析研究方法。,"Julie R. Dahlquist (茱莉・達爾奎斯特) is classified as a Author-researcher. The research/contribution focus is Chart Patterns (textbook author); Backtesting (gap-strategy research); Evidence-Based Technical Analysis (researcher). Representative materials include Technical Analysis: The Complete Resource for Financial Market Technicians (2006); Analyzing Gaps for Profitable Trading Strategies (2011); Reference source: https://cmtassociation.org/association/award-recognizing/charles-h-dow-award/. The work is useful for chart patterns, price structure, and support/resistance; empirical testing, rule validation, and data-mining control.",茱莉・達爾奎斯特（Julie R. Dahlquist）定位為著作與研究兼具。研究/貢獻重點集中在圖表型態（教材作者）；回測與系統驗證（缺口策略研究）；實證技術分析（研究者）。代表資料包括《技術分析：金融市場技術分析師完整資源》（2006）；原文題名：Analyzing Gaps for Profitable Trading Strategies（2011）；參考來源：https://cmtassociation.org/association/award-recognizing/charles-h-dow-award/。可用於圖表型態、價格結構與支撐阻力；實證檢驗、規則驗證與資料探勘風險控制。,"Julie R. Dahlquist (茱莉・達爾奎斯特) is classified as a Author-researcher. The research/contribution focus is Chart Patterns (textbook author); Backtesting (gap-strategy research); Evidence-Based Technical Analysis (researcher). Representative materials include Technical Analysis: The Complete Resource for Financial Market Technicians (2006); Analyzing Gaps for Profitable Trading Strategies (2011); Reference source: https://cmtassociation.org/association/award-recognizing/charles-h-dow-award/. The work is useful for chart patterns, price structure, and support/resistance; empirical testing, rule validation, and data-mining control.",3,2,3,1,1,3 筆研究材料；2 個不同來源；3 筆高證據等級；書籍 1 筆；論文/文章 1 筆。,3 research materials; 2 distinct sources; 3 high-evidence records; 1 book records; 1 paper/article records.,normalized bilingual summary
16,steven-b-achelis,史蒂文・阿契利斯,Steven B. Achelis,United States,,author,經典著作作者,Classic author,移動平均（百科作者）；動量（百科作者）；成交量分析（百科作者）,Moving Average (encyclopedia author); Momentum (encyclopedia author); Volume Analysis (encyclopedia author),趨勢辨識、均線、通道與趨勢跟隨；動量、超買超賣、背離與趨勢強弱；量價關係、資金流與供需分析,"trend identification, moving averages, channels, and trend following; momentum, overbought/oversold conditions, divergence, and trend strength; price-volume relationships, money flow, and supply/demand",《技術分析 A 到 Z》（1995）；參考來源：https://guides.newman.baruch.cuny.edu/c.php?g=188442&p=1243542,Technical Analysis from A to Z (1995); Reference source: https://guides.newman.baruch.cuny.edu/c.php?g=188442&p=1243542,以指標百科型著作著稱，對建立技術指標資料庫很有參考價值。,"Steven B. Achelis (史蒂文・阿契利斯) is classified as a Classic author. The research/contribution focus is Moving Average (encyclopedia author); Momentum (encyclopedia author); Volume Analysis (encyclopedia author). Representative materials include Technical Analysis from A to Z (1995); Reference source: https://guides.newman.baruch.cuny.edu/c.php?g=188442&p=1243542. The work is useful for trend identification, moving averages, channels, and trend following; momentum, overbought/oversold conditions, divergence, and trend strength; price-volume relationships, money flow, and supply/demand.",史蒂文・阿契利斯（Steven B. Achelis）定位為經典著作作者。研究/貢獻重點集中在移動平均（百科作者）；動量（百科作者）；成交量分析（百科作者）。代表資料包括《技術分析 A 到 Z》（1995）；參考來源：https://guides.newman.baruch.cuny.edu/c.php?g=188442&p=1243542。可用於趨勢辨識、均線、通道與趨勢跟隨；動量、超買超賣、背離與趨勢強弱；量價關係、資金流與供需分析。,"Steven B. Achelis (史蒂文・阿契利斯) is classified as a Classic author. The research/contribution focus is Moving Average (encyclopedia author); Momentum (encyclopedia author); Volume Analysis (encyclopedia author). Representative materials include Technical Analysis from A to Z (1995); Reference source: https://guides.newman.baruch.cuny.edu/c.php?g=188442&p=1243542. The work is useful for trend identification, moving averages, channels, and trend following; momentum, overbought/oversold conditions, divergence, and trend strength; price-volume relationships, money flow, and supply/demand.",2,2,1,1,0,2 筆研究材料；2 個不同來源；1 筆高證據等級；書籍 1 筆；論文/文章 0 筆。,2 research materials; 2 distinct sources; 1 high-evidence records; 1 book records; 0 paper/article records.,normalized bilingual summary
17,robert-w-colby,羅伯特・科爾比,Robert W. Colby,United States,,author,經典著作作者,Classic author,移動平均（百科作者）；動量（百科作者）；實證技術分析（指標彙整）,Moving Average (encyclopedia author); Momentum (encyclopedia author); Evidence-Based Technical Analysis (indicator compendium),趨勢辨識、均線、通道與趨勢跟隨；動量、超買超賣、背離與趨勢強弱；實證檢驗、規則驗證與資料探勘風險控制,"trend identification, moving averages, channels, and trend following; momentum, overbought/oversold conditions, divergence, and trend strength; empirical testing, rule validation, and data-mining control",《技術市場指標百科全書》（1988）；參考來源：https://books.google.com/books/about/The_Encyclopedia_Of_Technical_Market_Ind.html?id=f82LUFQVGOUC；參考來源：https://openlibrary.org/books/OL17060688M/The_encyclopedia_of_technical_market_indicators；參考來源：https://www.mheducation.com/highered/mhp/product/encyclopedia-technical-market-indicators-second-edition.html,The Encyclopedia of Technical Market Indicators (1988); Reference source: https://books.google.com/books/about/The_Encyclopedia_Of_Technical_Market_Ind.html?id=f82LUFQVGOUC; Reference source: https://openlibrary.org/books/OL17060688M/The_encyclopedia_of_technical_market_indicators; Reference source: https://www.mheducation.com/highered/mhp/product/encyclopedia-technical-market-indicators-second-edition.html,《The Encyclopedia of Technical Market Indicators》彙整大量指標，是資料庫型研究的重要來源。,"Robert W. Colby (羅伯特・科爾比) is classified as a Classic author. The research/contribution focus is Moving Average (encyclopedia author); Momentum (encyclopedia author); Evidence-Based Technical Analysis (indicator compendium). Representative materials include The Encyclopedia of Technical Market Indicators (1988); Reference source: https://books.google.com/books/about/The_Encyclopedia_Of_Technical_Market_Ind.html?id=f82LUFQVGOUC; Reference source: https://openlibrary.org/books/OL17060688M/The_encyclopedia_of_technical_market_indicators; Reference source: https://www.mheducation.com/highered/mhp/product/encyclopedia-technical-market-indicators-second-edition.html. The work is useful for trend identification, moving averages, channels, and trend following; momentum, overbought/oversold conditions, divergence, and trend strength; empirical testing, rule validation, and data-mining control.",羅伯特・科爾比（Robert W. Colby）定位為經典著作作者。研究/貢獻重點集中在移動平均（百科作者）；動量（百科作者）；實證技術分析（指標彙整）。代表資料包括《技術市場指標百科全書》（1988）；參考來源：https://books.google.com/books/about/The_Encyclopedia_Of_Technical_Market_Ind.html?id=f82LUFQVGOUC；參考來源：https://openlibrary.org/books/OL17060688M/The_encyclopedia_of_technical_market_indicators；參考來源：https://www.mheducation.com/highered/mhp/product/encyclopedia-technical-market-indicators-second-edition.html。可用於趨勢辨識、均線、通道與趨勢跟隨；動量、超買超賣、背離與趨勢強弱；實證檢驗、規則驗證與資料探勘風險控制。,"Robert W. Colby (羅伯特・科爾比) is classified as a Classic author. The research/contribution focus is Moving Average (encyclopedia author); Momentum (encyclopedia author); Evidence-Based Technical Analysis (indicator compendium). Representative materials include The Encyclopedia of Technical Market Indicators (1988); Reference source: https://books.google.com/books/about/The_Encyclopedia_Of_Technical_Market_Ind.html?id=f82LUFQVGOUC; Reference source: https://openlibrary.org/books/OL17060688M/The_encyclopedia_of_technical_market_indicators; Reference source: https://www.mheducation.com/highered/mhp/product/encyclopedia-technical-market-indicators-second-edition.html. The work is useful for trend identification, moving averages, channels, and trend following; momentum, overbought/oversold conditions, divergence, and trend strength; empirical testing, rule validation, and data-mining control.",4,3,0,1,0,4 筆研究材料；3 個不同來源；0 筆高證據等級；書籍 1 筆；論文/文章 0 筆。,4 research materials; 3 distinct sources; 0 high-evidence records; 1 book records; 0 paper/article records.,normalized bilingual summary
18,perry-j-kaufman,佩里・考夫曼,Perry J. Kaufman,United States,,system_developer,交易系統開發者,Trading-system developer,KAMA 考夫曼自適應均線（創始者）；自適應均線（創始者）；交易系統（系統交易作者）,Kaufman Adaptive Moving Average (creator); Adaptive Moving Average (creator); Trading Systems (systematic-trading author),趨勢辨識、均線、通道與趨勢跟隨；系統交易、規則設計與回測流程,"trend identification, moving averages, channels, and trend following; systematic trading, rule design, and backtesting",《交易系統與方法》（1978）；《更聰明的交易》（1995）；參考來源：https://trendspider.com/learning-center/what-is-the-kaufman-adaptive-moving-average/,Trading Systems and Methods (1978); Smarter Trading (1995); Reference source: https://trendspider.com/learning-center/what-is-the-kaufman-adaptive-moving-average/,在交易系統與自適應均線方面影響大，KAMA 是技術指標資料庫必收項。,"Perry J. Kaufman (佩里・考夫曼) is classified as a Trading-system developer. The research/contribution focus is Kaufman Adaptive Moving Average (creator); Adaptive Moving Average (creator); Trading Systems (systematic-trading author). Representative materials include Trading Systems and Methods (1978); Smarter Trading (1995); Reference source: https://trendspider.com/learning-center/what-is-the-kaufman-adaptive-moving-average/. The work is useful for trend identification, moving averages, channels, and trend following; systematic trading, rule design, and backtesting.",佩里・考夫曼（Perry J. Kaufman）定位為交易系統開發者。研究/貢獻重點集中在KAMA 考夫曼自適應均線（創始者）；自適應均線（創始者）；交易系統（系統交易作者）。代表資料包括《交易系統與方法》（1978）；《更聰明的交易》（1995）；參考來源：https://trendspider.com/learning-center/what-is-the-kaufman-adaptive-moving-average/。可用於趨勢辨識、均線、通道與趨勢跟隨；系統交易、規則設計與回測流程。,"Perry J. Kaufman (佩里・考夫曼) is classified as a Trading-system developer. The research/contribution focus is Kaufman Adaptive Moving Average (creator); Adaptive Moving Average (creator); Trading Systems (systematic-trading author). Representative materials include Trading Systems and Methods (1978); Smarter Trading (1995); Reference source: https://trendspider.com/learning-center/what-is-the-kaufman-adaptive-moving-average/. The work is useful for trend identification, moving averages, channels, and trend following; systematic trading, rule design, and backtesting.",3,3,2,2,0,3 筆研究材料；3 個不同來源；2 筆高證據等級；書籍 2 筆；論文/文章 0 筆。,3 research materials; 3 distinct sources; 2 high-evidence records; 2 book records; 0 paper/article records.,normalized bilingual summary
19,j-welles-wilder-jr,威爾斯・威爾德,J. Welles Wilder Jr.,United States,1935-2021,indicator_creator,技術指標創作者,Indicator creator,RSI 相對強弱指數（創始者）；ADX / DMI（創始者）；ATR 平均真實波幅（創始者）；Parabolic SAR（創始者）,Relative Strength Index (creator); Average Directional Index / Directional Movement (creator); Average True Range (creator); Parabolic SAR (creator),動量、超買超賣、背離與趨勢強弱；趨勢辨識、均線、通道與趨勢跟隨；波動率、通道寬度與風險環境,"momentum, overbought/oversold conditions, divergence, and trend strength; trend identification, moving averages, channels, and trend following; volatility, channel width, and risk regimes",《技術交易系統新概念》（1978）；參考來源：https://books.google.com/books/about/New_Concepts_in_Technical_Trading_System.html?id=WesJAQAAMAAJ；參考來源：https://www.investopedia.com/terms/r/rsi.asp,New Concepts in Technical Trading Systems (1978); Reference source: https://books.google.com/books/about/New_Concepts_in_Technical_Trading_System.html?id=WesJAQAAMAAJ; Reference source: https://www.investopedia.com/terms/r/rsi.asp,RSI、ADX/DMI、ATR、Parabolic SAR 等多個核心指標皆出自其 1978 年著作。,"J. Welles Wilder Jr. (威爾斯・威爾德) is classified as a Indicator creator. The research/contribution focus is Relative Strength Index (creator); Average Directional Index / Directional Movement (creator); Average True Range (creator); Parabolic SAR (creator). Representative materials include New Concepts in Technical Trading Systems (1978); Reference source: https://books.google.com/books/about/New_Concepts_in_Technical_Trading_System.html?id=WesJAQAAMAAJ; Reference source: https://www.investopedia.com/terms/r/rsi.asp. The work is useful for momentum, overbought/oversold conditions, divergence, and trend strength; trend identification, moving averages, channels, and trend following; volatility, channel width, and risk regimes.",威爾斯・威爾德（J. Welles Wilder Jr.）定位為技術指標創作者。研究/貢獻重點集中在RSI 相對強弱指數（創始者）；ADX / DMI（創始者）；ATR 平均真實波幅（創始者）；Parabolic SAR（創始者）。代表資料包括《技術交易系統新概念》（1978）；參考來源：https://books.google.com/books/about/New_Concepts_in_Technical_Trading_System.html?id=WesJAQAAMAAJ；參考來源：https://www.investopedia.com/terms/r/rsi.asp。可用於動量、超買超賣、背離與趨勢強弱；趨勢辨識、均線、通道與趨勢跟隨；波動率、通道寬度與風險環境。,"J. Welles Wilder Jr. (威爾斯・威爾德) is classified as a Indicator creator. The research/contribution focus is Relative Strength Index (creator); Average Directional Index / Directional Movement (creator); Average True Range (creator); Parabolic SAR (creator). Representative materials include New Concepts in Technical Trading Systems (1978); Reference source: https://books.google.com/books/about/New_Concepts_in_Technical_Trading_System.html?id=WesJAQAAMAAJ; Reference source: https://www.investopedia.com/terms/r/rsi.asp. The work is useful for momentum, overbought/oversold conditions, divergence, and trend strength; trend identification, moving averages, channels, and trend following; volatility, channel width, and risk regimes.",3,2,1,1,0,3 筆研究材料；2 個不同來源；1 筆高證據等級；書籍 1 筆；論文/文章 0 筆。,3 research materials; 2 distinct sources; 1 high-evidence records; 1 book records; 0 paper/article records.,normalized bilingual summary
20,gerald-appel,傑拉德・阿佩爾,Gerald Appel,United States,1933-2020,indicator_creator,技術指標創作者,Indicator creator,MACD（創始者）；移動平均（動量均線）,Moving Average Convergence/Divergence (creator); Moving Average (momentum moving average),動量、超買超賣、背離與趨勢強弱；趨勢辨識、均線、通道與趨勢跟隨,"momentum, overbought/oversold conditions, divergence, and trend strength; trend identification, moving averages, channels, and trend following",《技術分析：主動投資者的強力工具》（2005）；參考來源：https://cmtassociation.org/presenter/gerald-appel/；參考來源：https://traders.com/documentation/feedbk_docs/2003/09/Abstracts_new/Interview/interview.html；參考來源：https://www.investopedia.com/trading/macd/,Technical Analysis: Power Tools for Active Investors (2005); Reference source: https://cmtassociation.org/presenter/gerald-appel/; Reference source: https://traders.com/documentation/feedbk_docs/2003/09/Abstracts_new/Interview/interview.html; Reference source: https://www.investopedia.com/trading/macd/,MACD 創作者，MACD 是全球交易平台中最普及的動量/趨勢指標之一。,"Gerald Appel (傑拉德・阿佩爾) is classified as a Indicator creator. The research/contribution focus is Moving Average Convergence/Divergence (creator); Moving Average (momentum moving average). Representative materials include Technical Analysis: Power Tools for Active Investors (2005); Reference source: https://cmtassociation.org/presenter/gerald-appel/; Reference source: https://traders.com/documentation/feedbk_docs/2003/09/Abstracts_new/Interview/interview.html; Reference source: https://www.investopedia.com/trading/macd/. The work is useful for momentum, overbought/oversold conditions, divergence, and trend strength; trend identification, moving averages, channels, and trend following.",傑拉德・阿佩爾（Gerald Appel）定位為技術指標創作者。研究/貢獻重點集中在MACD（創始者）；移動平均（動量均線）。代表資料包括《技術分析：主動投資者的強力工具》（2005）；參考來源：https://cmtassociation.org/presenter/gerald-appel/；參考來源：https://traders.com/documentation/feedbk_docs/2003/09/Abstracts_new/Interview/interview.html；參考來源：https://www.investopedia.com/trading/macd/。可用於動量、超買超賣、背離與趨勢強弱；趨勢辨識、均線、通道與趨勢跟隨。,"Gerald Appel (傑拉德・阿佩爾) is classified as a Indicator creator. The research/contribution focus is Moving Average Convergence/Divergence (creator); Moving Average (momentum moving average). Representative materials include Technical Analysis: Power Tools for Active Investors (2005); Reference source: https://cmtassociation.org/presenter/gerald-appel/; Reference source: https://traders.com/documentation/feedbk_docs/2003/09/Abstracts_new/Interview/interview.html; Reference source: https://www.investopedia.com/trading/macd/. The work is useful for momentum, overbought/oversold conditions, divergence, and trend strength; trend identification, moving averages, channels, and trend following.",4,3,2,1,0,4 筆研究材料；3 個不同來源；2 筆高證據等級；書籍 1 筆；論文/文章 0 筆。,4 research materials; 3 distinct sources; 2 high-evidence records; 1 book records; 0 paper/article records.,normalized bilingual summary
21,john-bollinger,約翰・布林格,John Bollinger,United States,1950-,indicator_creator,技術指標創作者,Indicator creator,布林通道（創始者）；波動率（波動通道）,Bollinger Bands (creator); Volatility (volatility bands),波動率、通道寬度與風險環境,"volatility, channel width, and risk regimes",《布林格談布林通道》（2001）；參考來源：https://www.bollingerbands.com/；參考來源：https://www.bollingercapital.com/team,Bollinger on Bollinger Bands (2001); Reference source: https://www.bollingerbands.com/; Reference source: https://www.bollingercapital.com/team,布林通道創作者，對波動率自適應通道與相對高低位判讀具核心地位。,"John Bollinger (約翰・布林格) is classified as a Indicator creator. The research/contribution focus is Bollinger Bands (creator); Volatility (volatility bands). Representative materials include Bollinger on Bollinger Bands (2001); Reference source: https://www.bollingerbands.com/; Reference source: https://www.bollingercapital.com/team. The work is useful for volatility, channel width, and risk regimes.",約翰・布林格（John Bollinger）定位為技術指標創作者。研究/貢獻重點集中在布林通道（創始者）；波動率（波動通道）。代表資料包括《布林格談布林通道》（2001）；參考來源：https://www.bollingerbands.com/；參考來源：https://www.bollingercapital.com/team。可用於波動率、通道寬度與風險環境。,"John Bollinger (約翰・布林格) is classified as a Indicator creator. The research/contribution focus is Bollinger Bands (creator); Volatility (volatility bands). Representative materials include Bollinger on Bollinger Bands (2001); Reference source: https://www.bollingerbands.com/; Reference source: https://www.bollingercapital.com/team. The work is useful for volatility, channel width, and risk regimes.",3,3,1,1,0,3 筆研究材料；3 個不同來源；1 筆高證據等級；書籍 1 筆；論文/文章 0 筆。,3 research materials; 3 distinct sources; 1 high-evidence records; 1 book records; 0 paper/article records.,normalized bilingual summary
22,george-c-lane,喬治・藍恩,George C. Lane,United States,1921-2004,indicator_creator,技術指標創作者,Indicator creator,隨機指標（創始/推廣者）；動量（動量先行觀念）,Stochastic Oscillator (creator/promoter); Momentum (momentum-leading concept),動量、超買超賣、背離與趨勢強弱,"momentum, overbought/oversold conditions, divergence, and trend strength",原文題名：Lane's Stochastics；參考來源：https://chartschool.stockcharts.com/table-of-contents/technical-indicators-and-overlays/technical-indicators/stochastic-oscillator-fast-slow-and-full；參考來源：https://www.investopedia.com/terms/s/stochasticoscillator.asp,Lane's Stochastics; Reference source: https://chartschool.stockcharts.com/table-of-contents/technical-indicators-and-overlays/technical-indicators/stochastic-oscillator-fast-slow-and-full; Reference source: https://www.investopedia.com/terms/s/stochasticoscillator.asp,隨機指標代表人物；Stochastic 與 RSI、MACD 同屬最普及動量指標。,"George C. Lane (喬治・藍恩) is classified as a Indicator creator. The research/contribution focus is Stochastic Oscillator (creator/promoter); Momentum (momentum-leading concept). Representative materials include Lane's Stochastics; Reference source: https://chartschool.stockcharts.com/table-of-contents/technical-indicators-and-overlays/technical-indicators/stochastic-oscillator-fast-slow-and-full; Reference source: https://www.investopedia.com/terms/s/stochasticoscillator.asp. The work is useful for momentum, overbought/oversold conditions, divergence, and trend strength.",喬治・藍恩（George C. Lane）定位為技術指標創作者。研究/貢獻重點集中在隨機指標（創始/推廣者）；動量（動量先行觀念）。代表資料包括原文題名：Lane's Stochastics；參考來源：https://chartschool.stockcharts.com/table-of-contents/technical-indicators-and-overlays/technical-indicators/stochastic-oscillator-fast-slow-and-full；參考來源：https://www.investopedia.com/terms/s/stochasticoscillator.asp。可用於動量、超買超賣、背離與趨勢強弱。,"George C. Lane (喬治・藍恩) is classified as a Indicator creator. The research/contribution focus is Stochastic Oscillator (creator/promoter); Momentum (momentum-leading concept). Representative materials include Lane's Stochastics; Reference source: https://chartschool.stockcharts.com/table-of-contents/technical-indicators-and-overlays/technical-indicators/stochastic-oscillator-fast-slow-and-full; Reference source: https://www.investopedia.com/terms/s/stochasticoscillator.asp. The work is useful for momentum, overbought/oversold conditions, divergence, and trend strength.",3,2,0,0,0,3 筆研究材料；2 個不同來源；0 筆高證據等級；書籍 0 筆；論文/文章 0 筆。,3 research materials; 2 distinct sources; 0 high-evidence records; 0 book records; 0 paper/article records.,normalized bilingual summary
23,richard-donchian,理查・唐奇安,Richard Donchian,United States,1905-1993,indicator_creator,技術指標創作者,Indicator creator,唐奇安通道（創始者）；趨勢跟隨（趨勢跟隨先驅）,Donchian Channel (creator); Trend Following (trend-following pioneer),趨勢辨識、均線、通道與趨勢跟隨,"trend identification, moving averages, channels, and trend following",原文題名：Commodity Trend Timing（1960）；參考來源：https://en.wikipedia.org/wiki/Richard_Donchian；參考來源：https://www.investopedia.com/donchian-channels-formula-8415235,Commodity Trend Timing (1960); Reference source: https://en.wikipedia.org/wiki/Richard_Donchian; Reference source: https://www.investopedia.com/donchian-channels-formula-8415235,被視為趨勢跟隨與管理期貨先驅，唐奇安通道是突破交易和 Turtle 系統的重要基礎。,"Richard Donchian (理查・唐奇安) is classified as a Indicator creator. The research/contribution focus is Donchian Channel (creator); Trend Following (trend-following pioneer). Representative materials include Commodity Trend Timing (1960); Reference source: https://en.wikipedia.org/wiki/Richard_Donchian; Reference source: https://www.investopedia.com/donchian-channels-formula-8415235. The work is useful for trend identification, moving averages, channels, and trend following.",理查・唐奇安（Richard Donchian）定位為技術指標創作者。研究/貢獻重點集中在唐奇安通道（創始者）；趨勢跟隨（趨勢跟隨先驅）。代表資料包括原文題名：Commodity Trend Timing（1960）；參考來源：https://en.wikipedia.org/wiki/Richard_Donchian；參考來源：https://www.investopedia.com/donchian-channels-formula-8415235。可用於趨勢辨識、均線、通道與趨勢跟隨。,"Richard Donchian (理查・唐奇安) is classified as a Indicator creator. The research/contribution focus is Donchian Channel (creator); Trend Following (trend-following pioneer). Representative materials include Commodity Trend Timing (1960); Reference source: https://en.wikipedia.org/wiki/Richard_Donchian; Reference source: https://www.investopedia.com/donchian-channels-formula-8415235. The work is useful for trend identification, moving averages, channels, and trend following.",3,2,0,0,0,3 筆研究材料；2 個不同來源；0 筆高證據等級；書籍 0 筆；論文/文章 0 筆。,3 research materials; 2 distinct sources; 0 high-evidence records; 0 book records; 0 paper/article records.,normalized bilingual summary
24,tushar-s-chande,圖沙・昌德,Tushar S. Chande,India / United States,,indicator_creator,技術指標創作者,Indicator creator,Aroon 指標（創始者）；Chande 動量震盪器（創始者）；VIDYA 動態平均（創始者）；隨機 RSI（共同創始者）,Aroon (creator); Chande Momentum Oscillator (creator); Variable Index Dynamic Average (creator); Stochastic RSI (co-creator),趨勢辨識、均線、通道與趨勢跟隨；動量、超買超賣、背離與趨勢強弱,"trend identification, moving averages, channels, and trend following; momentum, overbought/oversold conditions, divergence, and trend strength",《新技術交易者》（1994）；參考來源：https://chartschool.stockcharts.com/table-of-contents/technical-indicators-and-overlays/technical-indicators/aroon；參考來源：https://www.fidelity.com/learning-center/trading-investing/technical-analysis/technical-indicator-guide/cmo；參考來源：https://www.investopedia.com/terms/s/stochrsi.asp,The New Technical Trader (1994); Reference source: https://chartschool.stockcharts.com/table-of-contents/technical-indicators-and-overlays/technical-indicators/aroon; Reference source: https://www.fidelity.com/learning-center/trading-investing/technical-analysis/technical-indicator-guide/cmo; Reference source: https://www.investopedia.com/terms/s/stochrsi.asp,Aroon、CMO、VIDYA、StochRSI 等多個指標與其相關，是技術指標資料庫的重點人物。,"Tushar S. Chande (圖沙・昌德) is classified as a Indicator creator. The research/contribution focus is Aroon (creator); Chande Momentum Oscillator (creator); Variable Index Dynamic Average (creator); Stochastic RSI (co-creator). Representative materials include The New Technical Trader (1994); Reference source: https://chartschool.stockcharts.com/table-of-contents/technical-indicators-and-overlays/technical-indicators/aroon; Reference source: https://www.fidelity.com/learning-center/trading-investing/technical-analysis/technical-indicator-guide/cmo; Reference source: https://www.investopedia.com/terms/s/stochrsi.asp. The work is useful for trend identification, moving averages, channels, and trend following; momentum, overbought/oversold conditions, divergence, and trend strength.",圖沙・昌德（Tushar S. Chande）定位為技術指標創作者。研究/貢獻重點集中在Aroon 指標（創始者）；Chande 動量震盪器（創始者）；VIDYA 動態平均（創始者）；隨機 RSI（共同創始者）。代表資料包括《新技術交易者》（1994）；參考來源：https://chartschool.stockcharts.com/table-of-contents/technical-indicators-and-overlays/technical-indicators/aroon；參考來源：https://www.fidelity.com/learning-center/trading-investing/technical-analysis/technical-indicator-guide/cmo；參考來源：https://www.investopedia.com/terms/s/stochrsi.asp。可用於趨勢辨識、均線、通道與趨勢跟隨；動量、超買超賣、背離與趨勢強弱。,"Tushar S. Chande (圖沙・昌德) is classified as a Indicator creator. The research/contribution focus is Aroon (creator); Chande Momentum Oscillator (creator); Variable Index Dynamic Average (creator); Stochastic RSI (co-creator). Representative materials include The New Technical Trader (1994); Reference source: https://chartschool.stockcharts.com/table-of-contents/technical-indicators-and-overlays/technical-indicators/aroon; Reference source: https://www.fidelity.com/learning-center/trading-investing/technical-analysis/technical-indicator-guide/cmo; Reference source: https://www.investopedia.com/terms/s/stochrsi.asp. The work is useful for trend identification, moving averages, channels, and trend following; momentum, overbought/oversold conditions, divergence, and trend strength.",4,3,0,1,0,4 筆研究材料；3 個不同來源；0 筆高證據等級；書籍 1 筆；論文/文章 0 筆。,4 research materials; 3 distinct sources; 0 high-evidence records; 1 book records; 0 paper/article records.,normalized bilingual summary
25,stanley-kroll,史丹利・克羅爾,Stanley Kroll,United States,,indicator_creator,技術指標創作者,Indicator creator,隨機 RSI（共同創始者）；VIDYA 動態平均（共同作者）；交易系統（交易系統）,Stochastic RSI (co-creator); Variable Index Dynamic Average (co-author); Trading Systems (trading systems),動量、超買超賣、背離與趨勢強弱；趨勢辨識、均線、通道與趨勢跟隨；系統交易、規則設計與回測流程,"momentum, overbought/oversold conditions, divergence, and trend strength; trend identification, moving averages, channels, and trend following; systematic trading, rule design, and backtesting",《新技術交易者》（1994）；參考來源：https://www.fxcorporate.com/help/MS/LOGOUT/i_Vidya.html；參考來源：https://www.investopedia.com/terms/s/stochrsi.asp,The New Technical Trader (1994); Reference source: https://www.fxcorporate.com/help/MS/LOGOUT/i_Vidya.html; Reference source: https://www.investopedia.com/terms/s/stochrsi.asp,與 Tushar Chande 合作提出 StochRSI 與相關動態指標方法。,"Stanley Kroll (史丹利・克羅爾) is classified as a Indicator creator. The research/contribution focus is Stochastic RSI (co-creator); Variable Index Dynamic Average (co-author); Trading Systems (trading systems). Representative materials include The New Technical Trader (1994); Reference source: https://www.fxcorporate.com/help/MS/LOGOUT/i_Vidya.html; Reference source: https://www.investopedia.com/terms/s/stochrsi.asp. The work is useful for momentum, overbought/oversold conditions, divergence, and trend strength; trend identification, moving averages, channels, and trend following; systematic trading, rule design, and backtesting.",史丹利・克羅爾（Stanley Kroll）定位為技術指標創作者。研究/貢獻重點集中在隨機 RSI（共同創始者）；VIDYA 動態平均（共同作者）；交易系統（交易系統）。代表資料包括《新技術交易者》（1994）；參考來源：https://www.fxcorporate.com/help/MS/LOGOUT/i_Vidya.html；參考來源：https://www.investopedia.com/terms/s/stochrsi.asp。可用於動量、超買超賣、背離與趨勢強弱；趨勢辨識、均線、通道與趨勢跟隨；系統交易、規則設計與回測流程。,"Stanley Kroll (史丹利・克羅爾) is classified as a Indicator creator. The research/contribution focus is Stochastic RSI (co-creator); Variable Index Dynamic Average (co-author); Trading Systems (trading systems). Representative materials include The New Technical Trader (1994); Reference source: https://www.fxcorporate.com/help/MS/LOGOUT/i_Vidya.html; Reference source: https://www.investopedia.com/terms/s/stochrsi.asp. The work is useful for momentum, overbought/oversold conditions, divergence, and trend strength; trend identification, moving averages, channels, and trend following; systematic trading, rule design, and backtesting.",3,2,0,1,0,3 筆研究材料；2 個不同來源；0 筆高證據等級；書籍 1 筆；論文/文章 0 筆。,3 research materials; 2 distinct sources; 0 high-evidence records; 1 book records; 0 paper/article records.,normalized bilingual summary
26,donald-r-lambert,唐納德・蘭伯特,Donald R. Lambert,United States,,indicator_creator,技術指標創作者,Indicator creator,CCI 商品通道指標（創始者）；週期分析（商品週期）,Commodity Channel Index (creator); Cycle Analysis (commodity cycles),動量、超買超賣、背離與趨勢強弱；週期、時間窗口與市場節奏判讀,"momentum, overbought/oversold conditions, divergence, and trend strength; cycles, timing windows, and market rhythm",原文題名：Commodity Channel Index（1980）；參考來源：https://chartschool.stockcharts.com/table-of-contents/technical-indicators-and-overlays/technical-indicators/commodity-channel-index-cci,Commodity Channel Index (1980); Reference source: https://chartschool.stockcharts.com/table-of-contents/technical-indicators-and-overlays/technical-indicators/commodity-channel-index-cci,CCI 創作者；CCI 從商品週期工具延伸到股票、ETF、外匯等市場。,"Donald R. Lambert (唐納德・蘭伯特) is classified as a Indicator creator. The research/contribution focus is Commodity Channel Index (creator); Cycle Analysis (commodity cycles). Representative materials include Commodity Channel Index (1980); Reference source: https://chartschool.stockcharts.com/table-of-contents/technical-indicators-and-overlays/technical-indicators/commodity-channel-index-cci. The work is useful for momentum, overbought/oversold conditions, divergence, and trend strength; cycles, timing windows, and market rhythm.",唐納德・蘭伯特（Donald R. Lambert）定位為技術指標創作者。研究/貢獻重點集中在CCI 商品通道指標（創始者）；週期分析（商品週期）。代表資料包括原文題名：Commodity Channel Index（1980）；參考來源：https://chartschool.stockcharts.com/table-of-contents/technical-indicators-and-overlays/technical-indicators/commodity-channel-index-cci。可用於動量、超買超賣、背離與趨勢強弱；週期、時間窗口與市場節奏判讀。,"Donald R. Lambert (唐納德・蘭伯特) is classified as a Indicator creator. The research/contribution focus is Commodity Channel Index (creator); Cycle Analysis (commodity cycles). Representative materials include Commodity Channel Index (1980); Reference source: https://chartschool.stockcharts.com/table-of-contents/technical-indicators-and-overlays/technical-indicators/commodity-channel-index-cci. The work is useful for momentum, overbought/oversold conditions, divergence, and trend strength; cycles, timing windows, and market rhythm.",2,2,1,0,1,2 筆研究材料；2 個不同來源；1 筆高證據等級；書籍 0 筆；論文/文章 1 筆。,2 research materials; 2 distinct sources; 1 high-evidence records; 0 book records; 1 paper/article records.,normalized bilingual summary
27,larry-williams,拉瑞・威廉斯,Larry Williams,United States,1942-,indicator_creator,技術指標創作者,Indicator creator,Williams %R（創始者）；動量（短線動量）；市場寬度（Dow Award 研究）,Williams %R (creator); Momentum (short-term momentum); Market Breadth (Dow Award research),動量、超買超賣、背離與趨勢強弱；市場寬度、內部強弱與指數健康度判讀,"momentum, overbought/oversold conditions, divergence, and trend strength; market breadth, internal strength, and index health",《我去年如何交易商品賺進一百萬美元》（1979）；原文題名：The Ripple Effect of Daily New Lows（2024）；參考來源：https://cmtassociation.org/association/award-recognizing/charles-h-dow-award/；參考來源：https://www.fidelity.com/learning-center/trading-investing/technical-analysis/technical-indicator-guide/williams-r,How I Made One Million Dollars Last Year Trading Commodities (1979); The Ripple Effect of Daily New Lows (2024); Reference source: https://cmtassociation.org/association/award-recognizing/charles-h-dow-award/; Reference source: https://www.fidelity.com/learning-center/trading-investing/technical-analysis/technical-indicator-guide/williams-r,Williams %R、Ultimate Oscillator 等工具與多本交易著作皆具影響力，亦為 2024 Dow Award 共同得主。,"Larry Williams (拉瑞・威廉斯) is classified as a Indicator creator. The research/contribution focus is Williams %R (creator); Momentum (short-term momentum); Market Breadth (Dow Award research). Representative materials include How I Made One Million Dollars Last Year Trading Commodities (1979); The Ripple Effect of Daily New Lows (2024); Reference source: https://cmtassociation.org/association/award-recognizing/charles-h-dow-award/; Reference source: https://www.fidelity.com/learning-center/trading-investing/technical-analysis/technical-indicator-guide/williams-r. The work is useful for momentum, overbought/oversold conditions, divergence, and trend strength; market breadth, internal strength, and index health.",拉瑞・威廉斯（Larry Williams）定位為技術指標創作者。研究/貢獻重點集中在Williams %R（創始者）；動量（短線動量）；市場寬度（Dow Award 研究）。代表資料包括《我去年如何交易商品賺進一百萬美元》（1979）；原文題名：The Ripple Effect of Daily New Lows（2024）；參考來源：https://cmtassociation.org/association/award-recognizing/charles-h-dow-award/；參考來源：https://www.fidelity.com/learning-center/trading-investing/technical-analysis/technical-indicator-guide/williams-r。可用於動量、超買超賣、背離與趨勢強弱；市場寬度、內部強弱與指數健康度判讀。,"Larry Williams (拉瑞・威廉斯) is classified as a Indicator creator. The research/contribution focus is Williams %R (creator); Momentum (short-term momentum); Market Breadth (Dow Award research). Representative materials include How I Made One Million Dollars Last Year Trading Commodities (1979); The Ripple Effect of Daily New Lows (2024); Reference source: https://cmtassociation.org/association/award-recognizing/charles-h-dow-award/; Reference source: https://www.fidelity.com/learning-center/trading-investing/technical-analysis/technical-indicator-guide/williams-r. The work is useful for momentum, overbought/oversold conditions, divergence, and trend strength; market breadth, internal strength, and index health.",4,3,2,1,1,4 筆研究材料；3 個不同來源；2 筆高證據等級；書籍 1 筆；論文/文章 1 筆。,4 research materials; 3 distinct sources; 2 high-evidence records; 1 book records; 1 paper/article records.,normalized bilingual summary
28,marc-chaikin,馬克・柴金,Marc Chaikin,United States,,indicator_creator,技術指標創作者,Indicator creator,Chaikin 資金流（創始者）；成交量分析（量價/資金流）,Chaikin Money Flow (creator); Volume Analysis (price-volume / money-flow analysis),量價關係、資金流與供需分析,"price-volume relationships, money flow, and supply/demand",原文題名：Chaikin Money Flow；參考來源：https://chaikinanalytics.com/；參考來源：https://www.fidelity.com/learning-center/trading-investing/technical-analysis/technical-indicator-guide/cmf,Chaikin Money Flow; Reference source: https://chaikinanalytics.com/; Reference source: https://www.fidelity.com/learning-center/trading-investing/technical-analysis/technical-indicator-guide/cmf,Chaikin Money Flow 與 Chaikin 系列量價指標被廣泛內建於交易平台。,"Marc Chaikin (馬克・柴金) is classified as a Indicator creator. The research/contribution focus is Chaikin Money Flow (creator); Volume Analysis (price-volume / money-flow analysis). Representative materials include Chaikin Money Flow; Reference source: https://chaikinanalytics.com/; Reference source: https://www.fidelity.com/learning-center/trading-investing/technical-analysis/technical-indicator-guide/cmf. The work is useful for price-volume relationships, money flow, and supply/demand.",馬克・柴金（Marc Chaikin）定位為技術指標創作者。研究/貢獻重點集中在Chaikin 資金流（創始者）；成交量分析（量價/資金流）。代表資料包括原文題名：Chaikin Money Flow；參考來源：https://chaikinanalytics.com/；參考來源：https://www.fidelity.com/learning-center/trading-investing/technical-analysis/technical-indicator-guide/cmf。可用於量價關係、資金流與供需分析。,"Marc Chaikin (馬克・柴金) is classified as a Indicator creator. The research/contribution focus is Chaikin Money Flow (creator); Volume Analysis (price-volume / money-flow analysis). Representative materials include Chaikin Money Flow; Reference source: https://chaikinanalytics.com/; Reference source: https://www.fidelity.com/learning-center/trading-investing/technical-analysis/technical-indicator-guide/cmf. The work is useful for price-volume relationships, money flow, and supply/demand.",3,2,0,0,0,3 筆研究材料；2 個不同來源；0 筆高證據等級；書籍 0 筆；論文/文章 0 筆。,3 research materials; 2 distinct sources; 0 high-evidence records; 0 book records; 0 paper/article records.,normalized bilingual summary
29,joseph-granville,約瑟夫・格蘭維爾,Joseph Granville,United States,1923-2013,indicator_creator,技術指標創作者,Indicator creator,OBV 能量潮（創始者）；成交量分析（量價分析）,On-Balance Volume (creator); Volume Analysis (price-volume analysis),量價關係、資金流與供需分析,"price-volume relationships, money flow, and supply/demand",《格蘭維爾股市獲利新鑰》（1963）；參考來源：https://books.google.com/books/about/New_Key_to_Stock_Market_Profits.html?id=Z8xl5AAACAAJ；參考來源：https://openlibrary.org/works/OL3510350W/New_key_to_stock_market_profits；參考來源：https://www.investopedia.com/terms/o/onbalancevolume.asp,Granville's New Key to Stock Market Profits (1963); Reference source: https://books.google.com/books/about/New_Key_to_Stock_Market_Profits.html?id=Z8xl5AAACAAJ; Reference source: https://openlibrary.org/works/OL3510350W/New_key_to_stock_market_profits; Reference source: https://www.investopedia.com/terms/o/onbalancevolume.asp,OBV 創作者，將成交量作為價格先行壓力的概念推廣到股票市場。,"Joseph Granville (約瑟夫・格蘭維爾) is classified as a Indicator creator. The research/contribution focus is On-Balance Volume (creator); Volume Analysis (price-volume analysis). Representative materials include Granville's New Key to Stock Market Profits (1963); Reference source: https://books.google.com/books/about/New_Key_to_Stock_Market_Profits.html?id=Z8xl5AAACAAJ; Reference source: https://openlibrary.org/works/OL3510350W/New_key_to_stock_market_profits; Reference source: https://www.investopedia.com/terms/o/onbalancevolume.asp. The work is useful for price-volume relationships, money flow, and supply/demand.",約瑟夫・格蘭維爾（Joseph Granville）定位為技術指標創作者。研究/貢獻重點集中在OBV 能量潮（創始者）；成交量分析（量價分析）。代表資料包括《格蘭維爾股市獲利新鑰》（1963）；參考來源：https://books.google.com/books/about/New_Key_to_Stock_Market_Profits.html?id=Z8xl5AAACAAJ；參考來源：https://openlibrary.org/works/OL3510350W/New_key_to_stock_market_profits；參考來源：https://www.investopedia.com/terms/o/onbalancevolume.asp。可用於量價關係、資金流與供需分析。,"Joseph Granville (約瑟夫・格蘭維爾) is classified as a Indicator creator. The research/contribution focus is On-Balance Volume (creator); Volume Analysis (price-volume analysis). Representative materials include Granville's New Key to Stock Market Profits (1963); Reference source: https://books.google.com/books/about/New_Key_to_Stock_Market_Profits.html?id=Z8xl5AAACAAJ; Reference source: https://openlibrary.org/works/OL3510350W/New_key_to_stock_market_profits; Reference source: https://www.investopedia.com/terms/o/onbalancevolume.asp. The work is useful for price-volume relationships, money flow, and supply/demand.",4,3,0,1,0,4 筆研究材料；3 個不同來源；0 筆高證據等級；書籍 1 筆；論文/文章 0 筆。,4 research materials; 3 distinct sources; 0 high-evidence records; 1 book records; 0 paper/article records.,normalized bilingual summary
30,sherman-mcclellan,謝爾曼・麥克萊倫,Sherman McClellan,United States,,indicator_creator,技術指標創作者,Indicator creator,McClellan Oscillator（共同創始者）；市場寬度（市場寬度）,McClellan Oscillator (co-creator); Market Breadth (market breadth),市場寬度、內部強弱與指數健康度判讀,"market breadth, internal strength, and index health",《獲利型態》；參考來源：https://www.investopedia.com/terms/m/mcclellanoscillator.asp；參考來源：https://www.mcoscillator.com/learning_center/kb/mcclellan_oscillator/the_origin_story_of_the_mcclellan_oscillator/,Patterns for Profit; Reference source: https://www.investopedia.com/terms/m/mcclellanoscillator.asp; Reference source: https://www.mcoscillator.com/learning_center/kb/mcclellan_oscillator/the_origin_story_of_the_mcclellan_oscillator/,與 Marian McClellan 共同開發 McClellan Oscillator 與 Summation Index。,"Sherman McClellan (謝爾曼・麥克萊倫) is classified as a Indicator creator. The research/contribution focus is McClellan Oscillator (co-creator); Market Breadth (market breadth). Representative materials include Patterns for Profit; Reference source: https://www.investopedia.com/terms/m/mcclellanoscillator.asp; Reference source: https://www.mcoscillator.com/learning_center/kb/mcclellan_oscillator/the_origin_story_of_the_mcclellan_oscillator/. The work is useful for market breadth, internal strength, and index health.",謝爾曼・麥克萊倫（Sherman McClellan）定位為技術指標創作者。研究/貢獻重點集中在McClellan Oscillator（共同創始者）；市場寬度（市場寬度）。代表資料包括《獲利型態》；參考來源：https://www.investopedia.com/terms/m/mcclellanoscillator.asp；參考來源：https://www.mcoscillator.com/learning_center/kb/mcclellan_oscillator/the_origin_story_of_the_mcclellan_oscillator/。可用於市場寬度、內部強弱與指數健康度判讀。,"Sherman McClellan (謝爾曼・麥克萊倫) is classified as a Indicator creator. The research/contribution focus is McClellan Oscillator (co-creator); Market Breadth (market breadth). Representative materials include Patterns for Profit; Reference source: https://www.investopedia.com/terms/m/mcclellanoscillator.asp; Reference source: https://www.mcoscillator.com/learning_center/kb/mcclellan_oscillator/the_origin_story_of_the_mcclellan_oscillator/. The work is useful for market breadth, internal strength, and index health.",3,2,0,1,0,3 筆研究材料；2 個不同來源；0 筆高證據等級；書籍 1 筆；論文/文章 0 筆。,3 research materials; 2 distinct sources; 0 high-evidence records; 1 book records; 0 paper/article records.,normalized bilingual summary
31,marian-mcclellan,瑪麗安・麥克萊倫,Marian McClellan,United States,,indicator_creator,技術指標創作者,Indicator creator,McClellan Oscillator（共同創始者）；市場寬度（市場寬度）,McClellan Oscillator (co-creator); Market Breadth (market breadth),市場寬度、內部強弱與指數健康度判讀,"market breadth, internal strength, and index health",《獲利型態》；參考來源：https://www.investopedia.com/terms/m/mcclellanoscillator.asp；參考來源：https://www.mcoscillator.com/learning_center/kb/mcclellan_oscillator/the_origin_story_of_the_mcclellan_oscillator/,Patterns for Profit; Reference source: https://www.investopedia.com/terms/m/mcclellanoscillator.asp; Reference source: https://www.mcoscillator.com/learning_center/kb/mcclellan_oscillator/the_origin_story_of_the_mcclellan_oscillator/,McClellan Oscillator 共同創作者，對廣度動量與市場內部結構研究具代表性。,"Marian McClellan (瑪麗安・麥克萊倫) is classified as a Indicator creator. The research/contribution focus is McClellan Oscillator (co-creator); Market Breadth (market breadth). Representative materials include Patterns for Profit; Reference source: https://www.investopedia.com/terms/m/mcclellanoscillator.asp; Reference source: https://www.mcoscillator.com/learning_center/kb/mcclellan_oscillator/the_origin_story_of_the_mcclellan_oscillator/. The work is useful for market breadth, internal strength, and index health.",瑪麗安・麥克萊倫（Marian McClellan）定位為技術指標創作者。研究/貢獻重點集中在McClellan Oscillator（共同創始者）；市場寬度（市場寬度）。代表資料包括《獲利型態》；參考來源：https://www.investopedia.com/terms/m/mcclellanoscillator.asp；參考來源：https://www.mcoscillator.com/learning_center/kb/mcclellan_oscillator/the_origin_story_of_the_mcclellan_oscillator/。可用於市場寬度、內部強弱與指數健康度判讀。,"Marian McClellan (瑪麗安・麥克萊倫) is classified as a Indicator creator. The research/contribution focus is McClellan Oscillator (co-creator); Market Breadth (market breadth). Representative materials include Patterns for Profit; Reference source: https://www.investopedia.com/terms/m/mcclellanoscillator.asp; Reference source: https://www.mcoscillator.com/learning_center/kb/mcclellan_oscillator/the_origin_story_of_the_mcclellan_oscillator/. The work is useful for market breadth, internal strength, and index health.",3,2,0,1,0,3 筆研究材料；2 個不同來源；0 筆高證據等級；書籍 1 筆；論文/文章 0 筆。,3 research materials; 2 distinct sources; 0 high-evidence records; 1 book records; 0 paper/article records.,normalized bilingual summary
32,richard-w-arms-jr,理查・阿姆斯,Richard W. Arms Jr.,United States,1930-2018,indicator_creator,技術指標創作者,Indicator creator,TRIN / Arms Index（創始者）；市場寬度（市場寬度）；成交量分析（成交量廣度）,Arms Index (creator); Market Breadth (market breadth); Volume Analysis (volume breadth),市場寬度、內部強弱與指數健康度判讀；量價關係、資金流與供需分析,"market breadth, internal strength, and index health; price-volume relationships, money flow, and supply/demand",原文題名：The Arms Index（1967）；參考來源：https://chartschool.stockcharts.com/table-of-contents/market-indicators/arms-index-trin；參考來源：https://www.investopedia.com/terms/a/arms.asp,The Arms Index (1967); Reference source: https://chartschool.stockcharts.com/table-of-contents/market-indicators/arms-index-trin; Reference source: https://www.investopedia.com/terms/a/arms.asp,TRIN/Arms Index 將漲跌家數與成交量結合，是經典市場寬度與短線情緒工具。,"Richard W. Arms Jr. (理查・阿姆斯) is classified as a Indicator creator. The research/contribution focus is Arms Index (creator); Market Breadth (market breadth); Volume Analysis (volume breadth). Representative materials include The Arms Index (1967); Reference source: https://chartschool.stockcharts.com/table-of-contents/market-indicators/arms-index-trin; Reference source: https://www.investopedia.com/terms/a/arms.asp. The work is useful for market breadth, internal strength, and index health; price-volume relationships, money flow, and supply/demand.",理查・阿姆斯（Richard W. Arms Jr.）定位為技術指標創作者。研究/貢獻重點集中在TRIN / Arms Index（創始者）；市場寬度（市場寬度）；成交量分析（成交量廣度）。代表資料包括原文題名：The Arms Index（1967）；參考來源：https://chartschool.stockcharts.com/table-of-contents/market-indicators/arms-index-trin；參考來源：https://www.investopedia.com/terms/a/arms.asp。可用於市場寬度、內部強弱與指數健康度判讀；量價關係、資金流與供需分析。,"Richard W. Arms Jr. (理查・阿姆斯) is classified as a Indicator creator. The research/contribution focus is Arms Index (creator); Market Breadth (market breadth); Volume Analysis (volume breadth). Representative materials include The Arms Index (1967); Reference source: https://chartschool.stockcharts.com/table-of-contents/market-indicators/arms-index-trin; Reference source: https://www.investopedia.com/terms/a/arms.asp. The work is useful for market breadth, internal strength, and index health; price-volume relationships, money flow, and supply/demand.",3,2,0,0,0,3 筆研究材料；2 個不同來源；0 筆高證據等級；書籍 0 筆；論文/文章 0 筆。,3 research materials; 2 distinct sources; 0 high-evidence records; 0 book records; 0 paper/article records.,normalized bilingual summary
33,edwin-s-coppock,艾德溫・科波克,Edwin S. Coppock,United States,1918-1999,indicator_creator,技術指標創作者,Indicator creator,Coppock 曲線（創始者）；動量（長期動量）,Coppock Curve (creator); Momentum (long-term momentum),動量、超買超賣、背離與趨勢強弱,"momentum, overbought/oversold conditions, divergence, and trend strength",原文題名：Coppock Curve（1962）；參考來源：https://en.wikipedia.org/wiki/Coppock_curve；參考來源：https://www.incrediblecharts.com/indicators/coppock_indicator.php；參考來源：https://www.investopedia.com/articles/active-trading/031814/using-coppock-curve-generate-stock-trade-signals.asp,Coppock Curve (1962); Reference source: https://en.wikipedia.org/wiki/Coppock_curve; Reference source: https://www.incrediblecharts.com/indicators/coppock_indicator.php; Reference source: https://www.investopedia.com/articles/active-trading/031814/using-coppock-curve-generate-stock-trade-signals.asp,Coppock Curve 是長期市場底部與月線動量判讀的經典工具。,"Edwin S. Coppock (艾德溫・科波克) is classified as a Indicator creator. The research/contribution focus is Coppock Curve (creator); Momentum (long-term momentum). Representative materials include Coppock Curve (1962); Reference source: https://en.wikipedia.org/wiki/Coppock_curve; Reference source: https://www.incrediblecharts.com/indicators/coppock_indicator.php; Reference source: https://www.investopedia.com/articles/active-trading/031814/using-coppock-curve-generate-stock-trade-signals.asp. The work is useful for momentum, overbought/oversold conditions, divergence, and trend strength.",艾德溫・科波克（Edwin S. Coppock）定位為技術指標創作者。研究/貢獻重點集中在Coppock 曲線（創始者）；動量（長期動量）。代表資料包括原文題名：Coppock Curve（1962）；參考來源：https://en.wikipedia.org/wiki/Coppock_curve；參考來源：https://www.incrediblecharts.com/indicators/coppock_indicator.php；參考來源：https://www.investopedia.com/articles/active-trading/031814/using-coppock-curve-generate-stock-trade-signals.asp。可用於動量、超買超賣、背離與趨勢強弱。,"Edwin S. Coppock (艾德溫・科波克) is classified as a Indicator creator. The research/contribution focus is Coppock Curve (creator); Momentum (long-term momentum). Representative materials include Coppock Curve (1962); Reference source: https://en.wikipedia.org/wiki/Coppock_curve; Reference source: https://www.incrediblecharts.com/indicators/coppock_indicator.php; Reference source: https://www.investopedia.com/articles/active-trading/031814/using-coppock-curve-generate-stock-trade-signals.asp. The work is useful for momentum, overbought/oversold conditions, divergence, and trend strength.",4,3,0,0,0,4 筆研究材料；3 個不同來源；0 筆高證據等級；書籍 0 筆；論文/文章 0 筆。,4 research materials; 3 distinct sources; 0 high-evidence records; 0 book records; 0 paper/article records.,normalized bilingual summary
34,tom-demark,湯姆・迪馬克,Tom DeMark,United States,,indicator_creator,技術指標創作者,Indicator creator,DeMark 指標（創始者）；市場時機（市場時機）,DeMARK Indicators (creator); Market Timing (market timing),市場時機、轉折與進出場判斷,"market timing, turns, and entry/exit decisions",《技術分析新科學》（1994）；原文題名：DeMARK Indicators；參考來源：https://demark.com/about/；參考來源：https://demark.com/demark-indicators/,The New Science of Technical Analysis (1994); DeMARK Indicators; Reference source: https://demark.com/about/; Reference source: https://demark.com/demark-indicators/,DeMARK 指標系列在機構交易與市場時機判斷中知名度高，官方資料稱其為 DeMARK Indicators 創作者。,"Tom DeMark (湯姆・迪馬克) is classified as a Indicator creator. The research/contribution focus is DeMARK Indicators (creator); Market Timing (market timing). Representative materials include The New Science of Technical Analysis (1994); DeMARK Indicators; Reference source: https://demark.com/about/; Reference source: https://demark.com/demark-indicators/. The work is useful for market timing, turns, and entry/exit decisions.",湯姆・迪馬克（Tom DeMark）定位為技術指標創作者。研究/貢獻重點集中在DeMark 指標（創始者）；市場時機（市場時機）。代表資料包括《技術分析新科學》（1994）；原文題名：DeMARK Indicators；參考來源：https://demark.com/about/；參考來源：https://demark.com/demark-indicators/。可用於市場時機、轉折與進出場判斷。,"Tom DeMark (湯姆・迪馬克) is classified as a Indicator creator. The research/contribution focus is DeMARK Indicators (creator); Market Timing (market timing). Representative materials include The New Science of Technical Analysis (1994); DeMARK Indicators; Reference source: https://demark.com/about/; Reference source: https://demark.com/demark-indicators/. The work is useful for market timing, turns, and entry/exit decisions.",4,2,0,1,0,4 筆研究材料；2 個不同來源；0 筆高證據等級；書籍 1 筆；論文/文章 0 筆。,4 research materials; 2 distinct sources; 0 high-evidence records; 1 book records; 0 paper/article records.,normalized bilingual summary
35,alexander-elder,亞歷山大・艾爾德,Alexander Elder,United States,1950-,indicator_creator,技術指標創作者,Indicator creator,Elder-Ray（創始者）；Force Index（創始者）；交易系統（Triple Screen）,Elder-Ray Index (creator); Force Index (creator); Trading Systems (Triple Screen),動量、超買超賣、背離與趨勢強弱；量價關係、資金流與供需分析；系統交易、規則設計與回測流程,"momentum, overbought/oversold conditions, divergence, and trend strength; price-volume relationships, money flow, and supply/demand; systematic trading, rule design, and backtesting",《以交易為生》（1993）；參考來源：https://www.investopedia.com/articles/trading/03/022603.asp,Trading for a Living (1993); Reference source: https://www.investopedia.com/articles/trading/03/022603.asp,Elder-Ray、Force Index 與 Triple Screen 系統將趨勢、動量、量能與交易心理結合。,"Alexander Elder (亞歷山大・艾爾德) is classified as a Indicator creator. The research/contribution focus is Elder-Ray Index (creator); Force Index (creator); Trading Systems (Triple Screen). Representative materials include Trading for a Living (1993); Reference source: https://www.investopedia.com/articles/trading/03/022603.asp. The work is useful for momentum, overbought/oversold conditions, divergence, and trend strength; price-volume relationships, money flow, and supply/demand; systematic trading, rule design, and backtesting.",亞歷山大・艾爾德（Alexander Elder）定位為技術指標創作者。研究/貢獻重點集中在Elder-Ray（創始者）；Force Index（創始者）；交易系統（Triple Screen）。代表資料包括《以交易為生》（1993）；參考來源：https://www.investopedia.com/articles/trading/03/022603.asp。可用於動量、超買超賣、背離與趨勢強弱；量價關係、資金流與供需分析；系統交易、規則設計與回測流程。,"Alexander Elder (亞歷山大・艾爾德) is classified as a Indicator creator. The research/contribution focus is Elder-Ray Index (creator); Force Index (creator); Trading Systems (Triple Screen). Representative materials include Trading for a Living (1993); Reference source: https://www.investopedia.com/articles/trading/03/022603.asp. The work is useful for momentum, overbought/oversold conditions, divergence, and trend strength; price-volume relationships, money flow, and supply/demand; systematic trading, rule design, and backtesting.",2,2,1,1,0,2 筆研究材料；2 個不同來源；1 筆高證據等級；書籍 1 筆；論文/文章 0 筆。,2 research materials; 2 distinct sources; 1 high-evidence records; 1 book records; 0 paper/article records.,normalized bilingual summary
36,steve-nison,史蒂夫・尼森,Steve Nison,United States,,author,經典著作作者,Classic author,K 線 / 蠟燭圖（西方推廣者）；圖表型態（K 線型態）,Candlestick Charting (Western popularizer); Chart Patterns (candlestick patterns),圖表型態、價格結構與支撐阻力,"chart patterns, price structure, and support/resistance",《日本蠟燭圖技術》（1991）；參考來源：https://candlecharts.com/about-steve-nison/；參考來源：https://openlibrary.org/books/OL1864784M/Japanese_candlestick_charting_techniques；參考來源：https://www.amazon.com/Japanese-Candlestick-Charting-Techniques-Second/dp/0735201811,Japanese Candlestick Charting Techniques (1991); Reference source: https://candlecharts.com/about-steve-nison/; Reference source: https://openlibrary.org/books/OL1864784M/Japanese_candlestick_charting_techniques; Reference source: https://www.amazon.com/Japanese-Candlestick-Charting-Techniques-Second/dp/0735201811,被其官方網站稱為把日本蠟燭圖帶入西方世界的權威，對全球 K 線教材影響極大。,"Steve Nison (史蒂夫・尼森) is classified as a Classic author. The research/contribution focus is Candlestick Charting (Western popularizer); Chart Patterns (candlestick patterns). Representative materials include Japanese Candlestick Charting Techniques (1991); Reference source: https://candlecharts.com/about-steve-nison/; Reference source: https://openlibrary.org/books/OL1864784M/Japanese_candlestick_charting_techniques; Reference source: https://www.amazon.com/Japanese-Candlestick-Charting-Techniques-Second/dp/0735201811. The work is useful for chart patterns, price structure, and support/resistance.",史蒂夫・尼森（Steve Nison）定位為經典著作作者。研究/貢獻重點集中在K 線 / 蠟燭圖（西方推廣者）；圖表型態（K 線型態）。代表資料包括《日本蠟燭圖技術》（1991）；參考來源：https://candlecharts.com/about-steve-nison/；參考來源：https://openlibrary.org/books/OL1864784M/Japanese_candlestick_charting_techniques；參考來源：https://www.amazon.com/Japanese-Candlestick-Charting-Techniques-Second/dp/0735201811。可用於圖表型態、價格結構與支撐阻力。,"Steve Nison (史蒂夫・尼森) is classified as a Classic author. The research/contribution focus is Candlestick Charting (Western popularizer); Chart Patterns (candlestick patterns). Representative materials include Japanese Candlestick Charting Techniques (1991); Reference source: https://candlecharts.com/about-steve-nison/; Reference source: https://openlibrary.org/books/OL1864784M/Japanese_candlestick_charting_techniques; Reference source: https://www.amazon.com/Japanese-Candlestick-Charting-Techniques-Second/dp/0735201811. The work is useful for chart patterns, price structure, and support/resistance.",4,3,0,1,0,4 筆研究材料；3 個不同來源；0 筆高證據等級；書籍 1 筆；論文/文章 0 筆。,4 research materials; 3 distinct sources; 0 high-evidence records; 1 book records; 0 paper/article records.,normalized bilingual summary
37,goichi-hosoda,細田悟一,Goichi Hosoda,Japan,1898-1982,indicator_creator,技術指標創作者,Indicator creator,一目均衡表（創始者）；趨勢跟隨（趨勢/支撐阻力）,Ichimoku Kinko Hyo (creator); Trend Following (trend and support/resistance),趨勢辨識、均線、通道與趨勢跟隨,"trend identification, moving averages, channels, and trend following",《一目均衡表》（1969）；參考來源：https://www.investopedia.com/terms/i/ichimoku-cloud.asp；參考來源：https://www.swissquote.com/en-ch/private/inspire/blog/technical-analysis/what-ichimoku-kinko-hyo-trading-method,Ichimoku Kinko Hyo (1969); Reference source: https://www.investopedia.com/terms/i/ichimoku-cloud.asp; Reference source: https://www.swissquote.com/en-ch/private/inspire/blog/technical-analysis/what-ichimoku-kinko-hyo-trading-method,一目均衡表創始者，將趨勢、動量、支撐阻力與時間概念整合為完整系統。,"Goichi Hosoda (細田悟一) is classified as a Indicator creator. The research/contribution focus is Ichimoku Kinko Hyo (creator); Trend Following (trend and support/resistance). Representative materials include Ichimoku Kinko Hyo (1969); Reference source: https://www.investopedia.com/terms/i/ichimoku-cloud.asp; Reference source: https://www.swissquote.com/en-ch/private/inspire/blog/technical-analysis/what-ichimoku-kinko-hyo-trading-method. The work is useful for trend identification, moving averages, channels, and trend following.",細田悟一（Goichi Hosoda）定位為技術指標創作者。研究/貢獻重點集中在一目均衡表（創始者）；趨勢跟隨（趨勢/支撐阻力）。代表資料包括《一目均衡表》（1969）；參考來源：https://www.investopedia.com/terms/i/ichimoku-cloud.asp；參考來源：https://www.swissquote.com/en-ch/private/inspire/blog/technical-analysis/what-ichimoku-kinko-hyo-trading-method。可用於趨勢辨識、均線、通道與趨勢跟隨。,"Goichi Hosoda (細田悟一) is classified as a Indicator creator. The research/contribution focus is Ichimoku Kinko Hyo (creator); Trend Following (trend and support/resistance). Representative materials include Ichimoku Kinko Hyo (1969); Reference source: https://www.investopedia.com/terms/i/ichimoku-cloud.asp; Reference source: https://www.swissquote.com/en-ch/private/inspire/blog/technical-analysis/what-ichimoku-kinko-hyo-trading-method. The work is useful for trend identification, moving averages, channels, and trend following.",3,2,0,1,0,3 筆研究材料；2 個不同來源；0 筆高證據等級；書籍 1 筆；論文/文章 0 筆。,3 research materials; 2 distinct sources; 0 high-evidence records; 1 book records; 0 paper/article records.,normalized bilingual summary
38,munehisa-homma,本間宗久,Munehisa Homma,Japan,1724-1803,foundation,理論奠基者,Foundational theorist,K 線 / 蠟燭圖（歷史源流）；價格行為（市場心理）,Candlestick Charting (historical origin); Price Action (market psychology),圖表型態、價格結構與支撐阻力,"chart patterns, price structure, and support/resistance",原文題名：Sakata Rules；參考來源：https://en.wikipedia.org/wiki/Munehisa_Homma；參考來源：https://ftmo.com/en/blog/technical-analysis-history-of-candlestick-charts/；參考來源：https://www.hotcandlestick.com/candlesticks.htm,Sakata Rules; Reference source: https://en.wikipedia.org/wiki/Munehisa_Homma; Reference source: https://ftmo.com/en/blog/technical-analysis-history-of-candlestick-charts/; Reference source: https://www.hotcandlestick.com/candlesticks.htm,常被列為日本 K 線與市場心理分析源流人物；適合記錄在蠟燭圖歷史欄位。,"Munehisa Homma (本間宗久) is classified as a Foundational theorist. The research/contribution focus is Candlestick Charting (historical origin); Price Action (market psychology). Representative materials include Sakata Rules; Reference source: https://en.wikipedia.org/wiki/Munehisa_Homma; Reference source: https://ftmo.com/en/blog/technical-analysis-history-of-candlestick-charts/; Reference source: https://www.hotcandlestick.com/candlesticks.htm. The work is useful for chart patterns, price structure, and support/resistance.",本間宗久（Munehisa Homma）定位為理論奠基者。研究/貢獻重點集中在K 線 / 蠟燭圖（歷史源流）；價格行為（市場心理）。代表資料包括原文題名：Sakata Rules；參考來源：https://en.wikipedia.org/wiki/Munehisa_Homma；參考來源：https://ftmo.com/en/blog/technical-analysis-history-of-candlestick-charts/；參考來源：https://www.hotcandlestick.com/candlesticks.htm。可用於圖表型態、價格結構與支撐阻力。,"Munehisa Homma (本間宗久) is classified as a Foundational theorist. The research/contribution focus is Candlestick Charting (historical origin); Price Action (market psychology). Representative materials include Sakata Rules; Reference source: https://en.wikipedia.org/wiki/Munehisa_Homma; Reference source: https://ftmo.com/en/blog/technical-analysis-history-of-candlestick-charts/; Reference source: https://www.hotcandlestick.com/candlesticks.htm. The work is useful for chart patterns, price structure, and support/resistance.",4,3,0,0,0,4 筆研究材料；3 個不同來源；0 筆高證據等級；書籍 0 筆；論文/文章 0 筆。,4 research materials; 3 distinct sources; 0 high-evidence records; 0 book records; 0 paper/article records.,normalized bilingual summary
39,thomas-n-bulkowski,湯瑪斯・布考斯基,Thomas N. Bulkowski,United States,,author_researcher,著作與研究兼具,Author-researcher,圖表型態（統計研究者）；K 線 / 蠟燭圖（型態統計）；回測與系統驗證（歷史樣本統計）,Chart Patterns (statistical researcher); Candlestick Charting (pattern statistics); Backtesting (historical sample statistics),圖表型態、價格結構與支撐阻力；實證檢驗、規則驗證與資料探勘風險控制,"chart patterns, price structure, and support/resistance; empirical testing, rule validation, and data-mining control",《圖表型態百科全書》（2000）；參考來源：https://thepatternsite.com/；參考來源：https://www.amazon.com/Encyclopedia-Chart-Patterns-Thomas-Bulkowski/dp/0471668265,Encyclopedia of Chart Patterns (2000); Reference source: https://thepatternsite.com/; Reference source: https://www.amazon.com/Encyclopedia-Chart-Patterns-Thomas-Bulkowski/dp/0471668265,以大量歷史樣本統計圖表型態與 K 線表現，是型態資料庫的重要參考人物。,"Thomas N. Bulkowski (湯瑪斯・布考斯基) is classified as a Author-researcher. The research/contribution focus is Chart Patterns (statistical researcher); Candlestick Charting (pattern statistics); Backtesting (historical sample statistics). Representative materials include Encyclopedia of Chart Patterns (2000); Reference source: https://thepatternsite.com/; Reference source: https://www.amazon.com/Encyclopedia-Chart-Patterns-Thomas-Bulkowski/dp/0471668265. The work is useful for chart patterns, price structure, and support/resistance; empirical testing, rule validation, and data-mining control.",湯瑪斯・布考斯基（Thomas N. Bulkowski）定位為著作與研究兼具。研究/貢獻重點集中在圖表型態（統計研究者）；K 線 / 蠟燭圖（型態統計）；回測與系統驗證（歷史樣本統計）。代表資料包括《圖表型態百科全書》（2000）；參考來源：https://thepatternsite.com/；參考來源：https://www.amazon.com/Encyclopedia-Chart-Patterns-Thomas-Bulkowski/dp/0471668265。可用於圖表型態、價格結構與支撐阻力；實證檢驗、規則驗證與資料探勘風險控制。,"Thomas N. Bulkowski (湯瑪斯・布考斯基) is classified as a Author-researcher. The research/contribution focus is Chart Patterns (statistical researcher); Candlestick Charting (pattern statistics); Backtesting (historical sample statistics). Representative materials include Encyclopedia of Chart Patterns (2000); Reference source: https://thepatternsite.com/; Reference source: https://www.amazon.com/Encyclopedia-Chart-Patterns-Thomas-Bulkowski/dp/0471668265. The work is useful for chart patterns, price structure, and support/resistance; empirical testing, rule validation, and data-mining control.",3,2,1,1,0,3 筆研究材料；2 個不同來源；1 筆高證據等級；書籍 1 筆；論文/文章 0 筆。,3 research materials; 2 distinct sources; 1 high-evidence records; 1 book records; 0 paper/article records.,normalized bilingual summary
40,louise-yamada,路易絲・山田,Louise Yamada,United States,,practitioner,實戰交易代表,Market practitioner,相對強弱 / 強勢股篩選（機構技術研究）；趨勢跟隨（長期趨勢）；支撐阻力（長期底部/頂部）,Relative Strength (機構技術研究); Trend Following (long-term trend analysis); Support and Resistance (long-term tops/bottoms),股票選股、相對強弱與成長股篩選；趨勢辨識、均線、通道與趨勢跟隨；圖表型態、價格結構與支撐阻力,"stock selection, relative strength, and growth-stock screening; trend identification, moving averages, channels, and trend following; chart patterns, price structure, and support/resistance",《市場魔法》（1998）；參考來源：https://cmtassociation.org/presenter/louise-yamada/；參考來源：https://www.lyadvisors.com/,Market Magic: Riding the Greatest Bull Market of the Century (1998); Reference source: https://cmtassociation.org/presenter/louise-yamada/; Reference source: https://www.lyadvisors.com/,前 Smith Barney/Citigroup 技術研究主管與 CMT Lifetime Achievement 得主，代表機構級技術分析。,"Louise Yamada (路易絲・山田) is classified as a Market practitioner. The research/contribution focus is Relative Strength (機構技術研究); Trend Following (long-term trend analysis); Support and Resistance (long-term tops/bottoms). Representative materials include Market Magic: Riding the Greatest Bull Market of the Century (1998); Reference source: https://cmtassociation.org/presenter/louise-yamada/; Reference source: https://www.lyadvisors.com/. The work is useful for stock selection, relative strength, and growth-stock screening; trend identification, moving averages, channels, and trend following; chart patterns, price structure, and support/resistance.",路易絲・山田（Louise Yamada）定位為實戰交易代表。研究/貢獻重點集中在相對強弱 / 強勢股篩選（機構技術研究）；趨勢跟隨（長期趨勢）；支撐阻力（長期底部/頂部）。代表資料包括《市場魔法》（1998）；參考來源：https://cmtassociation.org/presenter/louise-yamada/；參考來源：https://www.lyadvisors.com/。可用於股票選股、相對強弱與成長股篩選；趨勢辨識、均線、通道與趨勢跟隨；圖表型態、價格結構與支撐阻力。,"Louise Yamada (路易絲・山田) is classified as a Market practitioner. The research/contribution focus is Relative Strength (機構技術研究); Trend Following (long-term trend analysis); Support and Resistance (long-term tops/bottoms). Representative materials include Market Magic: Riding the Greatest Bull Market of the Century (1998); Reference source: https://cmtassociation.org/presenter/louise-yamada/; Reference source: https://www.lyadvisors.com/. The work is useful for stock selection, relative strength, and growth-stock screening; trend identification, moving averages, channels, and trend following; chart patterns, price structure, and support/resistance.",3,2,2,1,0,3 筆研究材料；2 個不同來源；2 筆高證據等級；書籍 1 筆；論文/文章 0 筆。,3 research materials; 2 distinct sources; 2 high-evidence records; 1 book records; 0 paper/article records.,normalized bilingual summary
41,ralph-acampora,拉爾夫・阿坎波拉,Ralph Acampora,United States,,practitioner,實戰交易代表,Market practitioner,趨勢跟隨（市場歷史）；圖表型態（教育者）；道氏理論（市場技術史）,Trend Following (market history); Chart Patterns (educator); Dow Theory (technical market history),趨勢辨識、均線、通道與趨勢跟隨；圖表型態、價格結構與支撐阻力；技術分析基本理論與市場趨勢框架,"trend identification, moving averages, channels, and trend following; chart patterns, price structure, and support/resistance; core technical-analysis theory and trend frameworks",《第四次超級市場》（2000）；參考來源：https://www.nyif.com/faculties/acampora-ralph,The Fourth Mega-Market (2000); Reference source: https://www.nyif.com/faculties/acampora-ralph,被 NYIF 描述為華爾街受尊敬的技術分析師與市場歷史研究者，教育與業界影響力高。,"Ralph Acampora (拉爾夫・阿坎波拉) is classified as a Market practitioner. The research/contribution focus is Trend Following (market history); Chart Patterns (educator); Dow Theory (technical market history). Representative materials include The Fourth Mega-Market (2000); Reference source: https://www.nyif.com/faculties/acampora-ralph. The work is useful for trend identification, moving averages, channels, and trend following; chart patterns, price structure, and support/resistance; core technical-analysis theory and trend frameworks.",拉爾夫・阿坎波拉（Ralph Acampora）定位為實戰交易代表。研究/貢獻重點集中在趨勢跟隨（市場歷史）；圖表型態（教育者）；道氏理論（市場技術史）。代表資料包括《第四次超級市場》（2000）；參考來源：https://www.nyif.com/faculties/acampora-ralph。可用於趨勢辨識、均線、通道與趨勢跟隨；圖表型態、價格結構與支撐阻力；技術分析基本理論與市場趨勢框架。,"Ralph Acampora (拉爾夫・阿坎波拉) is classified as a Market practitioner. The research/contribution focus is Trend Following (market history); Chart Patterns (educator); Dow Theory (technical market history). Representative materials include The Fourth Mega-Market (2000); Reference source: https://www.nyif.com/faculties/acampora-ralph. The work is useful for trend identification, moving averages, channels, and trend following; chart patterns, price structure, and support/resistance; core technical-analysis theory and trend frameworks.",2,2,1,1,0,2 筆研究材料；2 個不同來源；1 筆高證據等級；書籍 1 筆；論文/文章 0 筆。,2 research materials; 2 distinct sources; 1 high-evidence records; 1 book records; 0 paper/article records.,normalized bilingual summary
42,robert-prechter,羅伯特・普萊切特,Robert Prechter,United States,1949-,author,經典著作作者,Classic author,艾略特波浪（推廣者/作者）；市場情緒（社會情緒與市場）,Elliott Wave (promoter/author); Sentiment (social mood and markets),波浪、分形結構與時間價格路徑；市場情緒、逆向指標與群眾心理,"waves, fractal structure, and time-price paths; sentiment, contrarian indicators, and crowd psychology",《艾略特波浪原理》（1978）；參考來源：https://en.wikipedia.org/wiki/Robert_Prechter；參考來源：https://www.amazon.com/Elliott-Wave-Principle-Key-Market/dp/1616041374,Elliott Wave Principle (1978); Reference source: https://en.wikipedia.org/wiki/Robert_Prechter; Reference source: https://www.amazon.com/Elliott-Wave-Principle-Key-Market/dp/1616041374,將艾略特波浪重新推廣成全球知名方法，與 A. J. Frost 合著經典教材。,"Robert Prechter (羅伯特・普萊切特) is classified as a Classic author. The research/contribution focus is Elliott Wave (promoter/author); Sentiment (social mood and markets). Representative materials include Elliott Wave Principle (1978); Reference source: https://en.wikipedia.org/wiki/Robert_Prechter; Reference source: https://www.amazon.com/Elliott-Wave-Principle-Key-Market/dp/1616041374. The work is useful for waves, fractal structure, and time-price paths; sentiment, contrarian indicators, and crowd psychology.",羅伯特・普萊切特（Robert Prechter）定位為經典著作作者。研究/貢獻重點集中在艾略特波浪（推廣者/作者）；市場情緒（社會情緒與市場）。代表資料包括《艾略特波浪原理》（1978）；參考來源：https://en.wikipedia.org/wiki/Robert_Prechter；參考來源：https://www.amazon.com/Elliott-Wave-Principle-Key-Market/dp/1616041374。可用於波浪、分形結構與時間價格路徑；市場情緒、逆向指標與群眾心理。,"Robert Prechter (羅伯特・普萊切特) is classified as a Classic author. The research/contribution focus is Elliott Wave (promoter/author); Sentiment (social mood and markets). Representative materials include Elliott Wave Principle (1978); Reference source: https://en.wikipedia.org/wiki/Robert_Prechter; Reference source: https://www.amazon.com/Elliott-Wave-Principle-Key-Market/dp/1616041374. The work is useful for waves, fractal structure, and time-price paths; sentiment, contrarian indicators, and crowd psychology.",3,2,1,1,0,3 筆研究材料；2 個不同來源；1 筆高證據等級；書籍 1 筆；論文/文章 0 筆。,3 research materials; 2 distinct sources; 1 high-evidence records; 1 book records; 0 paper/article records.,normalized bilingual summary
43,a-j-frost,A・J・佛羅斯特,A. J. Frost,Canada,1908-1999,author,經典著作作者,Classic author,艾略特波浪（經典教材共同作者）,Elliott Wave (classic textbook co-author),波浪、分形結構與時間價格路徑,"waves, fractal structure, and time-price paths",《艾略特波浪原理》（1978）；參考來源：https://www.amazon.com/Elliott-Wave-Principle-Key-Market/dp/1616041374；參考來源：https://www.elliottwave.com/books/elliott-wave-principle/,Elliott Wave Principle (1978); Reference source: https://www.amazon.com/Elliott-Wave-Principle-Key-Market/dp/1616041374; Reference source: https://www.elliottwave.com/books/elliott-wave-principle/,與 Robert Prechter 合著《Elliott Wave Principle》，是波浪理論教材化的重要人物。,"A. J. Frost (A・J・佛羅斯特) is classified as a Classic author. The research/contribution focus is Elliott Wave (classic textbook co-author). Representative materials include Elliott Wave Principle (1978); Reference source: https://www.amazon.com/Elliott-Wave-Principle-Key-Market/dp/1616041374; Reference source: https://www.elliottwave.com/books/elliott-wave-principle/. The work is useful for waves, fractal structure, and time-price paths.",A・J・佛羅斯特（A. J. Frost）定位為經典著作作者。研究/貢獻重點集中在艾略特波浪（經典教材共同作者）。代表資料包括《艾略特波浪原理》（1978）；參考來源：https://www.amazon.com/Elliott-Wave-Principle-Key-Market/dp/1616041374；參考來源：https://www.elliottwave.com/books/elliott-wave-principle/。可用於波浪、分形結構與時間價格路徑。,"A. J. Frost (A・J・佛羅斯特) is classified as a Classic author. The research/contribution focus is Elliott Wave (classic textbook co-author). Representative materials include Elliott Wave Principle (1978); Reference source: https://www.amazon.com/Elliott-Wave-Principle-Key-Market/dp/1616041374; Reference source: https://www.elliottwave.com/books/elliott-wave-principle/. The work is useful for waves, fractal structure, and time-price paths.",3,2,1,1,0,3 筆研究材料；2 個不同來源；1 筆高證據等級；書籍 1 筆；論文/文章 0 筆。,3 research materials; 2 distinct sources; 1 high-evidence records; 1 book records; 0 paper/article records.,normalized bilingual summary
44,glenn-neely,格倫・尼利,Glenn Neely,United States,,author,經典著作作者,Classic author,艾略特波浪（規則化作者）；交易系統（波浪規則）,Elliott Wave (規則化作者); Trading Systems (wave rules),波浪、分形結構與時間價格路徑；系統交易、規則設計與回測流程,"waves, fractal structure, and time-price paths; systematic trading, rule design, and backtesting",《精通艾略特波浪》（1990）；參考來源：https://glennneely.com/；參考來源：https://www.amazon.com/Mastering-Elliott-Wave-Glenn-Neely/dp/0930233441；參考來源：https://www.neowave.com/product-book.asp,Mastering Elliott Wave (1990); Reference source: https://glennneely.com/; Reference source: https://www.amazon.com/Mastering-Elliott-Wave-Glenn-Neely/dp/0930233441; Reference source: https://www.neowave.com/product-book.asp,嘗試把艾略特波浪規則化與更嚴格分類，適合記錄於波浪理論研究分支。,"Glenn Neely (格倫・尼利) is classified as a Classic author. The research/contribution focus is Elliott Wave (規則化作者); Trading Systems (wave rules). Representative materials include Mastering Elliott Wave (1990); Reference source: https://glennneely.com/; Reference source: https://www.amazon.com/Mastering-Elliott-Wave-Glenn-Neely/dp/0930233441; Reference source: https://www.neowave.com/product-book.asp. The work is useful for waves, fractal structure, and time-price paths; systematic trading, rule design, and backtesting.",格倫・尼利（Glenn Neely）定位為經典著作作者。研究/貢獻重點集中在艾略特波浪（規則化作者）；交易系統（波浪規則）。代表資料包括《精通艾略特波浪》（1990）；參考來源：https://glennneely.com/；參考來源：https://www.amazon.com/Mastering-Elliott-Wave-Glenn-Neely/dp/0930233441；參考來源：https://www.neowave.com/product-book.asp。可用於波浪、分形結構與時間價格路徑；系統交易、規則設計與回測流程。,"Glenn Neely (格倫・尼利) is classified as a Classic author. The research/contribution focus is Elliott Wave (規則化作者); Trading Systems (wave rules). Representative materials include Mastering Elliott Wave (1990); Reference source: https://glennneely.com/; Reference source: https://www.amazon.com/Mastering-Elliott-Wave-Glenn-Neely/dp/0930233441; Reference source: https://www.neowave.com/product-book.asp. The work is useful for waves, fractal structure, and time-price paths; systematic trading, rule design, and backtesting.",4,3,1,1,0,4 筆研究材料；3 個不同來源；1 筆高證據等級；書籍 1 筆；論文/文章 0 筆。,4 research materials; 3 distinct sources; 1 high-evidence records; 1 book records; 0 paper/article records.,normalized bilingual summary
45,edson-gould,艾德森・古爾德,Edson Gould,United States,1902-1987,foundation,理論奠基者,Foundational theorist,市場情緒（情緒/心理指標）；市場寬度（市場指標）；趨勢跟隨（長期市場判斷）,Sentiment (sentiment/psychology indicators); Market Breadth (market indicators); Trend Following (long-term market judgment),市場情緒、逆向指標與群眾心理；市場寬度、內部強弱與指數健康度判讀；趨勢辨識、均線、通道與趨勢跟隨,"sentiment, contrarian indicators, and crowd psychology; market breadth, internal strength, and index health; trend identification, moving averages, channels, and trend following",原文題名：Findings & Forecasts；參考來源：https://chartschool.stockcharts.com/table-of-contents/chart-analysis/chart-annotation-tools/speed-resistance-lines；參考來源：https://www.investopedia.com/articles/financial-theory/10/pioneers-technical-analysis.asp；參考來源：https://www.mcoscillator.com/learning_center/weekly_chart/edson_goulds_daily_point_index/,Findings & Forecasts; Reference source: https://chartschool.stockcharts.com/table-of-contents/chart-analysis/chart-annotation-tools/speed-resistance-lines; Reference source: https://www.investopedia.com/articles/financial-theory/10/pioneers-technical-analysis.asp; Reference source: https://www.mcoscillator.com/learning_center/weekly_chart/edson_goulds_daily_point_index/,Investopedia 將其列為技術分析先驅之一，以 Senti-Meter 等長期市場指標聞名。,"Edson Gould (艾德森・古爾德) is classified as a Foundational theorist. The research/contribution focus is Sentiment (sentiment/psychology indicators); Market Breadth (market indicators); Trend Following (long-term market judgment). Representative materials include Findings & Forecasts; Reference source: https://chartschool.stockcharts.com/table-of-contents/chart-analysis/chart-annotation-tools/speed-resistance-lines; Reference source: https://www.investopedia.com/articles/financial-theory/10/pioneers-technical-analysis.asp; Reference source: https://www.mcoscillator.com/learning_center/weekly_chart/edson_goulds_daily_point_index/. The work is useful for sentiment, contrarian indicators, and crowd psychology; market breadth, internal strength, and index health; trend identification, moving averages, channels, and trend following.",艾德森・古爾德（Edson Gould）定位為理論奠基者。研究/貢獻重點集中在市場情緒（情緒/心理指標）；市場寬度（市場指標）；趨勢跟隨（長期市場判斷）。代表資料包括原文題名：Findings & Forecasts；參考來源：https://chartschool.stockcharts.com/table-of-contents/chart-analysis/chart-annotation-tools/speed-resistance-lines；參考來源：https://www.investopedia.com/articles/financial-theory/10/pioneers-technical-analysis.asp；參考來源：https://www.mcoscillator.com/learning_center/weekly_chart/edson_goulds_daily_point_index/。可用於市場情緒、逆向指標與群眾心理；市場寬度、內部強弱與指數健康度判讀；趨勢辨識、均線、通道與趨勢跟隨。,"Edson Gould (艾德森・古爾德) is classified as a Foundational theorist. The research/contribution focus is Sentiment (sentiment/psychology indicators); Market Breadth (market indicators); Trend Following (long-term market judgment). Representative materials include Findings & Forecasts; Reference source: https://chartschool.stockcharts.com/table-of-contents/chart-analysis/chart-annotation-tools/speed-resistance-lines; Reference source: https://www.investopedia.com/articles/financial-theory/10/pioneers-technical-analysis.asp; Reference source: https://www.mcoscillator.com/learning_center/weekly_chart/edson_goulds_daily_point_index/. The work is useful for sentiment, contrarian indicators, and crowd psychology; market breadth, internal strength, and index health; trend identification, moving averages, channels, and trend following.",4,3,0,0,0,4 筆研究材料；3 個不同來源；0 筆高證據等級；書籍 0 筆；論文/文章 0 筆。,4 research materials; 3 distinct sources; 0 high-evidence records; 0 book records; 0 paper/article records.,normalized bilingual summary
46,paul-desmond,保羅・德斯蒙德,Paul Desmond,United States,,researcher,技術研究者,Technical researcher,市場寬度（熊市底部研究）；市場情緒（市場底部）；道氏理論（Dow Award 得主）,Market Breadth (bear-market bottom research); Sentiment (market bottoms); Dow Theory (Dow Award winner),市場寬度、內部強弱與指數健康度判讀；市場情緒、逆向指標與群眾心理；技術分析基本理論與市場趨勢框架,"market breadth, internal strength, and index health; sentiment, contrarian indicators, and crowd psychology; core technical-analysis theory and trend frameworks",原文題名：Identifying Bear Market Bottoms and New Bull Markets（2002）；參考來源：https://cmtassociation.org/association/award-recognizing/charles-h-dow-award/,Identifying Bear Market Bottoms and New Bull Markets (2002); Reference source: https://cmtassociation.org/association/award-recognizing/charles-h-dow-award/,2002 Charles H. Dow Award 得主，研究熊市底部與新牛市確認，適合市場寬度/底部研究資料庫。,"Paul Desmond (保羅・德斯蒙德) is classified as a Technical researcher. The research/contribution focus is Market Breadth (bear-market bottom research); Sentiment (market bottoms); Dow Theory (Dow Award winner). Representative materials include Identifying Bear Market Bottoms and New Bull Markets (2002); Reference source: https://cmtassociation.org/association/award-recognizing/charles-h-dow-award/. The work is useful for market breadth, internal strength, and index health; sentiment, contrarian indicators, and crowd psychology; core technical-analysis theory and trend frameworks.",保羅・德斯蒙德（Paul Desmond）定位為技術研究者。研究/貢獻重點集中在市場寬度（熊市底部研究）；市場情緒（市場底部）；道氏理論（Dow Award 得主）。代表資料包括原文題名：Identifying Bear Market Bottoms and New Bull Markets（2002）；參考來源：https://cmtassociation.org/association/award-recognizing/charles-h-dow-award/。可用於市場寬度、內部強弱與指數健康度判讀；市場情緒、逆向指標與群眾心理；技術分析基本理論與市場趨勢框架。,"Paul Desmond (保羅・德斯蒙德) is classified as a Technical researcher. The research/contribution focus is Market Breadth (bear-market bottom research); Sentiment (market bottoms); Dow Theory (Dow Award winner). Representative materials include Identifying Bear Market Bottoms and New Bull Markets (2002); Reference source: https://cmtassociation.org/association/award-recognizing/charles-h-dow-award/. The work is useful for market breadth, internal strength, and index health; sentiment, contrarian indicators, and crowd psychology; core technical-analysis theory and trend frameworks.",2,2,2,0,1,2 筆研究材料；2 個不同來源；2 筆高證據等級；書籍 0 筆；論文/文章 1 筆。,2 research materials; 2 distinct sources; 2 high-evidence records; 0 book records; 1 paper/article records.,normalized bilingual summary
47,richard-russell,理查・羅素,Richard Russell,United States,1924-2015,practitioner,實戰交易代表,Market practitioner,道氏理論（長期推廣者）；趨勢跟隨（市場趨勢）,Dow Theory (long-term promoter); Trend Following (market trend analysis),技術分析基本理論與市場趨勢框架；趨勢辨識、均線、通道與趨勢跟隨,"core technical-analysis theory and trend frameworks; trend identification, moving averages, channels, and trend following",原文題名：Dow Theory Letters（1958）；參考來源：https://en.wikipedia.org/wiki/Richard_Russell_(Dow_Theory)；參考來源：https://www.fa-mag.com/news/richard-russell--publisher-of-dow-theory-letters--dies-at-91-23996.html?print=；參考來源：https://www.trendfollowing.com/2013/03/16/ep-109-richard-russell-and-dow-theory-with-michael-covel-on-trend-following-radio/,Dow Theory Letters (1958); Reference source: https://en.wikipedia.org/wiki/Richard_Russell_(Dow_Theory); Reference source: https://www.fa-mag.com/news/richard-russell--publisher-of-dow-theory-letters--dies-at-91-23996.html?print=; Reference source: https://www.trendfollowing.com/2013/03/16/ep-109-richard-russell-and-dow-theory-with-michael-covel-on-trend-following-radio/,長期撰寫 Dow Theory Letters，是道氏理論在現代市場評論中的代表人物。,"Richard Russell (理查・羅素) is classified as a Market practitioner. The research/contribution focus is Dow Theory (long-term promoter); Trend Following (market trend analysis). Representative materials include Dow Theory Letters (1958); Reference source: https://en.wikipedia.org/wiki/Richard_Russell_(Dow_Theory); Reference source: https://www.fa-mag.com/news/richard-russell--publisher-of-dow-theory-letters--dies-at-91-23996.html?print=; Reference source: https://www.trendfollowing.com/2013/03/16/ep-109-richard-russell-and-dow-theory-with-michael-covel-on-trend-following-radio/. The work is useful for core technical-analysis theory and trend frameworks; trend identification, moving averages, channels, and trend following.",理查・羅素（Richard Russell）定位為實戰交易代表。研究/貢獻重點集中在道氏理論（長期推廣者）；趨勢跟隨（市場趨勢）。代表資料包括原文題名：Dow Theory Letters（1958）；參考來源：https://en.wikipedia.org/wiki/Richard_Russell_(Dow_Theory)；參考來源：https://www.fa-mag.com/news/richard-russell--publisher-of-dow-theory-letters--dies-at-91-23996.html?print=；參考來源：https://www.trendfollowing.com/2013/03/16/ep-109-richard-russell-and-dow-theory-with-michael-covel-on-trend-following-radio/。可用於技術分析基本理論與市場趨勢框架；趨勢辨識、均線、通道與趨勢跟隨。,"Richard Russell (理查・羅素) is classified as a Market practitioner. The research/contribution focus is Dow Theory (long-term promoter); Trend Following (market trend analysis). Representative materials include Dow Theory Letters (1958); Reference source: https://en.wikipedia.org/wiki/Richard_Russell_(Dow_Theory); Reference source: https://www.fa-mag.com/news/richard-russell--publisher-of-dow-theory-letters--dies-at-91-23996.html?print=; Reference source: https://www.trendfollowing.com/2013/03/16/ep-109-richard-russell-and-dow-theory-with-michael-covel-on-trend-following-radio/. The work is useful for core technical-analysis theory and trend frameworks; trend identification, moving averages, channels, and trend following.",4,3,0,0,0,4 筆研究材料；3 個不同來源；0 筆高證據等級；書籍 0 筆；論文/文章 0 筆。,4 research materials; 3 distinct sources; 0 high-evidence records; 0 book records; 0 paper/article records.,normalized bilingual summary
48,stan-weinstein,史坦・溫斯坦,Stan Weinstein,United States,,author,經典著作作者,Classic author,四階段分析（創始/推廣者）；相對強弱 / 強勢股篩選（強勢股）；成交量分析（突破量能）,Stage Analysis (creator/promoter); Relative Strength (relative-strength stocks); Volume Analysis (breakout volume),趨勢辨識、均線、通道與趨勢跟隨；股票選股、相對強弱與成長股篩選；量價關係、資金流與供需分析,"trend identification, moving averages, channels, and trend following; stock selection, relative strength, and growth-stock screening; price-volume relationships, money flow, and supply/demand",《牛熊市場獲利祕訣》（1988）；參考來源：https://www.investopedia.com/articles/investing/070715/trading-stage-analysis.asp；參考來源：https://www.stageanalysis.net/,Secrets for Profiting in Bull and Bear Markets (1988); Reference source: https://www.investopedia.com/articles/investing/070715/trading-stage-analysis.asp; Reference source: https://www.stageanalysis.net/,四階段分析與相對強弱/成交量突破選股方法在股票技術分析中常被使用。,"Stan Weinstein (史坦・溫斯坦) is classified as a Classic author. The research/contribution focus is Stage Analysis (creator/promoter); Relative Strength (relative-strength stocks); Volume Analysis (breakout volume). Representative materials include Secrets for Profiting in Bull and Bear Markets (1988); Reference source: https://www.investopedia.com/articles/investing/070715/trading-stage-analysis.asp; Reference source: https://www.stageanalysis.net/. The work is useful for trend identification, moving averages, channels, and trend following; stock selection, relative strength, and growth-stock screening; price-volume relationships, money flow, and supply/demand.",史坦・溫斯坦（Stan Weinstein）定位為經典著作作者。研究/貢獻重點集中在四階段分析（創始/推廣者）；相對強弱 / 強勢股篩選（強勢股）；成交量分析（突破量能）。代表資料包括《牛熊市場獲利祕訣》（1988）；參考來源：https://www.investopedia.com/articles/investing/070715/trading-stage-analysis.asp；參考來源：https://www.stageanalysis.net/。可用於趨勢辨識、均線、通道與趨勢跟隨；股票選股、相對強弱與成長股篩選；量價關係、資金流與供需分析。,"Stan Weinstein (史坦・溫斯坦) is classified as a Classic author. The research/contribution focus is Stage Analysis (creator/promoter); Relative Strength (relative-strength stocks); Volume Analysis (breakout volume). Representative materials include Secrets for Profiting in Bull and Bear Markets (1988); Reference source: https://www.investopedia.com/articles/investing/070715/trading-stage-analysis.asp; Reference source: https://www.stageanalysis.net/. The work is useful for trend identification, moving averages, channels, and trend following; stock selection, relative strength, and growth-stock screening; price-volume relationships, money flow, and supply/demand.",3,2,0,1,0,3 筆研究材料；2 個不同來源；0 筆高證據等級；書籍 1 筆；論文/文章 0 筆。,3 research materials; 2 distinct sources; 0 high-evidence records; 1 book records; 0 paper/article records.,normalized bilingual summary
49,william-j-o-neil,威廉・歐尼爾,William J. O'Neil,United States,1933-2023,author_practitioner,作者兼實戰交易者,Author-practitioner,CAN SLIM（創始者）；杯柄形態（推廣/定義者）；相對強弱 / 強勢股篩選（成長股選股）,CAN SLIM (creator); Cup With Handle (promoter/definer); Relative Strength (growth-stock selection),股票選股、相對強弱與成長股篩選；圖表型態、價格結構與支撐阻力,"stock selection, relative strength, and growth-stock screening; chart patterns, price structure, and support/resistance",《如何在股票中賺錢》（1988）；參考來源：https://www.fidelity.com/learning-center/trading-investing/technical-analysis/technical-indicator-guide/cup-with-handle；參考來源：https://www.investopedia.com/terms/c/canslim.asp,How to Make Money in Stocks (1988); Reference source: https://www.fidelity.com/learning-center/trading-investing/technical-analysis/technical-indicator-guide/cup-with-handle; Reference source: https://www.investopedia.com/terms/c/canslim.asp,CAN SLIM、杯柄形態與相對強弱選股方法在成長股股票交易者中極具影響力。,"William J. O'Neil (威廉・歐尼爾) is classified as a Author-practitioner. The research/contribution focus is CAN SLIM (creator); Cup With Handle (promoter/definer); Relative Strength (growth-stock selection). Representative materials include How to Make Money in Stocks (1988); Reference source: https://www.fidelity.com/learning-center/trading-investing/technical-analysis/technical-indicator-guide/cup-with-handle; Reference source: https://www.investopedia.com/terms/c/canslim.asp. The work is useful for stock selection, relative strength, and growth-stock screening; chart patterns, price structure, and support/resistance.",威廉・歐尼爾（William J. O'Neil）定位為作者兼實戰交易者。研究/貢獻重點集中在CAN SLIM（創始者）；杯柄形態（推廣/定義者）；相對強弱 / 強勢股篩選（成長股選股）。代表資料包括《如何在股票中賺錢》（1988）；參考來源：https://www.fidelity.com/learning-center/trading-investing/technical-analysis/technical-indicator-guide/cup-with-handle；參考來源：https://www.investopedia.com/terms/c/canslim.asp。可用於股票選股、相對強弱與成長股篩選；圖表型態、價格結構與支撐阻力。,"William J. O'Neil (威廉・歐尼爾) is classified as a Author-practitioner. The research/contribution focus is CAN SLIM (creator); Cup With Handle (promoter/definer); Relative Strength (growth-stock selection). Representative materials include How to Make Money in Stocks (1988); Reference source: https://www.fidelity.com/learning-center/trading-investing/technical-analysis/technical-indicator-guide/cup-with-handle; Reference source: https://www.investopedia.com/terms/c/canslim.asp. The work is useful for stock selection, relative strength, and growth-stock screening; chart patterns, price structure, and support/resistance.",3,2,0,1,0,3 筆研究材料；2 個不同來源；0 筆高證據等級；書籍 1 筆；論文/文章 0 筆。,3 research materials; 2 distinct sources; 0 high-evidence records; 1 book records; 0 paper/article records.,normalized bilingual summary
50,mark-minervini,馬克・米勒維尼,Mark Minervini,United States,,practitioner_author,實戰交易者兼作者,Practitioner-author,VCP 波動收縮形態（創始/推廣者）；相對強弱 / 強勢股篩選（SEPA 強勢股）；杯柄形態（成長股型態）,Volatility Contraction Pattern (creator/promoter); Relative Strength (SEPA relative-strength stocks); Cup With Handle (growth-stock pattern work),圖表型態、價格結構與支撐阻力；股票選股、相對強弱與成長股篩選,"chart patterns, price structure, and support/resistance; stock selection, relative strength, and growth-stock screening",《像股市魔法師一樣交易》（2013）；《像冠軍一樣思考與交易》（2017）；參考來源：https://trendspider.com/learning-center/volatility-contraction-pattern-vcp/,Trade Like a Stock Market Wizard (2013); Think and Trade Like a Champion (2017); Reference source: https://trendspider.com/learning-center/volatility-contraction-pattern-vcp/,以 SEPA 與 VCP 波動收縮形態聞名，是現代美股動能/成長股技術交易代表。,"Mark Minervini (馬克・米勒維尼) is classified as a Practitioner-author. The research/contribution focus is Volatility Contraction Pattern (creator/promoter); Relative Strength (SEPA relative-strength stocks); Cup With Handle (growth-stock pattern work). Representative materials include Trade Like a Stock Market Wizard (2013); Think and Trade Like a Champion (2017); Reference source: https://trendspider.com/learning-center/volatility-contraction-pattern-vcp/. The work is useful for chart patterns, price structure, and support/resistance; stock selection, relative strength, and growth-stock screening.",馬克・米勒維尼（Mark Minervini）定位為實戰交易者兼作者。研究/貢獻重點集中在VCP 波動收縮形態（創始/推廣者）；相對強弱 / 強勢股篩選（SEPA 強勢股）；杯柄形態（成長股型態）。代表資料包括《像股市魔法師一樣交易》（2013）；《像冠軍一樣思考與交易》（2017）；參考來源：https://trendspider.com/learning-center/volatility-contraction-pattern-vcp/。可用於圖表型態、價格結構與支撐阻力；股票選股、相對強弱與成長股篩選。,"Mark Minervini (馬克・米勒維尼) is classified as a Practitioner-author. The research/contribution focus is Volatility Contraction Pattern (creator/promoter); Relative Strength (SEPA relative-strength stocks); Cup With Handle (growth-stock pattern work). Representative materials include Trade Like a Stock Market Wizard (2013); Think and Trade Like a Champion (2017); Reference source: https://trendspider.com/learning-center/volatility-contraction-pattern-vcp/. The work is useful for chart patterns, price structure, and support/resistance; stock selection, relative strength, and growth-stock screening.",3,2,1,2,0,3 筆研究材料；2 個不同來源；1 筆高證據等級；書籍 2 筆；論文/文章 0 筆。,3 research materials; 2 distinct sources; 1 high-evidence records; 2 book records; 0 paper/article records.,normalized bilingual summary
51,nicolas-darvas,尼古拉斯・達瓦斯,Nicolas Darvas,Hungary / United States,1920-1977,practitioner_author,實戰交易者兼作者,Practitioner-author,圖表型態（箱型理論）；趨勢跟隨（突破交易）；相對強弱 / 強勢股篩選（強勢股）,Chart Patterns (box theory); Trend Following (breakout trading); Relative Strength (relative-strength stocks),圖表型態、價格結構與支撐阻力；趨勢辨識、均線、通道與趨勢跟隨；股票選股、相對強弱與成長股篩選,"chart patterns, price structure, and support/resistance; trend identification, moving averages, channels, and trend following; stock selection, relative strength, and growth-stock screening",《我如何在股市賺到二百萬美元》（1960）；參考來源：https://en.wikipedia.org/wiki/Nicolas_Darvas,"How I Made $2,000,000 in the Stock Market (1960); Reference source: https://en.wikipedia.org/wiki/Nicolas_Darvas",Darvas Box 是早期股票箱型突破交易的經典案例。,"Nicolas Darvas (尼古拉斯・達瓦斯) is classified as a Practitioner-author. The research/contribution focus is Chart Patterns (box theory); Trend Following (breakout trading); Relative Strength (relative-strength stocks). Representative materials include How I Made $2,000,000 in the Stock Market (1960); Reference source: https://en.wikipedia.org/wiki/Nicolas_Darvas. The work is useful for chart patterns, price structure, and support/resistance; trend identification, moving averages, channels, and trend following; stock selection, relative strength, and growth-stock screening.",尼古拉斯・達瓦斯（Nicolas Darvas）定位為實戰交易者兼作者。研究/貢獻重點集中在圖表型態（箱型理論）；趨勢跟隨（突破交易）；相對強弱 / 強勢股篩選（強勢股）。代表資料包括《我如何在股市賺到二百萬美元》（1960）；參考來源：https://en.wikipedia.org/wiki/Nicolas_Darvas。可用於圖表型態、價格結構與支撐阻力；趨勢辨識、均線、通道與趨勢跟隨；股票選股、相對強弱與成長股篩選。,"Nicolas Darvas (尼古拉斯・達瓦斯) is classified as a Practitioner-author. The research/contribution focus is Chart Patterns (box theory); Trend Following (breakout trading); Relative Strength (relative-strength stocks). Representative materials include How I Made $2,000,000 in the Stock Market (1960); Reference source: https://en.wikipedia.org/wiki/Nicolas_Darvas. The work is useful for chart patterns, price structure, and support/resistance; trend identification, moving averages, channels, and trend following; stock selection, relative strength, and growth-stock screening.",2,2,1,1,0,2 筆研究材料；2 個不同來源；1 筆高證據等級；書籍 1 筆；論文/文章 0 筆。,2 research materials; 2 distinct sources; 1 high-evidence records; 1 book records; 0 paper/article records.,normalized bilingual summary
52,brian-shannon,布萊恩・香農,Brian Shannon,United States,1967-,author_practitioner,作者兼實戰交易者,Author-practitioner,VWAP / Anchored VWAP（Anchored VWAP 推廣者）；價格行為（多週期分析）；支撐阻力（市場結構）,VWAP / Anchored VWAP (Anchored VWAP promoter); Price Action (multi-timeframe analysis); Support and Resistance (market structure),量價關係、資金流與供需分析；圖表型態、價格結構與支撐阻力,"price-volume relationships, money flow, and supply/demand; chart patterns, price structure, and support/resistance",《多時間框架技術分析》（2008）；《用 Anchored VWAP 提高交易收益》（2023）；參考來源：https://books.google.com/books/about/Maximum_Trading_Gains_With_Anchored_VWAP.html?id=p3aCzwEACAAJ,Technical Analysis Using Multiple Timeframes (2008); Maximum Trading Gains with Anchored VWAP (2023); Reference source: https://books.google.com/books/about/Maximum_Trading_Gains_With_Anchored_VWAP.html?id=p3aCzwEACAAJ,多週期技術分析與 Anchored VWAP 教學影響力高，適合放入 VWAP/價格結構分類。,"Brian Shannon (布萊恩・香農) is classified as a Author-practitioner. The research/contribution focus is VWAP / Anchored VWAP (Anchored VWAP promoter); Price Action (multi-timeframe analysis); Support and Resistance (market structure). Representative materials include Technical Analysis Using Multiple Timeframes (2008); Maximum Trading Gains with Anchored VWAP (2023); Reference source: https://books.google.com/books/about/Maximum_Trading_Gains_With_Anchored_VWAP.html?id=p3aCzwEACAAJ. The work is useful for price-volume relationships, money flow, and supply/demand; chart patterns, price structure, and support/resistance.",布萊恩・香農（Brian Shannon）定位為作者兼實戰交易者。研究/貢獻重點集中在VWAP / Anchored VWAP（Anchored VWAP 推廣者）；價格行為（多週期分析）；支撐阻力（市場結構）。代表資料包括《多時間框架技術分析》（2008）；《用 Anchored VWAP 提高交易收益》（2023）；參考來源：https://books.google.com/books/about/Maximum_Trading_Gains_With_Anchored_VWAP.html?id=p3aCzwEACAAJ。可用於量價關係、資金流與供需分析；圖表型態、價格結構與支撐阻力。,"Brian Shannon (布萊恩・香農) is classified as a Author-practitioner. The research/contribution focus is VWAP / Anchored VWAP (Anchored VWAP promoter); Price Action (multi-timeframe analysis); Support and Resistance (market structure). Representative materials include Technical Analysis Using Multiple Timeframes (2008); Maximum Trading Gains with Anchored VWAP (2023); Reference source: https://books.google.com/books/about/Maximum_Trading_Gains_With_Anchored_VWAP.html?id=p3aCzwEACAAJ. The work is useful for price-volume relationships, money flow, and supply/demand; chart patterns, price structure, and support/resistance.",3,2,2,2,0,3 筆研究材料；2 個不同來源；2 筆高證據等級；書籍 2 筆；論文/文章 0 筆。,3 research materials; 2 distinct sources; 2 high-evidence records; 2 book records; 0 paper/article records.,normalized bilingual summary
53,linda-bradford-raschke,琳達・布拉德福德・拉什克,Linda Bradford Raschke,United States,1959-,practitioner_author,實戰交易者兼作者,Practitioner-author,價格行為（短線交易）；開盤區間突破（短線策略）；交易系統（高勝率策略）,Price Action (short-term trading); Opening Range Breakout (short-term strategies); Trading Systems (high-probability strategies),圖表型態、價格結構與支撐阻力；突破、波動擴張與開盤區間交易；系統交易、規則設計與回測流程,"chart patterns, price structure, and support/resistance; breakouts, volatility expansion, and opening-range trading; systematic trading, rule design, and backtesting",《街頭智慧交易策略》（1996）；參考來源：https://lindaraschke.net/recommended-reading/；參考來源：https://www.amazon.com/Street-Smarts-Probability-Short-Term-Strategies/dp/0965046109,Street Smarts (1996); Reference source: https://lindaraschke.net/recommended-reading/; Reference source: https://www.amazon.com/Street-Smarts-Probability-Short-Term-Strategies/dp/0965046109,《Street Smarts》共同作者與 Market Wizards 受訪者，代表短線價格行為與實戰交易。,"Linda Bradford Raschke (琳達・布拉德福德・拉什克) is classified as a Practitioner-author. The research/contribution focus is Price Action (short-term trading); Opening Range Breakout (short-term strategies); Trading Systems (high-probability strategies). Representative materials include Street Smarts (1996); Reference source: https://lindaraschke.net/recommended-reading/; Reference source: https://www.amazon.com/Street-Smarts-Probability-Short-Term-Strategies/dp/0965046109. The work is useful for chart patterns, price structure, and support/resistance; breakouts, volatility expansion, and opening-range trading; systematic trading, rule design, and backtesting.",琳達・布拉德福德・拉什克（Linda Bradford Raschke）定位為實戰交易者兼作者。研究/貢獻重點集中在價格行為（短線交易）；開盤區間突破（短線策略）；交易系統（高勝率策略）。代表資料包括《街頭智慧交易策略》（1996）；參考來源：https://lindaraschke.net/recommended-reading/；參考來源：https://www.amazon.com/Street-Smarts-Probability-Short-Term-Strategies/dp/0965046109。可用於圖表型態、價格結構與支撐阻力；突破、波動擴張與開盤區間交易；系統交易、規則設計與回測流程。,"Linda Bradford Raschke (琳達・布拉德福德・拉什克) is classified as a Practitioner-author. The research/contribution focus is Price Action (short-term trading); Opening Range Breakout (short-term strategies); Trading Systems (high-probability strategies). Representative materials include Street Smarts (1996); Reference source: https://lindaraschke.net/recommended-reading/; Reference source: https://www.amazon.com/Street-Smarts-Probability-Short-Term-Strategies/dp/0965046109. The work is useful for chart patterns, price structure, and support/resistance; breakouts, volatility expansion, and opening-range trading; systematic trading, rule design, and backtesting.",3,2,1,1,0,3 筆研究材料；2 個不同來源；1 筆高證據等級；書籍 1 筆；論文/文章 0 筆。,3 research materials; 2 distinct sources; 1 high-evidence records; 1 book records; 0 paper/article records.,normalized bilingual summary
54,laurence-a-connors,拉倫斯・康納斯,Laurence A. Connors,United States,,indicator_creator,技術指標創作者,Indicator creator,Connors RSI（創始者）；RSI 相對強弱指數（短線改良）；交易系統（短線均值回歸）,ConnorsRSI (creator); Relative Strength Index (short-term modification); Trading Systems (short-term mean reversion),動量、超買超賣、背離與趨勢強弱；系統交易、規則設計與回測流程,"momentum, overbought/oversold conditions, divergence, and trend strength; systematic trading, rule design, and backtesting",《街頭智慧交易策略》（1996）；《有效的短線交易策略》（2008）；原文題名：ConnorsRSI（2012）,Street Smarts (1996); Short Term Trading Strategies That Work (2008); ConnorsRSI (2012),ConnorsRSI 與短線 RSI2/均值回歸策略在量化與短線交易圈常被引用。,"Laurence A. Connors (拉倫斯・康納斯) is classified as a Indicator creator. The research/contribution focus is ConnorsRSI (creator); Relative Strength Index (short-term modification); Trading Systems (short-term mean reversion). Representative materials include Street Smarts (1996); Short Term Trading Strategies That Work (2008); ConnorsRSI (2012). The work is useful for momentum, overbought/oversold conditions, divergence, and trend strength; systematic trading, rule design, and backtesting.",拉倫斯・康納斯（Laurence A. Connors）定位為技術指標創作者。研究/貢獻重點集中在Connors RSI（創始者）；RSI 相對強弱指數（短線改良）；交易系統（短線均值回歸）。代表資料包括《街頭智慧交易策略》（1996）；《有效的短線交易策略》（2008）；原文題名：ConnorsRSI（2012）。可用於動量、超買超賣、背離與趨勢強弱；系統交易、規則設計與回測流程。,"Laurence A. Connors (拉倫斯・康納斯) is classified as a Indicator creator. The research/contribution focus is ConnorsRSI (creator); Relative Strength Index (short-term modification); Trading Systems (short-term mean reversion). Representative materials include Street Smarts (1996); Short Term Trading Strategies That Work (2008); ConnorsRSI (2012). The work is useful for momentum, overbought/oversold conditions, divergence, and trend strength; systematic trading, rule design, and backtesting.",5,3,1,2,0,5 筆研究材料；3 個不同來源；1 筆高證據等級；書籍 2 筆；論文/文章 0 筆。,5 research materials; 3 distinct sources; 1 high-evidence records; 2 book records; 0 paper/article records.,normalized bilingual summary
55,andrew-cardwell,安德魯・卡德威爾,Andrew Cardwell,United States,,indicator_specialist,指標專題專家,Indicator specialist,RSI 相對強弱指數（進階詮釋者）；動量（正/負反轉與區間規則）,Relative Strength Index (advanced interpreter); Momentum (positive/negative reversals and range rules),動量、超買超賣、背離與趨勢強弱,"momentum, overbought/oversold conditions, divergence, and trend strength",原文題名：Cardwell RSI Positive/Negative Reversals；參考來源：https://www.investopedia.com/articles/active-trading/042114/overbought-or-oversold-use-relative-strength-index-find-out.asp；參考來源：https://www.linkedin.com/in/andrew-cardwell-b318099,Cardwell RSI Positive/Negative Reversals; Reference source: https://www.investopedia.com/articles/active-trading/042114/overbought-or-oversold-use-relative-strength-index-find-out.asp; Reference source: https://www.linkedin.com/in/andrew-cardwell-b318099,以 RSI Range Rules 與 Positive/Negative Reversals 聞名，是 RSI 進階應用的重要專家。,"Andrew Cardwell (安德魯・卡德威爾) is classified as a Indicator specialist. The research/contribution focus is Relative Strength Index (advanced interpreter); Momentum (positive/negative reversals and range rules). Representative materials include Cardwell RSI Positive/Negative Reversals; Reference source: https://www.investopedia.com/articles/active-trading/042114/overbought-or-oversold-use-relative-strength-index-find-out.asp; Reference source: https://www.linkedin.com/in/andrew-cardwell-b318099. The work is useful for momentum, overbought/oversold conditions, divergence, and trend strength.",安德魯・卡德威爾（Andrew Cardwell）定位為指標專題專家。研究/貢獻重點集中在RSI 相對強弱指數（進階詮釋者）；動量（正/負反轉與區間規則）。代表資料包括原文題名：Cardwell RSI Positive/Negative Reversals；參考來源：https://www.investopedia.com/articles/active-trading/042114/overbought-or-oversold-use-relative-strength-index-find-out.asp；參考來源：https://www.linkedin.com/in/andrew-cardwell-b318099。可用於動量、超買超賣、背離與趨勢強弱。,"Andrew Cardwell (安德魯・卡德威爾) is classified as a Indicator specialist. The research/contribution focus is Relative Strength Index (advanced interpreter); Momentum (positive/negative reversals and range rules). Representative materials include Cardwell RSI Positive/Negative Reversals; Reference source: https://www.investopedia.com/articles/active-trading/042114/overbought-or-oversold-use-relative-strength-index-find-out.asp; Reference source: https://www.linkedin.com/in/andrew-cardwell-b318099. The work is useful for momentum, overbought/oversold conditions, divergence, and trend strength.",3,2,0,0,0,3 筆研究材料；2 個不同來源；0 筆高證據等級；書籍 0 筆；論文/文章 0 筆。,3 research materials; 2 distinct sources; 0 high-evidence records; 0 book records; 0 paper/article records.,normalized bilingual summary
56,constance-brown,康斯坦絲・布朗,Constance Brown,United States,,indicator_specialist,指標專題專家,Indicator specialist,RSI 相對強弱指數（進階詮釋者）；動量（Composite Index）；實證技術分析（指標組合）,Relative Strength Index (advanced interpreter); Momentum (Composite Index); Evidence-Based Technical Analysis (indicator combination),動量、超買超賣、背離與趨勢強弱；實證檢驗、規則驗證與資料探勘風險控制,"momentum, overbought/oversold conditions, divergence, and trend strength; empirical testing, rule validation, and data-mining control",《專業交易者技術分析》（1999）；參考來源：https://www.amazon.com/Technical-Analysis-Trading-Professional-Second/dp/007175914X；參考來源：https://www.barchart.com/education/technical-indicators/cmb-composite-index,Technical Analysis for the Trading Professional (1999); Reference source: https://www.amazon.com/Technical-Analysis-Trading-Professional-Second/dp/007175914X; Reference source: https://www.barchart.com/education/technical-indicators/cmb-composite-index,以 RSI 區間、Composite Index 與進階動量分析聞名，常被引用於 RSI 專題研究。,"Constance Brown (康斯坦絲・布朗) is classified as a Indicator specialist. The research/contribution focus is Relative Strength Index (advanced interpreter); Momentum (Composite Index); Evidence-Based Technical Analysis (indicator combination). Representative materials include Technical Analysis for the Trading Professional (1999); Reference source: https://www.amazon.com/Technical-Analysis-Trading-Professional-Second/dp/007175914X; Reference source: https://www.barchart.com/education/technical-indicators/cmb-composite-index. The work is useful for momentum, overbought/oversold conditions, divergence, and trend strength; empirical testing, rule validation, and data-mining control.",康斯坦絲・布朗（Constance Brown）定位為指標專題專家。研究/貢獻重點集中在RSI 相對強弱指數（進階詮釋者）；動量（Composite Index）；實證技術分析（指標組合）。代表資料包括《專業交易者技術分析》（1999）；參考來源：https://www.amazon.com/Technical-Analysis-Trading-Professional-Second/dp/007175914X；參考來源：https://www.barchart.com/education/technical-indicators/cmb-composite-index。可用於動量、超買超賣、背離與趨勢強弱；實證檢驗、規則驗證與資料探勘風險控制。,"Constance Brown (康斯坦絲・布朗) is classified as a Indicator specialist. The research/contribution focus is Relative Strength Index (advanced interpreter); Momentum (Composite Index); Evidence-Based Technical Analysis (indicator combination). Representative materials include Technical Analysis for the Trading Professional (1999); Reference source: https://www.amazon.com/Technical-Analysis-Trading-Professional-Second/dp/007175914X; Reference source: https://www.barchart.com/education/technical-indicators/cmb-composite-index. The work is useful for momentum, overbought/oversold conditions, divergence, and trend strength; empirical testing, rule validation, and data-mining control.",3,2,1,1,0,3 筆研究材料；2 個不同來源；1 筆高證據等級；書籍 1 筆；論文/文章 0 筆。,3 research materials; 2 distinct sources; 1 high-evidence records; 1 book records; 0 paper/article records.,normalized bilingual summary
57,john-f-ehlers,約翰・艾勒斯,John F. Ehlers,United States,,indicator_creator,技術指標創作者,Indicator creator,週期分析（DSP 週期分析）；Ehlers 濾波器（濾波器）；交易系統（自適應指標）,Cycle Analysis (DSP cycle analysis); Ehlers Filters (filters); Trading Systems (adaptive indicators),週期、時間窗口與市場節奏判讀；系統交易、規則設計與回測流程,"cycles, timing windows, and market rhythm; systematic trading, rule design, and backtesting",《交易者的火箭科學》（2001）；《股票與期貨控制論分析》（2004）；參考來源：https://www.mesasoftware.com/TechnicalArticles.htm,Rocket Science for Traders (2001); Cybernetic Analysis for Stocks and Futures (2004); Reference source: https://www.mesasoftware.com/TechnicalArticles.htm,把數位訊號處理與週期濾波引入技術指標，是現代自適應與濾波指標的重要人物。,"John F. Ehlers (約翰・艾勒斯) is classified as a Indicator creator. The research/contribution focus is Cycle Analysis (DSP cycle analysis); Ehlers Filters (filters); Trading Systems (adaptive indicators). Representative materials include Rocket Science for Traders (2001); Cybernetic Analysis for Stocks and Futures (2004); Reference source: https://www.mesasoftware.com/TechnicalArticles.htm. The work is useful for cycles, timing windows, and market rhythm; systematic trading, rule design, and backtesting.",約翰・艾勒斯（John F. Ehlers）定位為技術指標創作者。研究/貢獻重點集中在週期分析（DSP 週期分析）；Ehlers 濾波器（濾波器）；交易系統（自適應指標）。代表資料包括《交易者的火箭科學》（2001）；《股票與期貨控制論分析》（2004）；參考來源：https://www.mesasoftware.com/TechnicalArticles.htm。可用於週期、時間窗口與市場節奏判讀；系統交易、規則設計與回測流程。,"John F. Ehlers (約翰・艾勒斯) is classified as a Indicator creator. The research/contribution focus is Cycle Analysis (DSP cycle analysis); Ehlers Filters (filters); Trading Systems (adaptive indicators). Representative materials include Rocket Science for Traders (2001); Cybernetic Analysis for Stocks and Futures (2004); Reference source: https://www.mesasoftware.com/TechnicalArticles.htm. The work is useful for cycles, timing windows, and market rhythm; systematic trading, rule design, and backtesting.",3,2,1,2,0,3 筆研究材料；2 個不同來源；1 筆高證據等級；書籍 2 筆；論文/文章 0 筆。,3 research materials; 2 distinct sources; 1 high-evidence records; 2 book records; 0 paper/article records.,normalized bilingual summary
58,murray-a-ruggiero-jr,穆雷・魯傑羅,Murray A. Ruggiero Jr.,United States,,system_developer,交易系統開發者,Trading-system developer,交易系統（交易系統）；回測與系統驗證（策略測試）；實證技術分析（量化規則）,Trading Systems (trading systems); Backtesting (strategy testing); Evidence-Based Technical Analysis (quantitative rules),系統交易、規則設計與回測流程；實證檢驗、規則驗證與資料探勘風險控制,"systematic trading, rule design, and backtesting; empirical testing, rule validation, and data-mining control",《控制論交易策略》（1997）；參考來源：https://guides.newman.baruch.cuny.edu/c.php?g=188442&p=1243542,Cybernetic Trading Strategies (1997); Reference source: https://guides.newman.baruch.cuny.edu/c.php?g=188442&p=1243542,專注交易系統、模糊邏輯、機器學習與技術規則，適合交易系統與回測分類。,"Murray A. Ruggiero Jr. (穆雷・魯傑羅) is classified as a Trading-system developer. The research/contribution focus is Trading Systems (trading systems); Backtesting (strategy testing); Evidence-Based Technical Analysis (quantitative rules). Representative materials include Cybernetic Trading Strategies (1997); Reference source: https://guides.newman.baruch.cuny.edu/c.php?g=188442&p=1243542. The work is useful for systematic trading, rule design, and backtesting; empirical testing, rule validation, and data-mining control.",穆雷・魯傑羅（Murray A. Ruggiero Jr.）定位為交易系統開發者。研究/貢獻重點集中在交易系統（交易系統）；回測與系統驗證（策略測試）；實證技術分析（量化規則）。代表資料包括《控制論交易策略》（1997）；參考來源：https://guides.newman.baruch.cuny.edu/c.php?g=188442&p=1243542。可用於系統交易、規則設計與回測流程；實證檢驗、規則驗證與資料探勘風險控制。,"Murray A. Ruggiero Jr. (穆雷・魯傑羅) is classified as a Trading-system developer. The research/contribution focus is Trading Systems (trading systems); Backtesting (strategy testing); Evidence-Based Technical Analysis (quantitative rules). Representative materials include Cybernetic Trading Strategies (1997); Reference source: https://guides.newman.baruch.cuny.edu/c.php?g=188442&p=1243542. The work is useful for systematic trading, rule design, and backtesting; empirical testing, rule validation, and data-mining control.",2,2,1,1,0,2 筆研究材料；2 個不同來源；1 筆高證據等級；書籍 1 筆；論文/文章 0 筆。,2 research materials; 2 distinct sources; 1 high-evidence records; 1 book records; 0 paper/article records.,normalized bilingual summary
59,robert-pardo,羅伯特・帕多,Robert Pardo,United States,,system_developer,交易系統開發者,Trading-system developer,回測與系統驗證（系統測試）；交易系統（交易系統）；實證技術分析（樣本外驗證）,Backtesting (system testing); Trading Systems (trading systems); Evidence-Based Technical Analysis (out-of-sample validation),實證檢驗、規則驗證與資料探勘風險控制；系統交易、規則設計與回測流程,"empirical testing, rule validation, and data-mining control; systematic trading, rule design, and backtesting",《交易系統設計、測試與最佳化》（1992）；參考來源：https://guides.newman.baruch.cuny.edu/c.php?g=188442&p=1243542,"Design, Testing, and Optimization of Trading Systems (1992); Reference source: https://guides.newman.baruch.cuny.edu/c.php?g=188442&p=1243542",其交易系統設計、測試與優化著作是量化技術分析與策略驗證常見參考。,"Robert Pardo (羅伯特・帕多) is classified as a Trading-system developer. The research/contribution focus is Backtesting (system testing); Trading Systems (trading systems); Evidence-Based Technical Analysis (out-of-sample validation). Representative materials include Design, Testing, and Optimization of Trading Systems (1992); Reference source: https://guides.newman.baruch.cuny.edu/c.php?g=188442&p=1243542. The work is useful for empirical testing, rule validation, and data-mining control; systematic trading, rule design, and backtesting.",羅伯特・帕多（Robert Pardo）定位為交易系統開發者。研究/貢獻重點集中在回測與系統驗證（系統測試）；交易系統（交易系統）；實證技術分析（樣本外驗證）。代表資料包括《交易系統設計、測試與最佳化》（1992）；參考來源：https://guides.newman.baruch.cuny.edu/c.php?g=188442&p=1243542。可用於實證檢驗、規則驗證與資料探勘風險控制；系統交易、規則設計與回測流程。,"Robert Pardo (羅伯特・帕多) is classified as a Trading-system developer. The research/contribution focus is Backtesting (system testing); Trading Systems (trading systems); Evidence-Based Technical Analysis (out-of-sample validation). Representative materials include Design, Testing, and Optimization of Trading Systems (1992); Reference source: https://guides.newman.baruch.cuny.edu/c.php?g=188442&p=1243542. The work is useful for empirical testing, rule validation, and data-mining control; systematic trading, rule design, and backtesting.",2,2,1,1,0,2 筆研究材料；2 個不同來源；1 筆高證據等級；書籍 1 筆；論文/文章 0 筆。,2 research materials; 2 distinct sources; 1 high-evidence records; 1 book records; 0 paper/article records.,normalized bilingual summary
60,howard-bandy,霍華德・班迪,Howard Bandy,United States,,system_developer,交易系統開發者,Trading-system developer,交易系統（交易系統）；回測與系統驗證（策略驗證）；實證技術分析（統計分析）,Trading Systems (trading systems); Backtesting (strategy validation); Evidence-Based Technical Analysis (statistical analysis),系統交易、規則設計與回測流程；實證檢驗、規則驗證與資料探勘風險控制,"systematic trading, rule design, and backtesting; empirical testing, rule validation, and data-mining control",《量化交易系統》（2007）；《交易系統績效建模》（2011）；參考來源：https://guides.newman.baruch.cuny.edu/c.php?g=188442&p=1243542,Quantitative Trading Systems (2007); Modeling Trading System Performance (2011); Reference source: https://guides.newman.baruch.cuny.edu/c.php?g=188442&p=1243542,以交易系統建模、風險與回測流程著作聞名，適合本地資料庫後續加入策略驗證欄位。,"Howard Bandy (霍華德・班迪) is classified as a Trading-system developer. The research/contribution focus is Trading Systems (trading systems); Backtesting (strategy validation); Evidence-Based Technical Analysis (statistical analysis). Representative materials include Quantitative Trading Systems (2007); Modeling Trading System Performance (2011); Reference source: https://guides.newman.baruch.cuny.edu/c.php?g=188442&p=1243542. The work is useful for systematic trading, rule design, and backtesting; empirical testing, rule validation, and data-mining control.",霍華德・班迪（Howard Bandy）定位為交易系統開發者。研究/貢獻重點集中在交易系統（交易系統）；回測與系統驗證（策略驗證）；實證技術分析（統計分析）。代表資料包括《量化交易系統》（2007）；《交易系統績效建模》（2011）；參考來源：https://guides.newman.baruch.cuny.edu/c.php?g=188442&p=1243542。可用於系統交易、規則設計與回測流程；實證檢驗、規則驗證與資料探勘風險控制。,"Howard Bandy (霍華德・班迪) is classified as a Trading-system developer. The research/contribution focus is Trading Systems (trading systems); Backtesting (strategy validation); Evidence-Based Technical Analysis (statistical analysis). Representative materials include Quantitative Trading Systems (2007); Modeling Trading System Performance (2011); Reference source: https://guides.newman.baruch.cuny.edu/c.php?g=188442&p=1243542. The work is useful for systematic trading, rule design, and backtesting; empirical testing, rule validation, and data-mining control.",3,2,1,2,0,3 筆研究材料；2 個不同來源；1 筆高證據等級；書籍 2 筆；論文/文章 0 筆。,3 research materials; 2 distinct sources; 1 high-evidence records; 2 book records; 0 paper/article records.,normalized bilingual summary
61,thomas-stridsman,湯瑪斯・史翠茲曼,Thomas Stridsman,Sweden / United States,,system_developer,交易系統開發者,Trading-system developer,交易系統（交易系統）；回測與系統驗證（策略測試）；趨勢跟隨（系統化趨勢）,Trading Systems (trading systems); Backtesting (strategy testing); Trend Following (systematic trend analysis),系統交易、規則設計與回測流程；實證檢驗、規則驗證與資料探勘風險控制；趨勢辨識、均線、通道與趨勢跟隨,"systematic trading, rule design, and backtesting; empirical testing, rule validation, and data-mining control; trend identification, moving averages, channels, and trend following",《有效的交易系統》（2000）；參考來源：https://guides.newman.baruch.cuny.edu/c.php?g=188442&p=1243542,Trading Systems That Work (2000); Reference source: https://guides.newman.baruch.cuny.edu/c.php?g=188442&p=1243542,交易系統設計與測試作者，對規則化技術分析與系統交易資料庫有參考價值。,"Thomas Stridsman (湯瑪斯・史翠茲曼) is classified as a Trading-system developer. The research/contribution focus is Trading Systems (trading systems); Backtesting (strategy testing); Trend Following (systematic trend analysis). Representative materials include Trading Systems That Work (2000); Reference source: https://guides.newman.baruch.cuny.edu/c.php?g=188442&p=1243542. The work is useful for systematic trading, rule design, and backtesting; empirical testing, rule validation, and data-mining control; trend identification, moving averages, channels, and trend following.",湯瑪斯・史翠茲曼（Thomas Stridsman）定位為交易系統開發者。研究/貢獻重點集中在交易系統（交易系統）；回測與系統驗證（策略測試）；趨勢跟隨（系統化趨勢）。代表資料包括《有效的交易系統》（2000）；參考來源：https://guides.newman.baruch.cuny.edu/c.php?g=188442&p=1243542。可用於系統交易、規則設計與回測流程；實證檢驗、規則驗證與資料探勘風險控制；趨勢辨識、均線、通道與趨勢跟隨。,"Thomas Stridsman (湯瑪斯・史翠茲曼) is classified as a Trading-system developer. The research/contribution focus is Trading Systems (trading systems); Backtesting (strategy testing); Trend Following (systematic trend analysis). Representative materials include Trading Systems That Work (2000); Reference source: https://guides.newman.baruch.cuny.edu/c.php?g=188442&p=1243542. The work is useful for systematic trading, rule design, and backtesting; empirical testing, rule validation, and data-mining control; trend identification, moving averages, channels, and trend following.",2,2,1,1,0,2 筆研究材料；2 個不同來源；1 筆高證據等級；書籍 1 筆；論文/文章 0 筆。,2 research materials; 2 distinct sources; 1 high-evidence records; 1 book records; 0 paper/article records.,normalized bilingual summary
62,daryl-guppy,達利・古比,Daryl Guppy,Australia,,indicator_creator,技術指標創作者,Indicator creator,Guppy 多重移動平均（創始者）；移動平均（多均線趨勢）；趨勢跟隨（趨勢判讀）,Guppy Multiple Moving Average (creator); Moving Average (multiple moving-average trend work); Trend Following (trend interpretation),趨勢辨識、均線、通道與趨勢跟隨,"trend identification, moving averages, channels, and trend following",《交易戰術》（1997）；參考來源：https://www.investopedia.com/terms/g/guppy-multiple-moving-average.asp,Trading Tactics (1997); Reference source: https://www.investopedia.com/terms/g/guppy-multiple-moving-average.asp,Guppy Multiple Moving Average 以兩組 EMA 判讀短長期交易者行為，常見於趨勢篩選。,"Daryl Guppy (達利・古比) is classified as a Indicator creator. The research/contribution focus is Guppy Multiple Moving Average (creator); Moving Average (multiple moving-average trend work); Trend Following (trend interpretation). Representative materials include Trading Tactics (1997); Reference source: https://www.investopedia.com/terms/g/guppy-multiple-moving-average.asp. The work is useful for trend identification, moving averages, channels, and trend following.",達利・古比（Daryl Guppy）定位為技術指標創作者。研究/貢獻重點集中在Guppy 多重移動平均（創始者）；移動平均（多均線趨勢）；趨勢跟隨（趨勢判讀）。代表資料包括《交易戰術》（1997）；參考來源：https://www.investopedia.com/terms/g/guppy-multiple-moving-average.asp。可用於趨勢辨識、均線、通道與趨勢跟隨。,"Daryl Guppy (達利・古比) is classified as a Indicator creator. The research/contribution focus is Guppy Multiple Moving Average (creator); Moving Average (multiple moving-average trend work); Trend Following (trend interpretation). Representative materials include Trading Tactics (1997); Reference source: https://www.investopedia.com/terms/g/guppy-multiple-moving-average.asp. The work is useful for trend identification, moving averages, channels, and trend following.",2,2,1,1,0,2 筆研究材料；2 個不同來源；1 筆高證據等級；書籍 1 筆；論文/文章 0 筆。,2 research materials; 2 distinct sources; 1 high-evidence records; 1 book records; 0 paper/article records.,normalized bilingual summary
63,alan-hull,艾倫・霍爾,Alan Hull,Australia,,indicator_creator,技術指標創作者,Indicator creator,Hull 移動平均（創始者）；移動平均（低滯後均線）,Hull Moving Average (creator); Moving Average (low-lag moving averages),趨勢辨識、均線、通道與趨勢跟隨,"trend identification, moving averages, channels, and trend following",原文題名：Hull Moving Average（2005）；參考來源：https://alanhull.com/the-hull-moving-average/；參考來源：https://chartschool.stockcharts.com/table-of-contents/technical-indicators-and-overlays/technical-overlays/hull-moving-average-hma,Hull Moving Average (2005); Reference source: https://alanhull.com/the-hull-moving-average/; Reference source: https://chartschool.stockcharts.com/table-of-contents/technical-indicators-and-overlays/technical-overlays/hull-moving-average-hma,Hull Moving Average 以降低均線滯後聞名，是均線類指標的重要改良。,"Alan Hull (艾倫・霍爾) is classified as a Indicator creator. The research/contribution focus is Hull Moving Average (creator); Moving Average (low-lag moving averages). Representative materials include Hull Moving Average (2005); Reference source: https://alanhull.com/the-hull-moving-average/; Reference source: https://chartschool.stockcharts.com/table-of-contents/technical-indicators-and-overlays/technical-overlays/hull-moving-average-hma. The work is useful for trend identification, moving averages, channels, and trend following.",艾倫・霍爾（Alan Hull）定位為技術指標創作者。研究/貢獻重點集中在Hull 移動平均（創始者）；移動平均（低滯後均線）。代表資料包括原文題名：Hull Moving Average（2005）；參考來源：https://alanhull.com/the-hull-moving-average/；參考來源：https://chartschool.stockcharts.com/table-of-contents/technical-indicators-and-overlays/technical-overlays/hull-moving-average-hma。可用於趨勢辨識、均線、通道與趨勢跟隨。,"Alan Hull (艾倫・霍爾) is classified as a Indicator creator. The research/contribution focus is Hull Moving Average (creator); Moving Average (low-lag moving averages). Representative materials include Hull Moving Average (2005); Reference source: https://alanhull.com/the-hull-moving-average/; Reference source: https://chartschool.stockcharts.com/table-of-contents/technical-indicators-and-overlays/technical-overlays/hull-moving-average-hma. The work is useful for trend identification, moving averages, channels, and trend following.",3,2,0,0,0,3 筆研究材料；2 個不同來源；0 筆高證據等級；書籍 0 筆；論文/文章 0 筆。,3 research materials; 2 distinct sources; 0 high-evidence records; 0 book records; 0 paper/article records.,normalized bilingual summary
64,john-r-mcginley,約翰・麥金利,John R. McGinley,United States,,indicator_creator,技術指標創作者,Indicator creator,McGinley Dynamic（創始者）；移動平均（自適應平滑）,McGinley Dynamic (creator); Moving Average (adaptive smoothing),趨勢辨識、均線、通道與趨勢跟隨,"trend identification, moving averages, channels, and trend following",原文題名：McGinley Dynamic（1997）；參考來源：https://dotnet.stockindicators.dev/indicators/Dynamic/；參考來源：https://www.earn2trade.com/blog/mcginley-dynamic-indicator/；參考來源：https://www.investopedia.com/terms/m/mcginley-dynamic.asp,McGinley Dynamic (1997); Reference source: https://dotnet.stockindicators.dev/indicators/Dynamic/; Reference source: https://www.earn2trade.com/blog/mcginley-dynamic-indicator/; Reference source: https://www.investopedia.com/terms/m/mcginley-dynamic.asp,McGinley Dynamic 嘗試解決傳統均線跟不上市場速度的問題，屬均線改良指標。,"John R. McGinley (約翰・麥金利) is classified as a Indicator creator. The research/contribution focus is McGinley Dynamic (creator); Moving Average (adaptive smoothing). Representative materials include McGinley Dynamic (1997); Reference source: https://dotnet.stockindicators.dev/indicators/Dynamic/; Reference source: https://www.earn2trade.com/blog/mcginley-dynamic-indicator/; Reference source: https://www.investopedia.com/terms/m/mcginley-dynamic.asp. The work is useful for trend identification, moving averages, channels, and trend following.",約翰・麥金利（John R. McGinley）定位為技術指標創作者。研究/貢獻重點集中在McGinley Dynamic（創始者）；移動平均（自適應平滑）。代表資料包括原文題名：McGinley Dynamic（1997）；參考來源：https://dotnet.stockindicators.dev/indicators/Dynamic/；參考來源：https://www.earn2trade.com/blog/mcginley-dynamic-indicator/；參考來源：https://www.investopedia.com/terms/m/mcginley-dynamic.asp。可用於趨勢辨識、均線、通道與趨勢跟隨。,"John R. McGinley (約翰・麥金利) is classified as a Indicator creator. The research/contribution focus is McGinley Dynamic (creator); Moving Average (adaptive smoothing). Representative materials include McGinley Dynamic (1997); Reference source: https://dotnet.stockindicators.dev/indicators/Dynamic/; Reference source: https://www.earn2trade.com/blog/mcginley-dynamic-indicator/; Reference source: https://www.investopedia.com/terms/m/mcginley-dynamic.asp. The work is useful for trend identification, moving averages, channels, and trend following.",4,3,0,0,0,4 筆研究材料；3 個不同來源；0 筆高證據等級；書籍 0 筆；論文/文章 0 筆。,4 research materials; 3 distinct sources; 0 high-evidence records; 0 book records; 0 paper/article records.,normalized bilingual summary
65,patrick-g-mulloy,派翠克・馬洛伊,Patrick G. Mulloy,United States,,indicator_creator,技術指標創作者,Indicator creator,DEMA / TEMA（創始者）；移動平均（低滯後均線）,Double/Triple Exponential Moving Average (creator); Moving Average (low-lag moving averages),趨勢辨識、均線、通道與趨勢跟隨,"trend identification, moving averages, channels, and trend following",原文題名：Smoothing Data with Faster Moving Averages（1994）；參考來源：https://chartschool.stockcharts.com/table-of-contents/technical-indicators-and-overlays/technical-overlays/triple-exponential-moving-average-tema；參考來源：https://www.investopedia.com/ask/answers/041315/why-triple-exponential-moving-average-tema-important-traders-and-analysts.asp,Smoothing Data with Faster Moving Averages (1994); Reference source: https://chartschool.stockcharts.com/table-of-contents/technical-indicators-and-overlays/technical-overlays/triple-exponential-moving-average-tema; Reference source: https://www.investopedia.com/ask/answers/041315/why-triple-exponential-moving-average-tema-important-traders-and-analysts.asp,DEMA/TEMA 改良均線滯後問題，在交易平台中常見。,"Patrick G. Mulloy (派翠克・馬洛伊) is classified as a Indicator creator. The research/contribution focus is Double/Triple Exponential Moving Average (creator); Moving Average (low-lag moving averages). Representative materials include Smoothing Data with Faster Moving Averages (1994); Reference source: https://chartschool.stockcharts.com/table-of-contents/technical-indicators-and-overlays/technical-overlays/triple-exponential-moving-average-tema; Reference source: https://www.investopedia.com/ask/answers/041315/why-triple-exponential-moving-average-tema-important-traders-and-analysts.asp. The work is useful for trend identification, moving averages, channels, and trend following.",派翠克・馬洛伊（Patrick G. Mulloy）定位為技術指標創作者。研究/貢獻重點集中在DEMA / TEMA（創始者）；移動平均（低滯後均線）。代表資料包括原文題名：Smoothing Data with Faster Moving Averages（1994）；參考來源：https://chartschool.stockcharts.com/table-of-contents/technical-indicators-and-overlays/technical-overlays/triple-exponential-moving-average-tema；參考來源：https://www.investopedia.com/ask/answers/041315/why-triple-exponential-moving-average-tema-important-traders-and-analysts.asp。可用於趨勢辨識、均線、通道與趨勢跟隨。,"Patrick G. Mulloy (派翠克・馬洛伊) is classified as a Indicator creator. The research/contribution focus is Double/Triple Exponential Moving Average (creator); Moving Average (low-lag moving averages). Representative materials include Smoothing Data with Faster Moving Averages (1994); Reference source: https://chartschool.stockcharts.com/table-of-contents/technical-indicators-and-overlays/technical-overlays/triple-exponential-moving-average-tema; Reference source: https://www.investopedia.com/ask/answers/041315/why-triple-exponential-moving-average-tema-important-traders-and-analysts.asp. The work is useful for trend identification, moving averages, channels, and trend following.",3,3,1,0,1,3 筆研究材料；3 個不同來源；1 筆高證據等級；書籍 0 筆；論文/文章 1 筆。,3 research materials; 3 distinct sources; 1 high-evidence records; 0 book records; 1 paper/article records.,normalized bilingual summary
66,jack-k-hutson,傑克・哈特森,Jack K. Hutson,United States,,indicator_creator,技術指標創作者,Indicator creator,TRIX（創始者）；動量（三重平滑動量）,Triple Exponential Average (creator); Momentum (triple-smoothed momentum),動量、超買超賣、背離與趨勢強弱,"momentum, overbought/oversold conditions, divergence, and trend strength",原文題名：Good TRIX（1980）；參考來源：https://chartschool.stockcharts.com/table-of-contents/technical-indicators-and-overlays/technical-indicators/trix,Good TRIX (1980); Reference source: https://chartschool.stockcharts.com/table-of-contents/technical-indicators-and-overlays/technical-indicators/trix,TRIX 創作者，將三重 EMA 平滑後的變化率用於趨勢/動量訊號。,"Jack K. Hutson (傑克・哈特森) is classified as a Indicator creator. The research/contribution focus is Triple Exponential Average (creator); Momentum (triple-smoothed momentum). Representative materials include Good TRIX (1980); Reference source: https://chartschool.stockcharts.com/table-of-contents/technical-indicators-and-overlays/technical-indicators/trix. The work is useful for momentum, overbought/oversold conditions, divergence, and trend strength.",傑克・哈特森（Jack K. Hutson）定位為技術指標創作者。研究/貢獻重點集中在TRIX（創始者）；動量（三重平滑動量）。代表資料包括原文題名：Good TRIX（1980）；參考來源：https://chartschool.stockcharts.com/table-of-contents/technical-indicators-and-overlays/technical-indicators/trix。可用於動量、超買超賣、背離與趨勢強弱。,"Jack K. Hutson (傑克・哈特森) is classified as a Indicator creator. The research/contribution focus is Triple Exponential Average (creator); Momentum (triple-smoothed momentum). Representative materials include Good TRIX (1980); Reference source: https://chartschool.stockcharts.com/table-of-contents/technical-indicators-and-overlays/technical-indicators/trix. The work is useful for momentum, overbought/oversold conditions, divergence, and trend strength.",2,2,1,0,1,2 筆研究材料；2 個不同來源；1 筆高證據等級；書籍 0 筆；論文/文章 1 筆。,2 research materials; 2 distinct sources; 1 high-evidence records; 0 book records; 1 paper/article records.,normalized bilingual summary
67,gene-quong,金・匡,Gene Quong,United States,,indicator_creator,技術指標創作者,Indicator creator,MFI 資金流量指標（共同創始者）；成交量分析（量價動量）,Money Flow Index (co-creator); Volume Analysis (price-volume momentum),量價關係、資金流與供需分析,"price-volume relationships, money flow, and supply/demand",原文題名：Money Flow Index（1989）；參考來源：https://help.stockstrader.com/en/support/solutions/articles/33000210228-money-flow-index-mfi-；參考來源：https://library.tradingtechnologies.com/trade/chrt-ti-money-flow-index.html；參考來源：https://www.tradingview.com/support/solutions/43000502348-money-flow-mfi/,Money Flow Index (1989); Reference source: https://help.stockstrader.com/en/support/solutions/articles/33000210228-money-flow-index-mfi-; Reference source: https://library.tradingtechnologies.com/trade/chrt-ti-money-flow-index.html; Reference source: https://www.tradingview.com/support/solutions/43000502348-money-flow-mfi/,Money Flow Index 共同創作者，將成交量整合進 RSI 類動量分析。,"Gene Quong (金・匡) is classified as a Indicator creator. The research/contribution focus is Money Flow Index (co-creator); Volume Analysis (price-volume momentum). Representative materials include Money Flow Index (1989); Reference source: https://help.stockstrader.com/en/support/solutions/articles/33000210228-money-flow-index-mfi-; Reference source: https://library.tradingtechnologies.com/trade/chrt-ti-money-flow-index.html; Reference source: https://www.tradingview.com/support/solutions/43000502348-money-flow-mfi/. The work is useful for price-volume relationships, money flow, and supply/demand.",金・匡（Gene Quong）定位為技術指標創作者。研究/貢獻重點集中在MFI 資金流量指標（共同創始者）；成交量分析（量價動量）。代表資料包括原文題名：Money Flow Index（1989）；參考來源：https://help.stockstrader.com/en/support/solutions/articles/33000210228-money-flow-index-mfi-；參考來源：https://library.tradingtechnologies.com/trade/chrt-ti-money-flow-index.html；參考來源：https://www.tradingview.com/support/solutions/43000502348-money-flow-mfi/。可用於量價關係、資金流與供需分析。,"Gene Quong (金・匡) is classified as a Indicator creator. The research/contribution focus is Money Flow Index (co-creator); Volume Analysis (price-volume momentum). Representative materials include Money Flow Index (1989); Reference source: https://help.stockstrader.com/en/support/solutions/articles/33000210228-money-flow-index-mfi-; Reference source: https://library.tradingtechnologies.com/trade/chrt-ti-money-flow-index.html; Reference source: https://www.tradingview.com/support/solutions/43000502348-money-flow-mfi/. The work is useful for price-volume relationships, money flow, and supply/demand.",4,3,0,0,0,4 筆研究材料；3 個不同來源；0 筆高證據等級；書籍 0 筆；論文/文章 0 筆。,4 research materials; 3 distinct sources; 0 high-evidence records; 0 book records; 0 paper/article records.,normalized bilingual summary
68,avrum-soudack,阿夫魯姆・蘇達克,Avrum Soudack,United States,,indicator_creator,技術指標創作者,Indicator creator,MFI 資金流量指標（共同創始者）；成交量分析（量價動量）,Money Flow Index (co-creator); Volume Analysis (price-volume momentum),量價關係、資金流與供需分析,"price-volume relationships, money flow, and supply/demand",原文題名：Money Flow Index（1989）；參考來源：https://help.stockstrader.com/en/support/solutions/articles/33000210228-money-flow-index-mfi-；參考來源：https://library.tradingtechnologies.com/trade/chrt-ti-money-flow-index.html；參考來源：https://www.tradingview.com/support/solutions/43000502348-money-flow-mfi/,Money Flow Index (1989); Reference source: https://help.stockstrader.com/en/support/solutions/articles/33000210228-money-flow-index-mfi-; Reference source: https://library.tradingtechnologies.com/trade/chrt-ti-money-flow-index.html; Reference source: https://www.tradingview.com/support/solutions/43000502348-money-flow-mfi/,Money Flow Index 共同創作者，MFI 也常被稱為加入成交量的 RSI。,"Avrum Soudack (阿夫魯姆・蘇達克) is classified as a Indicator creator. The research/contribution focus is Money Flow Index (co-creator); Volume Analysis (price-volume momentum). Representative materials include Money Flow Index (1989); Reference source: https://help.stockstrader.com/en/support/solutions/articles/33000210228-money-flow-index-mfi-; Reference source: https://library.tradingtechnologies.com/trade/chrt-ti-money-flow-index.html; Reference source: https://www.tradingview.com/support/solutions/43000502348-money-flow-mfi/. The work is useful for price-volume relationships, money flow, and supply/demand.",阿夫魯姆・蘇達克（Avrum Soudack）定位為技術指標創作者。研究/貢獻重點集中在MFI 資金流量指標（共同創始者）；成交量分析（量價動量）。代表資料包括原文題名：Money Flow Index（1989）；參考來源：https://help.stockstrader.com/en/support/solutions/articles/33000210228-money-flow-index-mfi-；參考來源：https://library.tradingtechnologies.com/trade/chrt-ti-money-flow-index.html；參考來源：https://www.tradingview.com/support/solutions/43000502348-money-flow-mfi/。可用於量價關係、資金流與供需分析。,"Avrum Soudack (阿夫魯姆・蘇達克) is classified as a Indicator creator. The research/contribution focus is Money Flow Index (co-creator); Volume Analysis (price-volume momentum). Representative materials include Money Flow Index (1989); Reference source: https://help.stockstrader.com/en/support/solutions/articles/33000210228-money-flow-index-mfi-; Reference source: https://library.tradingtechnologies.com/trade/chrt-ti-money-flow-index.html; Reference source: https://www.tradingview.com/support/solutions/43000502348-money-flow-mfi/. The work is useful for price-volume relationships, money flow, and supply/demand.",4,3,0,0,0,4 筆研究材料；3 個不同來源；0 筆高證據等級；書籍 0 筆；論文/文章 0 筆。,4 research materials; 3 distinct sources; 0 high-evidence records; 0 book records; 0 paper/article records.,normalized bilingual summary
69,peter-g-martin,彼得・馬丁,Peter G. Martin,United States,,indicator_creator,技術指標創作者,Indicator creator,Ulcer Index（共同創始者）；風險 / 回撤（下行風險）,Ulcer Index (co-creator); Risk / Drawdown (downside risk),回撤、下行風險與資金管理,"drawdown, downside risk, and money management",《富達基金投資指南》（1989）；參考來源：https://chartschool.stockcharts.com/table-of-contents/technical-indicators-and-overlays/technical-indicators/ulcer-index,The Investor's Guide to Fidelity Funds (1989); Reference source: https://chartschool.stockcharts.com/table-of-contents/technical-indicators-and-overlays/technical-indicators/ulcer-index,Ulcer Index 共同創作者，用於衡量下行風險與回撤痛苦程度。,"Peter G. Martin (彼得・馬丁) is classified as a Indicator creator. The research/contribution focus is Ulcer Index (co-creator); Risk / Drawdown (downside risk). Representative materials include The Investor's Guide to Fidelity Funds (1989); Reference source: https://chartschool.stockcharts.com/table-of-contents/technical-indicators-and-overlays/technical-indicators/ulcer-index. The work is useful for drawdown, downside risk, and money management.",彼得・馬丁（Peter G. Martin）定位為技術指標創作者。研究/貢獻重點集中在Ulcer Index（共同創始者）；風險 / 回撤（下行風險）。代表資料包括《富達基金投資指南》（1989）；參考來源：https://chartschool.stockcharts.com/table-of-contents/technical-indicators-and-overlays/technical-indicators/ulcer-index。可用於回撤、下行風險與資金管理。,"Peter G. Martin (彼得・馬丁) is classified as a Indicator creator. The research/contribution focus is Ulcer Index (co-creator); Risk / Drawdown (downside risk). Representative materials include The Investor's Guide to Fidelity Funds (1989); Reference source: https://chartschool.stockcharts.com/table-of-contents/technical-indicators-and-overlays/technical-indicators/ulcer-index. The work is useful for drawdown, downside risk, and money management.",2,2,1,1,0,2 筆研究材料；2 個不同來源；1 筆高證據等級；書籍 1 筆；論文/文章 0 筆。,2 research materials; 2 distinct sources; 1 high-evidence records; 1 book records; 0 paper/article records.,normalized bilingual summary
70,byron-mccann,拜倫・麥肯,Byron McCann,United States,,indicator_creator,技術指標創作者,Indicator creator,Ulcer Index（共同創始者）；風險 / 回撤（下行風險）,Ulcer Index (co-creator); Risk / Drawdown (downside risk),回撤、下行風險與資金管理,"drawdown, downside risk, and money management",《富達基金投資指南》（1989）；參考來源：https://chartschool.stockcharts.com/table-of-contents/technical-indicators-and-overlays/technical-indicators/ulcer-index,The Investor's Guide to Fidelity Funds (1989); Reference source: https://chartschool.stockcharts.com/table-of-contents/technical-indicators-and-overlays/technical-indicators/ulcer-index,Ulcer Index 共同作者，適合放入技術分析風險/回撤指標分類。,"Byron McCann (拜倫・麥肯) is classified as a Indicator creator. The research/contribution focus is Ulcer Index (co-creator); Risk / Drawdown (downside risk). Representative materials include The Investor's Guide to Fidelity Funds (1989); Reference source: https://chartschool.stockcharts.com/table-of-contents/technical-indicators-and-overlays/technical-indicators/ulcer-index. The work is useful for drawdown, downside risk, and money management.",拜倫・麥肯（Byron McCann）定位為技術指標創作者。研究/貢獻重點集中在Ulcer Index（共同創始者）；風險 / 回撤（下行風險）。代表資料包括《富達基金投資指南》（1989）；參考來源：https://chartschool.stockcharts.com/table-of-contents/technical-indicators-and-overlays/technical-indicators/ulcer-index。可用於回撤、下行風險與資金管理。,"Byron McCann (拜倫・麥肯) is classified as a Indicator creator. The research/contribution focus is Ulcer Index (co-creator); Risk / Drawdown (downside risk). Representative materials include The Investor's Guide to Fidelity Funds (1989); Reference source: https://chartschool.stockcharts.com/table-of-contents/technical-indicators-and-overlays/technical-indicators/ulcer-index. The work is useful for drawdown, downside risk, and money management.",2,2,1,1,0,2 筆研究材料；2 個不同來源；1 筆高證據等級；書籍 1 筆；論文/文章 0 筆。,2 research materials; 2 distinct sources; 1 high-evidence records; 1 book records; 0 paper/article records.,normalized bilingual summary
71,etienne-botes,艾蒂安・博特斯,Etienne Botes,South Africa,,indicator_creator,技術指標創作者,Indicator creator,Vortex 指標（共同創始者）；趨勢跟隨（趨勢反轉）,Vortex Indicator (co-creator); Trend Following (trend reversal),趨勢辨識、均線、通道與趨勢跟隨,"trend identification, moving averages, channels, and trend following",《Vortex 指標》（2010）；參考來源：https://traders.com/documentation/feedbk_docs/2010/01/Botes.html；參考來源：https://www.investopedia.com/terms/v/vortex-indicator-vi.asp,The Vortex Indicator (2010); Reference source: https://traders.com/documentation/feedbk_docs/2010/01/Botes.html; Reference source: https://www.investopedia.com/terms/v/vortex-indicator-vi.asp,Vortex Indicator 共同創作者，該指標受 Wilder DMI 啟發，用於趨勢轉折與確認。,"Etienne Botes (艾蒂安・博特斯) is classified as a Indicator creator. The research/contribution focus is Vortex Indicator (co-creator); Trend Following (trend reversal). Representative materials include The Vortex Indicator (2010); Reference source: https://traders.com/documentation/feedbk_docs/2010/01/Botes.html; Reference source: https://www.investopedia.com/terms/v/vortex-indicator-vi.asp. The work is useful for trend identification, moving averages, channels, and trend following.",艾蒂安・博特斯（Etienne Botes）定位為技術指標創作者。研究/貢獻重點集中在Vortex 指標（共同創始者）；趨勢跟隨（趨勢反轉）。代表資料包括《Vortex 指標》（2010）；參考來源：https://traders.com/documentation/feedbk_docs/2010/01/Botes.html；參考來源：https://www.investopedia.com/terms/v/vortex-indicator-vi.asp。可用於趨勢辨識、均線、通道與趨勢跟隨。,"Etienne Botes (艾蒂安・博特斯) is classified as a Indicator creator. The research/contribution focus is Vortex Indicator (co-creator); Trend Following (trend reversal). Representative materials include The Vortex Indicator (2010); Reference source: https://traders.com/documentation/feedbk_docs/2010/01/Botes.html; Reference source: https://www.investopedia.com/terms/v/vortex-indicator-vi.asp. The work is useful for trend identification, moving averages, channels, and trend following.",3,3,1,0,1,3 筆研究材料；3 個不同來源；1 筆高證據等級；書籍 0 筆；論文/文章 1 筆。,3 research materials; 3 distinct sources; 1 high-evidence records; 0 book records; 1 paper/article records.,normalized bilingual summary
72,douglas-siepman,道格拉斯・西普曼,Douglas Siepman,South Africa,,indicator_creator,技術指標創作者,Indicator creator,Vortex 指標（共同創始者）；趨勢跟隨（趨勢反轉）,Vortex Indicator (co-creator); Trend Following (trend reversal),趨勢辨識、均線、通道與趨勢跟隨,"trend identification, moving averages, channels, and trend following",《Vortex 指標》（2010）；參考來源：https://traders.com/documentation/feedbk_docs/2010/01/Botes.html；參考來源：https://www.investopedia.com/terms/v/vortex-indicator-vi.asp,The Vortex Indicator (2010); Reference source: https://traders.com/documentation/feedbk_docs/2010/01/Botes.html; Reference source: https://www.investopedia.com/terms/v/vortex-indicator-vi.asp,Vortex Indicator 共同創作者，適合歸檔於 DMI 類趨勢與方向變化指標。,"Douglas Siepman (道格拉斯・西普曼) is classified as a Indicator creator. The research/contribution focus is Vortex Indicator (co-creator); Trend Following (trend reversal). Representative materials include The Vortex Indicator (2010); Reference source: https://traders.com/documentation/feedbk_docs/2010/01/Botes.html; Reference source: https://www.investopedia.com/terms/v/vortex-indicator-vi.asp. The work is useful for trend identification, moving averages, channels, and trend following.",道格拉斯・西普曼（Douglas Siepman）定位為技術指標創作者。研究/貢獻重點集中在Vortex 指標（共同創始者）；趨勢跟隨（趨勢反轉）。代表資料包括《Vortex 指標》（2010）；參考來源：https://traders.com/documentation/feedbk_docs/2010/01/Botes.html；參考來源：https://www.investopedia.com/terms/v/vortex-indicator-vi.asp。可用於趨勢辨識、均線、通道與趨勢跟隨。,"Douglas Siepman (道格拉斯・西普曼) is classified as a Indicator creator. The research/contribution focus is Vortex Indicator (co-creator); Trend Following (trend reversal). Representative materials include The Vortex Indicator (2010); Reference source: https://traders.com/documentation/feedbk_docs/2010/01/Botes.html; Reference source: https://www.investopedia.com/terms/v/vortex-indicator-vi.asp. The work is useful for trend identification, moving averages, channels, and trend following.",3,3,1,0,1,3 筆研究材料；3 個不同來源；1 筆高證據等級；書籍 0 筆；論文/文章 1 筆。,3 research materials; 3 distinct sources; 1 high-evidence records; 0 book records; 1 paper/article records.,normalized bilingual summary
73,olivier-seban,奧利維耶・塞班,Olivier Seban,France,,indicator_creator,技術指標創作者,Indicator creator,SuperTrend（創始者）；ATR 平均真實波幅（ATR 通道應用）；趨勢跟隨（趨勢跟隨）,SuperTrend (creator); Average True Range (ATR channel application); Trend Following (trend following),趨勢辨識、均線、通道與趨勢跟隨；波動率、通道寬度與風險環境,"trend identification, moving averages, channels, and trend following; volatility, channel width, and risk regimes",原文題名：SuperTrend（2009）；參考來源：https://www.investopedia.com/supertrend-indicator-7976167；參考來源：https://www.tradingview.com/support/solutions/43000634738-supertrend/,SuperTrend (2009); Reference source: https://www.investopedia.com/supertrend-indicator-7976167; Reference source: https://www.tradingview.com/support/solutions/43000634738-supertrend/,SuperTrend 創作者，該指標以 ATR 與倍數形成趨勢方向線，在交易平台中非常常見。,"Olivier Seban (奧利維耶・塞班) is classified as a Indicator creator. The research/contribution focus is SuperTrend (creator); Average True Range (ATR channel application); Trend Following (trend following). Representative materials include SuperTrend (2009); Reference source: https://www.investopedia.com/supertrend-indicator-7976167; Reference source: https://www.tradingview.com/support/solutions/43000634738-supertrend/. The work is useful for trend identification, moving averages, channels, and trend following; volatility, channel width, and risk regimes.",奧利維耶・塞班（Olivier Seban）定位為技術指標創作者。研究/貢獻重點集中在SuperTrend（創始者）；ATR 平均真實波幅（ATR 通道應用）；趨勢跟隨（趨勢跟隨）。代表資料包括原文題名：SuperTrend（2009）；參考來源：https://www.investopedia.com/supertrend-indicator-7976167；參考來源：https://www.tradingview.com/support/solutions/43000634738-supertrend/。可用於趨勢辨識、均線、通道與趨勢跟隨；波動率、通道寬度與風險環境。,"Olivier Seban (奧利維耶・塞班) is classified as a Indicator creator. The research/contribution focus is SuperTrend (creator); Average True Range (ATR channel application); Trend Following (trend following). Representative materials include SuperTrend (2009); Reference source: https://www.investopedia.com/supertrend-indicator-7976167; Reference source: https://www.tradingview.com/support/solutions/43000634738-supertrend/. The work is useful for trend identification, moving averages, channels, and trend following; volatility, channel width, and risk regimes.",3,2,0,0,0,3 筆研究材料；2 個不同來源；0 筆高證據等級；書籍 0 筆；論文/文章 0 筆。,3 research materials; 2 distinct sources; 0 high-evidence records; 0 book records; 0 paper/article records.,normalized bilingual summary
74,hank-pruden,漢克・普魯登,Hank Pruden,United States,1936-2018,educator,技術分析教育者,Technical-analysis educator,威科夫方法（教育者）；成交量分析（供需/量價）；交易系統（三大交易技能）,Wyckoff Method (educator); Volume Analysis (supply/demand and price-volume work); Trading Systems (three trading skills),量價關係、資金流與供需分析；系統交易、規則設計與回測流程,"price-volume relationships, money flow, and supply/demand; systematic trading, rule design, and backtesting",《頂尖交易的三項技能》（2007）；參考來源：https://chartschool.stockcharts.com/table-of-contents/market-analysis/wyckoff-analysis-articles/the-wyckoff-method-a-tutorial；參考來源：https://www.wyckoffanalytics.com/hank-pruden/,The Three Skills of Top Trading (2007); Reference source: https://chartschool.stockcharts.com/table-of-contents/market-analysis/wyckoff-analysis-articles/the-wyckoff-method-a-tutorial; Reference source: https://www.wyckoffanalytics.com/hank-pruden/,將 Wyckoff 方法帶入學術與 CMT 教育脈絡，適合威科夫方法專家分類。,"Hank Pruden (漢克・普魯登) is classified as a Technical-analysis educator. The research/contribution focus is Wyckoff Method (educator); Volume Analysis (supply/demand and price-volume work); Trading Systems (three trading skills). Representative materials include The Three Skills of Top Trading (2007); Reference source: https://chartschool.stockcharts.com/table-of-contents/market-analysis/wyckoff-analysis-articles/the-wyckoff-method-a-tutorial; Reference source: https://www.wyckoffanalytics.com/hank-pruden/. The work is useful for price-volume relationships, money flow, and supply/demand; systematic trading, rule design, and backtesting.",漢克・普魯登（Hank Pruden）定位為技術分析教育者。研究/貢獻重點集中在威科夫方法（教育者）；成交量分析（供需/量價）；交易系統（三大交易技能）。代表資料包括《頂尖交易的三項技能》（2007）；參考來源：https://chartschool.stockcharts.com/table-of-contents/market-analysis/wyckoff-analysis-articles/the-wyckoff-method-a-tutorial；參考來源：https://www.wyckoffanalytics.com/hank-pruden/。可用於量價關係、資金流與供需分析；系統交易、規則設計與回測流程。,"Hank Pruden (漢克・普魯登) is classified as a Technical-analysis educator. The research/contribution focus is Wyckoff Method (educator); Volume Analysis (supply/demand and price-volume work); Trading Systems (three trading skills). Representative materials include The Three Skills of Top Trading (2007); Reference source: https://chartschool.stockcharts.com/table-of-contents/market-analysis/wyckoff-analysis-articles/the-wyckoff-method-a-tutorial; Reference source: https://www.wyckoffanalytics.com/hank-pruden/. The work is useful for price-volume relationships, money flow, and supply/demand; systematic trading, rule design, and backtesting.",3,3,1,1,0,3 筆研究材料；3 個不同來源；1 筆高證據等級；書籍 1 筆；論文/文章 0 筆。,3 research materials; 3 distinct sources; 1 high-evidence records; 1 book records; 0 paper/article records.,normalized bilingual summary
75,david-weis,大衛・韋斯,David Weis,United States,1942-2020,educator,技術分析教育者,Technical-analysis educator,威科夫方法（現代改編者）；成交量分析（Weis Wave）；價格行為（價格量能）,Wyckoff Method (modern adapter); Volume Analysis (Weis Wave); Price Action (price and volume action),量價關係、資金流與供需分析；圖表型態、價格結構與支撐阻力,"price-volume relationships, money flow, and supply/demand; chart patterns, price structure, and support/resistance",《即將發生的交易》（2013）；參考來源：https://books.google.com/books/about/Trades_About_to_Happen.html?id=IPw1CgAAQBAJ；參考來源：https://www.wyckoffanalytics.com/david-weis/,Trades About to Happen (2013); Reference source: https://books.google.com/books/about/Trades_About_to_Happen.html?id=IPw1CgAAQBAJ; Reference source: https://www.wyckoffanalytics.com/david-weis/,把 Wyckoff 原理改編為現代量價與 Weis Wave 工具，是威科夫實戰資料的重要人物。,"David Weis (大衛・韋斯) is classified as a Technical-analysis educator. The research/contribution focus is Wyckoff Method (modern adapter); Volume Analysis (Weis Wave); Price Action (price and volume action). Representative materials include Trades About to Happen (2013); Reference source: https://books.google.com/books/about/Trades_About_to_Happen.html?id=IPw1CgAAQBAJ; Reference source: https://www.wyckoffanalytics.com/david-weis/. The work is useful for price-volume relationships, money flow, and supply/demand; chart patterns, price structure, and support/resistance.",大衛・韋斯（David Weis）定位為技術分析教育者。研究/貢獻重點集中在威科夫方法（現代改編者）；成交量分析（Weis Wave）；價格行為（價格量能）。代表資料包括《即將發生的交易》（2013）；參考來源：https://books.google.com/books/about/Trades_About_to_Happen.html?id=IPw1CgAAQBAJ；參考來源：https://www.wyckoffanalytics.com/david-weis/。可用於量價關係、資金流與供需分析；圖表型態、價格結構與支撐阻力。,"David Weis (大衛・韋斯) is classified as a Technical-analysis educator. The research/contribution focus is Wyckoff Method (modern adapter); Volume Analysis (Weis Wave); Price Action (price and volume action). Representative materials include Trades About to Happen (2013); Reference source: https://books.google.com/books/about/Trades_About_to_Happen.html?id=IPw1CgAAQBAJ; Reference source: https://www.wyckoffanalytics.com/david-weis/. The work is useful for price-volume relationships, money flow, and supply/demand; chart patterns, price structure, and support/resistance.",3,2,1,1,0,3 筆研究材料；2 個不同來源；1 筆高證據等級；書籍 1 筆；論文/文章 0 筆。,3 research materials; 2 distinct sources; 1 high-evidence records; 1 book records; 0 paper/article records.,normalized bilingual summary
76,tom-williams,湯姆・威廉斯,Tom Williams,United Kingdom,1929-2016,indicator_specialist,指標專題專家,Indicator specialist,VSA 量價差分析（創始/推廣者）；威科夫方法（威科夫衍生）；成交量分析（量價差）,Volume Spread Analysis (creator/promoter); Wyckoff Method (Wyckoff-derived method); Volume Analysis (volume-spread analysis),量價關係、資金流與供需分析,"price-volume relationships, money flow, and supply/demand",《掌握市場》（1993）；參考來源：https://www.acmetrades.com/tom-williams；參考來源：https://www.tradeguider.com/resource_center1.asp,Master the Markets (1993); Reference source: https://www.acmetrades.com/tom-williams; Reference source: https://www.tradeguider.com/resource_center1.asp,Volume Spread Analysis 代表人物，將 Wyckoff 供需觀念整理為 VSA 量價差分析。,"Tom Williams (湯姆・威廉斯) is classified as a Indicator specialist. The research/contribution focus is Volume Spread Analysis (creator/promoter); Wyckoff Method (Wyckoff-derived method); Volume Analysis (volume-spread analysis). Representative materials include Master the Markets (1993); Reference source: https://www.acmetrades.com/tom-williams; Reference source: https://www.tradeguider.com/resource_center1.asp. The work is useful for price-volume relationships, money flow, and supply/demand.",湯姆・威廉斯（Tom Williams）定位為指標專題專家。研究/貢獻重點集中在VSA 量價差分析（創始/推廣者）；威科夫方法（威科夫衍生）；成交量分析（量價差）。代表資料包括《掌握市場》（1993）；參考來源：https://www.acmetrades.com/tom-williams；參考來源：https://www.tradeguider.com/resource_center1.asp。可用於量價關係、資金流與供需分析。,"Tom Williams (湯姆・威廉斯) is classified as a Indicator specialist. The research/contribution focus is Volume Spread Analysis (creator/promoter); Wyckoff Method (Wyckoff-derived method); Volume Analysis (volume-spread analysis). Representative materials include Master the Markets (1993); Reference source: https://www.acmetrades.com/tom-williams; Reference source: https://www.tradeguider.com/resource_center1.asp. The work is useful for price-volume relationships, money flow, and supply/demand.",3,3,1,1,0,3 筆研究材料；3 個不同來源；1 筆高證據等級；書籍 1 筆；論文/文章 0 筆。,3 research materials; 3 distinct sources; 1 high-evidence records; 1 book records; 0 paper/article records.,normalized bilingual summary
77,a-w-cohen,A・W・科恩,A. W. Cohen,United States,,charting_specialist,圖表方法專家,Charting specialist,點數圖（3-box reversal 推廣者）；市場寬度（Bullish Percent）,Point and Figure (3-box reversal promoter); Market Breadth (Bullish Percent),圖表型態、價格結構與支撐阻力；市場寬度、內部強弱與指數健康度判讀,"chart patterns, price structure, and support/resistance; market breadth, internal strength, and index health",《如何使用點數圖三點反轉法交易股票》（1947）；參考來源：https://books.google.com/books/about/How_to_Use_the_Three_point_Reversal_Meth.html?id=iMdEAAAAIAAJ；參考來源：https://chartschool.stockcharts.com/table-of-contents/chart-analysis/point-and-figure-charts/point-and-figure-basics/introduction-to-point-and-figure-charts；參考來源：https://openlibrary.org/works/OL174845W/How_to_use_the_three-point_reversal_method_of_point_figure_stock_market_trading,How to Use the Three-Point Reversal Method of Point & Figure Stock Market Trading (1947); Reference source: https://books.google.com/books/about/How_to_Use_the_Three_point_Reversal_Meth.html?id=iMdEAAAAIAAJ; Reference source: https://chartschool.stockcharts.com/table-of-contents/chart-analysis/point-and-figure-charts/point-and-figure-basics/introduction-to-point-and-figure-charts; Reference source: https://openlibrary.org/works/OL174845W/How_to_use_the_three-point_reversal_method_of_point_figure_stock_market_trading,被 StockCharts 介紹為經典 3-box reversal P&F 圖的代表人物之一。,"A. W. Cohen (A・W・科恩) is classified as a Charting specialist. The research/contribution focus is Point and Figure (3-box reversal promoter); Market Breadth (Bullish Percent). Representative materials include How to Use the Three-Point Reversal Method of Point & Figure Stock Market Trading (1947); Reference source: https://books.google.com/books/about/How_to_Use_the_Three_point_Reversal_Meth.html?id=iMdEAAAAIAAJ; Reference source: https://chartschool.stockcharts.com/table-of-contents/chart-analysis/point-and-figure-charts/point-and-figure-basics/introduction-to-point-and-figure-charts; Reference source: https://openlibrary.org/works/OL174845W/How_to_use_the_three-point_reversal_method_of_point_figure_stock_market_trading. The work is useful for chart patterns, price structure, and support/resistance; market breadth, internal strength, and index health.",A・W・科恩（A. W. Cohen）定位為圖表方法專家。研究/貢獻重點集中在點數圖（3-box reversal 推廣者）；市場寬度（Bullish Percent）。代表資料包括《如何使用點數圖三點反轉法交易股票》（1947）；參考來源：https://books.google.com/books/about/How_to_Use_the_Three_point_Reversal_Meth.html?id=iMdEAAAAIAAJ；參考來源：https://chartschool.stockcharts.com/table-of-contents/chart-analysis/point-and-figure-charts/point-and-figure-basics/introduction-to-point-and-figure-charts；參考來源：https://openlibrary.org/works/OL174845W/How_to_use_the_three-point_reversal_method_of_point_figure_stock_market_trading。可用於圖表型態、價格結構與支撐阻力；市場寬度、內部強弱與指數健康度判讀。,"A. W. Cohen (A・W・科恩) is classified as a Charting specialist. The research/contribution focus is Point and Figure (3-box reversal promoter); Market Breadth (Bullish Percent). Representative materials include How to Use the Three-Point Reversal Method of Point & Figure Stock Market Trading (1947); Reference source: https://books.google.com/books/about/How_to_Use_the_Three_point_Reversal_Meth.html?id=iMdEAAAAIAAJ; Reference source: https://chartschool.stockcharts.com/table-of-contents/chart-analysis/point-and-figure-charts/point-and-figure-basics/introduction-to-point-and-figure-charts; Reference source: https://openlibrary.org/works/OL174845W/How_to_use_the_three-point_reversal_method_of_point_figure_stock_market_trading. The work is useful for chart patterns, price structure, and support/resistance; market breadth, internal strength, and index health.",4,3,0,1,0,4 筆研究材料；3 個不同來源；0 筆高證據等級；書籍 1 筆；論文/文章 0 筆。,4 research materials; 3 distinct sources; 0 high-evidence records; 1 book records; 0 paper/article records.,normalized bilingual summary
78,thomas-j-dorsey,湯瑪斯・多爾西,Thomas J. Dorsey,United States,,charting_specialist,圖表方法專家,Charting specialist,點數圖（現代推廣者）；相對強弱 / 強勢股篩選（P&F 相對強弱）,Point and Figure (modern promoter); Relative Strength (P&F relative strength),圖表型態、價格結構與支撐阻力；股票選股、相對強弱與成長股篩選,"chart patterns, price structure, and support/resistance; stock selection, relative strength, and growth-stock screening",《點數圖分析》（1995）；參考來源：https://oxlive.dorseywright.com/university/faq.html；參考來源：https://www.investopedia.com/terms/p/pointandfigurechart.asp,Point & Figure Charting (1995); Reference source: https://oxlive.dorseywright.com/university/faq.html; Reference source: https://www.investopedia.com/terms/p/pointandfigurechart.asp,現代 Point & Figure 教育與相對強弱分析代表人物，Nasdaq Dorsey Wright 方法與其相關。,"Thomas J. Dorsey (湯瑪斯・多爾西) is classified as a Charting specialist. The research/contribution focus is Point and Figure (modern promoter); Relative Strength (P&F relative strength). Representative materials include Point & Figure Charting (1995); Reference source: https://oxlive.dorseywright.com/university/faq.html; Reference source: https://www.investopedia.com/terms/p/pointandfigurechart.asp. The work is useful for chart patterns, price structure, and support/resistance; stock selection, relative strength, and growth-stock screening.",湯瑪斯・多爾西（Thomas J. Dorsey）定位為圖表方法專家。研究/貢獻重點集中在點數圖（現代推廣者）；相對強弱 / 強勢股篩選（P&F 相對強弱）。代表資料包括《點數圖分析》（1995）；參考來源：https://oxlive.dorseywright.com/university/faq.html；參考來源：https://www.investopedia.com/terms/p/pointandfigurechart.asp。可用於圖表型態、價格結構與支撐阻力；股票選股、相對強弱與成長股篩選。,"Thomas J. Dorsey (湯瑪斯・多爾西) is classified as a Charting specialist. The research/contribution focus is Point and Figure (modern promoter); Relative Strength (P&F relative strength). Representative materials include Point & Figure Charting (1995); Reference source: https://oxlive.dorseywright.com/university/faq.html; Reference source: https://www.investopedia.com/terms/p/pointandfigurechart.asp. The work is useful for chart patterns, price structure, and support/resistance; stock selection, relative strength, and growth-stock screening.",3,3,1,1,0,3 筆研究材料；3 個不同來源；1 筆高證據等級；書籍 1 筆；論文/文章 0 筆。,3 research materials; 3 distinct sources; 1 high-evidence records; 1 book records; 0 paper/article records.,normalized bilingual summary
79,jeremy-du-plessis,傑瑞米・杜普萊西斯,Jeremy du Plessis,South Africa / United Kingdom,,charting_specialist,圖表方法專家,Charting specialist,點數圖（現代教材作者）；布林通道（P&F 結合指標）；RSI 相對強弱指數（P&F 結合指標）,Point and Figure (modern textbook author); Bollinger Bands (P&F-integrated indicator work); Relative Strength Index (P&F-integrated indicator work),圖表型態、價格結構與支撐阻力；波動率、通道寬度與風險環境；動量、超買超賣、背離與趨勢強弱,"chart patterns, price structure, and support/resistance; volatility, channel width, and risk regimes; momentum, overbought/oversold conditions, divergence, and trend strength",《點數圖權威指南》（2005）；《二十一世紀點數圖》（2015）；參考來源：https://harriman-house.com/authors/jeremy-du-plessis/21st-century-point-and-figure/9780857194428,The Definitive Guide to Point and Figure (2005); 21st Century Point and Figure (2015); Reference source: https://harriman-house.com/authors/jeremy-du-plessis/21st-century-point-and-figure/9780857194428,點數圖現代教材代表作者，尤其適合 P&F 與其他技術指標整合分類。,"Jeremy du Plessis (傑瑞米・杜普萊西斯) is classified as a Charting specialist. The research/contribution focus is Point and Figure (modern textbook author); Bollinger Bands (P&F-integrated indicator work); Relative Strength Index (P&F-integrated indicator work). Representative materials include The Definitive Guide to Point and Figure (2005); 21st Century Point and Figure (2015); Reference source: https://harriman-house.com/authors/jeremy-du-plessis/21st-century-point-and-figure/9780857194428. The work is useful for chart patterns, price structure, and support/resistance; volatility, channel width, and risk regimes; momentum, overbought/oversold conditions, divergence, and trend strength.",傑瑞米・杜普萊西斯（Jeremy du Plessis）定位為圖表方法專家。研究/貢獻重點集中在點數圖（現代教材作者）；布林通道（P&F 結合指標）；RSI 相對強弱指數（P&F 結合指標）。代表資料包括《點數圖權威指南》（2005）；《二十一世紀點數圖》（2015）；參考來源：https://harriman-house.com/authors/jeremy-du-plessis/21st-century-point-and-figure/9780857194428。可用於圖表型態、價格結構與支撐阻力；波動率、通道寬度與風險環境；動量、超買超賣、背離與趨勢強弱。,"Jeremy du Plessis (傑瑞米・杜普萊西斯) is classified as a Charting specialist. The research/contribution focus is Point and Figure (modern textbook author); Bollinger Bands (P&F-integrated indicator work); Relative Strength Index (P&F-integrated indicator work). Representative materials include The Definitive Guide to Point and Figure (2005); 21st Century Point and Figure (2015); Reference source: https://harriman-house.com/authors/jeremy-du-plessis/21st-century-point-and-figure/9780857194428. The work is useful for chart patterns, price structure, and support/resistance; volatility, channel width, and risk regimes; momentum, overbought/oversold conditions, divergence, and trend strength.",3,2,1,2,0,3 筆研究材料；2 個不同來源；1 筆高證據等級；書籍 2 筆；論文/文章 0 筆。,3 research materials; 2 distinct sources; 1 high-evidence records; 2 book records; 0 paper/article records.,normalized bilingual summary
80,j-peter-steidlmayer,彼得・史戴梅爾,J. Peter Steidlmayer,United States,,indicator_creator,技術指標創作者,Indicator creator,Market Profile（創始者）；成交量分析（價格時間分佈）；支撐阻力（價值區）,Market Profile (creator); Volume Analysis (time-price distribution); Support and Resistance (value area),拍賣市場結構、價值區與成交分佈判讀；量價關係、資金流與供需分析；圖表型態、價格結構與支撐阻力,"auction-market structure, value areas, and distribution analysis; price-volume relationships, money flow, and supply/demand; chart patterns, price structure, and support/resistance",《市場與市場邏輯》（1986）；《史戴梅爾談市場》（1989）；參考來源：https://www.profiletrading.com/about/,Markets and Market Logic (1986); Steidlmayer on Markets (1989); Reference source: https://www.profiletrading.com/about/,Market Profile 創始者，把拍賣市場、時間價格機會與價值區概念帶入交易分析。,"J. Peter Steidlmayer (彼得・史戴梅爾) is classified as a Indicator creator. The research/contribution focus is Market Profile (creator); Volume Analysis (time-price distribution); Support and Resistance (value area). Representative materials include Markets and Market Logic (1986); Steidlmayer on Markets (1989); Reference source: https://www.profiletrading.com/about/. The work is useful for auction-market structure, value areas, and distribution analysis; price-volume relationships, money flow, and supply/demand; chart patterns, price structure, and support/resistance.",彼得・史戴梅爾（J. Peter Steidlmayer）定位為技術指標創作者。研究/貢獻重點集中在Market Profile（創始者）；成交量分析（價格時間分佈）；支撐阻力（價值區）。代表資料包括《市場與市場邏輯》（1986）；《史戴梅爾談市場》（1989）；參考來源：https://www.profiletrading.com/about/。可用於拍賣市場結構、價值區與成交分佈判讀；量價關係、資金流與供需分析；圖表型態、價格結構與支撐阻力。,"J. Peter Steidlmayer (彼得・史戴梅爾) is classified as a Indicator creator. The research/contribution focus is Market Profile (creator); Volume Analysis (time-price distribution); Support and Resistance (value area). Representative materials include Markets and Market Logic (1986); Steidlmayer on Markets (1989); Reference source: https://www.profiletrading.com/about/. The work is useful for auction-market structure, value areas, and distribution analysis; price-volume relationships, money flow, and supply/demand; chart patterns, price structure, and support/resistance.",3,2,1,2,0,3 筆研究材料；2 個不同來源；1 筆高證據等級；書籍 2 筆；論文/文章 0 筆。,3 research materials; 2 distinct sources; 1 high-evidence records; 2 book records; 0 paper/article records.,normalized bilingual summary
81,james-f-dalton,詹姆斯・道爾頓,James F. Dalton,United States,,author_practitioner,作者兼實戰交易者,Author-practitioner,Market Profile（推廣者/作者）；價格行為（拍賣市場邏輯）,Market Profile (promoter/author); Price Action (auction-market logic),拍賣市場結構、價值區與成交分佈判讀；圖表型態、價格結構與支撐阻力,"auction-market structure, value areas, and distribution analysis; chart patterns, price structure, and support/resistance",《市場之上》（1990）；《市場輪廓》（2007）；參考來源：https://jimdaltontrading.com/books/,Mind Over Markets (1990); Markets in Profile (2007); Reference source: https://jimdaltontrading.com/books/,Market Profile 主要教材作者之一，讓拍賣市場與市場結構方法更容易被交易者使用。,"James F. Dalton (詹姆斯・道爾頓) is classified as a Author-practitioner. The research/contribution focus is Market Profile (promoter/author); Price Action (auction-market logic). Representative materials include Mind Over Markets (1990); Markets in Profile (2007); Reference source: https://jimdaltontrading.com/books/. The work is useful for auction-market structure, value areas, and distribution analysis; chart patterns, price structure, and support/resistance.",詹姆斯・道爾頓（James F. Dalton）定位為作者兼實戰交易者。研究/貢獻重點集中在Market Profile（推廣者/作者）；價格行為（拍賣市場邏輯）。代表資料包括《市場之上》（1990）；《市場輪廓》（2007）；參考來源：https://jimdaltontrading.com/books/。可用於拍賣市場結構、價值區與成交分佈判讀；圖表型態、價格結構與支撐阻力。,"James F. Dalton (詹姆斯・道爾頓) is classified as a Author-practitioner. The research/contribution focus is Market Profile (promoter/author); Price Action (auction-market logic). Representative materials include Mind Over Markets (1990); Markets in Profile (2007); Reference source: https://jimdaltontrading.com/books/. The work is useful for auction-market structure, value areas, and distribution analysis; chart patterns, price structure, and support/resistance.",3,2,1,2,0,3 筆研究材料；2 個不同來源；1 筆高證據等級；書籍 2 筆；論文/文章 0 筆。,3 research materials; 2 distinct sources; 1 high-evidence records; 2 book records; 0 paper/article records.,normalized bilingual summary
82,mark-b-fisher,馬克・費雪,Mark B. Fisher,United States,,practitioner_author,實戰交易者兼作者,Practitioner-author,ACD 開盤區間法（創始者）；開盤區間突破（開盤區間）；支撐阻力（Pivot range）,ACD Method (creator); Opening Range Breakout (opening range); Support and Resistance (Pivot range),突破、波動擴張與開盤區間交易；圖表型態、價格結構與支撐阻力,"breakouts, volatility expansion, and opening-range trading; chart patterns, price structure, and support/resistance",《邏輯交易者》（2002）；參考來源：https://www.investopedia.com/articles/technical/04/032404.asp；參考來源：https://www.investopedia.com/articles/technical/04/040704.asp,The Logical Trader (2002); Reference source: https://www.investopedia.com/articles/technical/04/032404.asp; Reference source: https://www.investopedia.com/articles/technical/04/040704.asp,ACD 方法以開盤區間、A/C 點與 Pivot Range 判斷趨勢強弱，常見於短線/商品交易。,"Mark B. Fisher (馬克・費雪) is classified as a Practitioner-author. The research/contribution focus is ACD Method (creator); Opening Range Breakout (opening range); Support and Resistance (Pivot range). Representative materials include The Logical Trader (2002); Reference source: https://www.investopedia.com/articles/technical/04/032404.asp; Reference source: https://www.investopedia.com/articles/technical/04/040704.asp. The work is useful for breakouts, volatility expansion, and opening-range trading; chart patterns, price structure, and support/resistance.",馬克・費雪（Mark B. Fisher）定位為實戰交易者兼作者。研究/貢獻重點集中在ACD 開盤區間法（創始者）；開盤區間突破（開盤區間）；支撐阻力（Pivot range）。代表資料包括《邏輯交易者》（2002）；參考來源：https://www.investopedia.com/articles/technical/04/032404.asp；參考來源：https://www.investopedia.com/articles/technical/04/040704.asp。可用於突破、波動擴張與開盤區間交易；圖表型態、價格結構與支撐阻力。,"Mark B. Fisher (馬克・費雪) is classified as a Practitioner-author. The research/contribution focus is ACD Method (creator); Opening Range Breakout (opening range); Support and Resistance (Pivot range). Representative materials include The Logical Trader (2002); Reference source: https://www.investopedia.com/articles/technical/04/032404.asp; Reference source: https://www.investopedia.com/articles/technical/04/040704.asp. The work is useful for breakouts, volatility expansion, and opening-range trading; chart patterns, price structure, and support/resistance.",3,3,1,1,0,3 筆研究材料；3 個不同來源；1 筆高證據等級；書籍 1 筆；論文/文章 0 筆。,3 research materials; 3 distinct sources; 1 high-evidence records; 1 book records; 0 paper/article records.,normalized bilingual summary
83,toby-crabel,托比・克拉貝爾,Toby Crabel,United States,,practitioner_author,實戰交易者兼作者,Practitioner-author,開盤區間突破（代表作者）；價格行為（Narrow Range 型態）；波動率（波動擴張）,Opening Range Breakout (代表作者); Price Action (Narrow Range pattern); Volatility (volatility expansion),突破、波動擴張與開盤區間交易；圖表型態、價格結構與支撐阻力；波動率、通道寬度與風險環境,"breakouts, volatility expansion, and opening-range trading; chart patterns, price structure, and support/resistance; volatility, channel width, and risk regimes",《短線價格型態與開盤區間突破日內交易》（1990）；參考來源：https://oxfordstrat.com/trading-strategies/toby-crabel-narrow-range-1/,Day Trading with Short Term Price Patterns and Opening Range Breakout (1990); Reference source: https://oxfordstrat.com/trading-strategies/toby-crabel-narrow-range-1/,短線價格型態、Narrow Range 與 Opening Range Breakout 的重要作者。,"Toby Crabel (托比・克拉貝爾) is classified as a Practitioner-author. The research/contribution focus is Opening Range Breakout (代表作者); Price Action (Narrow Range pattern); Volatility (volatility expansion). Representative materials include Day Trading with Short Term Price Patterns and Opening Range Breakout (1990); Reference source: https://oxfordstrat.com/trading-strategies/toby-crabel-narrow-range-1/. The work is useful for breakouts, volatility expansion, and opening-range trading; chart patterns, price structure, and support/resistance; volatility, channel width, and risk regimes.",托比・克拉貝爾（Toby Crabel）定位為實戰交易者兼作者。研究/貢獻重點集中在開盤區間突破（代表作者）；價格行為（Narrow Range 型態）；波動率（波動擴張）。代表資料包括《短線價格型態與開盤區間突破日內交易》（1990）；參考來源：https://oxfordstrat.com/trading-strategies/toby-crabel-narrow-range-1/。可用於突破、波動擴張與開盤區間交易；圖表型態、價格結構與支撐阻力；波動率、通道寬度與風險環境。,"Toby Crabel (托比・克拉貝爾) is classified as a Practitioner-author. The research/contribution focus is Opening Range Breakout (代表作者); Price Action (Narrow Range pattern); Volatility (volatility expansion). Representative materials include Day Trading with Short Term Price Patterns and Opening Range Breakout (1990); Reference source: https://oxfordstrat.com/trading-strategies/toby-crabel-narrow-range-1/. The work is useful for breakouts, volatility expansion, and opening-range trading; chart patterns, price structure, and support/resistance; volatility, channel width, and risk regimes.",2,2,1,1,0,2 筆研究材料；2 個不同來源；1 筆高證據等級；書籍 1 筆；論文/文章 0 筆。,2 research materials; 2 distinct sources; 1 high-evidence records; 1 book records; 0 paper/article records.,normalized bilingual summary
84,victor-sperandeo,維克多・斯佩蘭迪奧,Victor Sperandeo,United States,1945-,practitioner_author,實戰交易者兼作者,Practitioner-author,價格行為（2B 型態）；趨勢跟隨（1-2-3 反轉）；支撐阻力（趨勢線）,Price Action (2B pattern); Trend Following (1-2-3 reversal); Support and Resistance (trendlines),圖表型態、價格結構與支撐阻力；趨勢辨識、均線、通道與趨勢跟隨,"chart patterns, price structure, and support/resistance; trend identification, moving averages, channels, and trend following",《Trader Vic：華爾街大師的方法》（1991）；參考來源：https://thepatternsite.com/2B.html,Trader Vic: Methods of a Wall Street Master (1991); Reference source: https://thepatternsite.com/2B.html,Trader Vic 2B 與 1-2-3 反轉方法常被技術交易者引用，用於趨勢失敗與反轉判斷。,"Victor Sperandeo (維克多・斯佩蘭迪奧) is classified as a Practitioner-author. The research/contribution focus is Price Action (2B pattern); Trend Following (1-2-3 reversal); Support and Resistance (trendlines). Representative materials include Trader Vic: Methods of a Wall Street Master (1991); Reference source: https://thepatternsite.com/2B.html. The work is useful for chart patterns, price structure, and support/resistance; trend identification, moving averages, channels, and trend following.",維克多・斯佩蘭迪奧（Victor Sperandeo）定位為實戰交易者兼作者。研究/貢獻重點集中在價格行為（2B 型態）；趨勢跟隨（1-2-3 反轉）；支撐阻力（趨勢線）。代表資料包括《Trader Vic：華爾街大師的方法》（1991）；參考來源：https://thepatternsite.com/2B.html。可用於圖表型態、價格結構與支撐阻力；趨勢辨識、均線、通道與趨勢跟隨。,"Victor Sperandeo (維克多・斯佩蘭迪奧) is classified as a Practitioner-author. The research/contribution focus is Price Action (2B pattern); Trend Following (1-2-3 reversal); Support and Resistance (trendlines). Representative materials include Trader Vic: Methods of a Wall Street Master (1991); Reference source: https://thepatternsite.com/2B.html. The work is useful for chart patterns, price structure, and support/resistance; trend identification, moving averages, channels, and trend following.",2,2,1,1,0,2 筆研究材料；2 個不同來源；1 筆高證據等級；書籍 1 筆；論文/文章 0 筆。,2 research materials; 2 distinct sources; 1 high-evidence records; 1 book records; 0 paper/article records.,normalized bilingual summary
85,robert-c-miner,羅伯特・邁納,Robert C. Miner,United States,,author_practitioner,作者兼實戰交易者,Author-practitioner,艾略特波浪（波浪/時間價格）；費波納契時間/價格（時間價格）；動量（多週期動量）,Elliott Wave (wave/time-price work); Fibonacci Time and Price (time and price analysis); Momentum (multi-timeframe momentum),波浪、分形結構與時間價格路徑；價格水平、通道、費波納契與支撐阻力；動量、超買超賣、背離與趨勢強弱,"waves, fractal structure, and time-price paths; price levels, channels, Fibonacci work, and support/resistance; momentum, overbought/oversold conditions, divergence, and trend strength",《動態交易》（1997）；參考來源：https://books.google.com/books/about/Dynamic_Trading.html?id=ymtaAAAAYAAJ；參考來源：https://dynamictraders.com/dt-books/；參考來源：https://www.amazon.com/Dynamic-Trading-Practical-Strategies-Investors/dp/093438083X,Dynamic Trading (1997); Reference source: https://books.google.com/books/about/Dynamic_Trading.html?id=ymtaAAAAYAAJ; Reference source: https://dynamictraders.com/dt-books/; Reference source: https://www.amazon.com/Dynamic-Trading-Practical-Strategies-Investors/dp/093438083X,Dynamic Trading 結合時間、價格、型態與動量，常被波浪與 Fibonacci 交易者引用。,"Robert C. Miner (羅伯特・邁納) is classified as a Author-practitioner. The research/contribution focus is Elliott Wave (wave/time-price work); Fibonacci Time and Price (time and price analysis); Momentum (multi-timeframe momentum). Representative materials include Dynamic Trading (1997); Reference source: https://books.google.com/books/about/Dynamic_Trading.html?id=ymtaAAAAYAAJ; Reference source: https://dynamictraders.com/dt-books/; Reference source: https://www.amazon.com/Dynamic-Trading-Practical-Strategies-Investors/dp/093438083X. The work is useful for waves, fractal structure, and time-price paths; price levels, channels, Fibonacci work, and support/resistance; momentum, overbought/oversold conditions, divergence, and trend strength.",羅伯特・邁納（Robert C. Miner）定位為作者兼實戰交易者。研究/貢獻重點集中在艾略特波浪（波浪/時間價格）；費波納契時間/價格（時間價格）；動量（多週期動量）。代表資料包括《動態交易》（1997）；參考來源：https://books.google.com/books/about/Dynamic_Trading.html?id=ymtaAAAAYAAJ；參考來源：https://dynamictraders.com/dt-books/；參考來源：https://www.amazon.com/Dynamic-Trading-Practical-Strategies-Investors/dp/093438083X。可用於波浪、分形結構與時間價格路徑；價格水平、通道、費波納契與支撐阻力；動量、超買超賣、背離與趨勢強弱。,"Robert C. Miner (羅伯特・邁納) is classified as a Author-practitioner. The research/contribution focus is Elliott Wave (wave/time-price work); Fibonacci Time and Price (time and price analysis); Momentum (multi-timeframe momentum). Representative materials include Dynamic Trading (1997); Reference source: https://books.google.com/books/about/Dynamic_Trading.html?id=ymtaAAAAYAAJ; Reference source: https://dynamictraders.com/dt-books/; Reference source: https://www.amazon.com/Dynamic-Trading-Practical-Strategies-Investors/dp/093438083X. The work is useful for waves, fractal structure, and time-price paths; price levels, channels, Fibonacci work, and support/resistance; momentum, overbought/oversold conditions, divergence, and trend strength.",4,3,0,1,0,4 筆研究材料；3 個不同來源；0 筆高證據等級；書籍 1 筆；論文/文章 0 筆。,4 research materials; 3 distinct sources; 0 high-evidence records; 1 book records; 0 paper/article records.,normalized bilingual summary
86,carolyn-boroden,卡洛琳・波羅登,Carolyn Boroden,United States,,indicator_specialist,指標專題專家,Indicator specialist,費波納契時間/價格（時間價格專家）；支撐阻力（價格叢集）；艾略特波浪（波浪/時間）,Fibonacci Time and Price (time-price specialist); Support and Resistance (price clusters); Elliott Wave (wave and timing work),價格水平、通道、費波納契與支撐阻力；圖表型態、價格結構與支撐阻力；波浪、分形結構與時間價格路徑,"price levels, channels, Fibonacci work, and support/resistance; chart patterns, price structure, and support/resistance; waves, fractal structure, and time-price paths",《費波納契交易》（2008）；參考來源：https://www.elliottwavetrader.net/analyst/Carolyn-Boroden；參考來源：https://www.moneyshow.com/expert/ote17731/carolyn-boroden/,Fibonacci Trading (2008); Reference source: https://www.elliottwavetrader.net/analyst/Carolyn-Boroden; Reference source: https://www.moneyshow.com/expert/ote17731/carolyn-boroden/,以 Fibonacci 時間與價格分析聞名，適合專屬歸檔於 Fibonacci 分析專家。,"Carolyn Boroden (卡洛琳・波羅登) is classified as a Indicator specialist. The research/contribution focus is Fibonacci Time and Price (time-price specialist); Support and Resistance (price clusters); Elliott Wave (wave and timing work). Representative materials include Fibonacci Trading (2008); Reference source: https://www.elliottwavetrader.net/analyst/Carolyn-Boroden; Reference source: https://www.moneyshow.com/expert/ote17731/carolyn-boroden/. The work is useful for price levels, channels, Fibonacci work, and support/resistance; chart patterns, price structure, and support/resistance; waves, fractal structure, and time-price paths.",卡洛琳・波羅登（Carolyn Boroden）定位為指標專題專家。研究/貢獻重點集中在費波納契時間/價格（時間價格專家）；支撐阻力（價格叢集）；艾略特波浪（波浪/時間）。代表資料包括《費波納契交易》（2008）；參考來源：https://www.elliottwavetrader.net/analyst/Carolyn-Boroden；參考來源：https://www.moneyshow.com/expert/ote17731/carolyn-boroden/。可用於價格水平、通道、費波納契與支撐阻力；圖表型態、價格結構與支撐阻力；波浪、分形結構與時間價格路徑。,"Carolyn Boroden (卡洛琳・波羅登) is classified as a Indicator specialist. The research/contribution focus is Fibonacci Time and Price (time-price specialist); Support and Resistance (price clusters); Elliott Wave (wave and timing work). Representative materials include Fibonacci Trading (2008); Reference source: https://www.elliottwavetrader.net/analyst/Carolyn-Boroden; Reference source: https://www.moneyshow.com/expert/ote17731/carolyn-boroden/. The work is useful for price levels, channels, Fibonacci work, and support/resistance; chart patterns, price structure, and support/resistance; waves, fractal structure, and time-price paths.",3,2,0,1,0,3 筆研究材料；2 個不同來源；0 筆高證據等級；書籍 1 筆；論文/文章 0 筆。,3 research materials; 2 distinct sources; 0 high-evidence records; 1 book records; 0 paper/article records.,normalized bilingual summary
87,joe-dinapoli,喬・迪納波利,Joe DiNapoli,United States,,indicator_specialist,指標專題專家,Indicator specialist,費波納契時間/價格（DiNapoli Levels）；支撐阻力（價格叢集）,Fibonacci Time and Price (DiNapoli Levels); Support and Resistance (price clusters),價格水平、通道、費波納契與支撐阻力；圖表型態、價格結構與支撐阻力,"price levels, channels, Fibonacci work, and support/resistance; chart patterns, price structure, and support/resistance",《DiNapoli 水平》（1998）；參考來源：https://www.amazon.com/DiNapoli-Levels-Practical-Application-Investment/dp/1891159046；參考來源：https://www.moneyshow.com/expert/2160spk/；參考來源：https://www.mql5.com/en/articles/3061,DiNapoli Levels (1998); Reference source: https://www.amazon.com/DiNapoli-Levels-Practical-Application-Investment/dp/1891159046; Reference source: https://www.moneyshow.com/expert/2160spk/; Reference source: https://www.mql5.com/en/articles/3061,DiNapoli Levels 是 Fibonacci 回撤/擴展的實戰化方法，常用於關鍵支撐阻力。,"Joe DiNapoli (喬・迪納波利) is classified as a Indicator specialist. The research/contribution focus is Fibonacci Time and Price (DiNapoli Levels); Support and Resistance (price clusters). Representative materials include DiNapoli Levels (1998); Reference source: https://www.amazon.com/DiNapoli-Levels-Practical-Application-Investment/dp/1891159046; Reference source: https://www.moneyshow.com/expert/2160spk/; Reference source: https://www.mql5.com/en/articles/3061. The work is useful for price levels, channels, Fibonacci work, and support/resistance; chart patterns, price structure, and support/resistance.",喬・迪納波利（Joe DiNapoli）定位為指標專題專家。研究/貢獻重點集中在費波納契時間/價格（DiNapoli Levels）；支撐阻力（價格叢集）。代表資料包括《DiNapoli 水平》（1998）；參考來源：https://www.amazon.com/DiNapoli-Levels-Practical-Application-Investment/dp/1891159046；參考來源：https://www.moneyshow.com/expert/2160spk/；參考來源：https://www.mql5.com/en/articles/3061。可用於價格水平、通道、費波納契與支撐阻力；圖表型態、價格結構與支撐阻力。,"Joe DiNapoli (喬・迪納波利) is classified as a Indicator specialist. The research/contribution focus is Fibonacci Time and Price (DiNapoli Levels); Support and Resistance (price clusters). Representative materials include DiNapoli Levels (1998); Reference source: https://www.amazon.com/DiNapoli-Levels-Practical-Application-Investment/dp/1891159046; Reference source: https://www.moneyshow.com/expert/2160spk/; Reference source: https://www.mql5.com/en/articles/3061. The work is useful for price levels, channels, Fibonacci work, and support/resistance; chart patterns, price structure, and support/resistance.",4,3,0,1,0,4 筆研究材料；3 個不同來源；0 筆高證據等級；書籍 1 筆；論文/文章 0 筆。,4 research materials; 3 distinct sources; 0 high-evidence records; 1 book records; 0 paper/article records.,normalized bilingual summary
88,alan-andrews,艾倫・安德魯斯,Alan Andrews,United States,,indicator_creator,技術指標創作者,Indicator creator,安德魯分叉線（創始者）；支撐阻力（中線/通道）；價格行為（擺動點）,Andrews' Pitchfork (creator); Support and Resistance (median lines/channels); Price Action (swing points),價格水平、通道、費波納契與支撐阻力；圖表型態、價格結構與支撐阻力,"price levels, channels, Fibonacci work, and support/resistance; chart patterns, price structure, and support/resistance",原文題名：Andrews' Pitchfork；參考來源：https://www.investopedia.com/articles/forex/05/andrewspitchfork.asp；參考來源：https://www.optuma.com/blog/pitchforks-part-1,Andrews' Pitchfork; Reference source: https://www.investopedia.com/articles/forex/05/andrewspitchfork.asp; Reference source: https://www.optuma.com/blog/pitchforks-part-1,Andrews' Pitchfork 以三點繪製中線與平行通道，是支撐阻力和趨勢通道工具。,"Alan Andrews (艾倫・安德魯斯) is classified as a Indicator creator. The research/contribution focus is Andrews' Pitchfork (creator); Support and Resistance (median lines/channels); Price Action (swing points). Representative materials include Andrews' Pitchfork; Reference source: https://www.investopedia.com/articles/forex/05/andrewspitchfork.asp; Reference source: https://www.optuma.com/blog/pitchforks-part-1. The work is useful for price levels, channels, Fibonacci work, and support/resistance; chart patterns, price structure, and support/resistance.",艾倫・安德魯斯（Alan Andrews）定位為技術指標創作者。研究/貢獻重點集中在安德魯分叉線（創始者）；支撐阻力（中線/通道）；價格行為（擺動點）。代表資料包括原文題名：Andrews' Pitchfork；參考來源：https://www.investopedia.com/articles/forex/05/andrewspitchfork.asp；參考來源：https://www.optuma.com/blog/pitchforks-part-1。可用於價格水平、通道、費波納契與支撐阻力；圖表型態、價格結構與支撐阻力。,"Alan Andrews (艾倫・安德魯斯) is classified as a Indicator creator. The research/contribution focus is Andrews' Pitchfork (creator); Support and Resistance (median lines/channels); Price Action (swing points). Representative materials include Andrews' Pitchfork; Reference source: https://www.investopedia.com/articles/forex/05/andrewspitchfork.asp; Reference source: https://www.optuma.com/blog/pitchforks-part-1. The work is useful for price levels, channels, Fibonacci work, and support/resistance; chart patterns, price structure, and support/resistance.",3,2,0,0,0,3 筆研究材料；2 個不同來源；0 筆高證據等級；書籍 0 筆；論文/文章 0 筆。,3 research materials; 2 distinct sources; 0 high-evidence records; 0 book records; 0 paper/article records.,normalized bilingual summary
89,arthur-a-merrill,亞瑟・梅里爾,Arthur A. Merrill,United States,1906-2006,author_researcher,著作與研究兼具,Author-researcher,圖表型態（M/W 型態）；週期分析（Filtered Waves）；回測與系統驗證（型態統計）,Chart Patterns (M/W patterns); Cycle Analysis (Filtered Waves); Backtesting (pattern statistics),圖表型態、價格結構與支撐阻力；週期、時間窗口與市場節奏判讀；實證檢驗、規則驗證與資料探勘風險控制,"chart patterns, price structure, and support/resistance; cycles, timing windows, and market rhythm; empirical testing, rule validation, and data-mining control",《華爾街價格行為》（1966）；《過濾波浪：基本理論》（1977）；參考來源：https://books.google.com/books/about/Behavior_of_Prices_on_Wall_Street.html?id=wEsUAQAAMAAJ；參考來源：https://openlibrary.org/books/OL5991950M/Behavior_of_prices_on_Wall_Street.,Behavior of Prices on Wall Street (1966); Filtered Waves: Basic Theory (1977); Reference source: https://books.google.com/books/about/Behavior_of_Prices_on_Wall_Street.html?id=wEsUAQAAMAAJ; Reference source: https://openlibrary.org/books/OL5991950M/Behavior_of_prices_on_Wall_Street.,以 M/W 型態與 Filtered Waves 著作聞名，是早期量化型圖表研究人物。,"Arthur A. Merrill (亞瑟・梅里爾) is classified as a Author-researcher. The research/contribution focus is Chart Patterns (M/W patterns); Cycle Analysis (Filtered Waves); Backtesting (pattern statistics). Representative materials include Behavior of Prices on Wall Street (1966); Filtered Waves: Basic Theory (1977); Reference source: https://books.google.com/books/about/Behavior_of_Prices_on_Wall_Street.html?id=wEsUAQAAMAAJ; Reference source: https://openlibrary.org/books/OL5991950M/Behavior_of_prices_on_Wall_Street.. The work is useful for chart patterns, price structure, and support/resistance; cycles, timing windows, and market rhythm; empirical testing, rule validation, and data-mining control.",亞瑟・梅里爾（Arthur A. Merrill）定位為著作與研究兼具。研究/貢獻重點集中在圖表型態（M/W 型態）；週期分析（Filtered Waves）；回測與系統驗證（型態統計）。代表資料包括《華爾街價格行為》（1966）；《過濾波浪：基本理論》（1977）；參考來源：https://books.google.com/books/about/Behavior_of_Prices_on_Wall_Street.html?id=wEsUAQAAMAAJ；參考來源：https://openlibrary.org/books/OL5991950M/Behavior_of_prices_on_Wall_Street.。可用於圖表型態、價格結構與支撐阻力；週期、時間窗口與市場節奏判讀；實證檢驗、規則驗證與資料探勘風險控制。,"Arthur A. Merrill (亞瑟・梅里爾) is classified as a Author-researcher. The research/contribution focus is Chart Patterns (M/W patterns); Cycle Analysis (Filtered Waves); Backtesting (pattern statistics). Representative materials include Behavior of Prices on Wall Street (1966); Filtered Waves: Basic Theory (1977); Reference source: https://books.google.com/books/about/Behavior_of_Prices_on_Wall_Street.html?id=wEsUAQAAMAAJ; Reference source: https://openlibrary.org/books/OL5991950M/Behavior_of_prices_on_Wall_Street.. The work is useful for chart patterns, price structure, and support/resistance; cycles, timing windows, and market rhythm; empirical testing, rule validation, and data-mining control.",5,3,2,2,0,5 筆研究材料；3 個不同來源；2 筆高證據等級；書籍 2 筆；論文/文章 0 筆。,5 research materials; 3 distinct sources; 2 high-evidence records; 2 book records; 0 paper/article records.,normalized bilingual summary
90,humphrey-b-neill,漢弗萊・尼爾,Humphrey B. Neill,United States,1895-1977,author,經典著作作者,Classic author,讀帶 / 盤口判讀（經典作者）；市場情緒（逆向思考）；價格行為（市場心理）,Tape Reading (classic author); Sentiment (contrarian thinking); Price Action (market psychology),圖表型態、價格結構與支撐阻力；市場情緒、逆向指標與群眾心理,"chart patterns, price structure, and support/resistance; sentiment, contrarian indicators, and crowd psychology",《讀帶與市場戰術》（1931）；《逆向思考的藝術》（1954）；參考來源：https://books.google.com/books/about/Tape_Reading_and_Market_Tactics.html?id=XuiREQAAQBAJ,Tape Reading and Market Tactics (1931); The Art of Contrary Thinking (1954); Reference source: https://books.google.com/books/about/Tape_Reading_and_Market_Tactics.html?id=XuiREQAAQBAJ,讀帶與逆向思考經典作者，適合情緒、盤口與早期技術分析文獻分類。,"Humphrey B. Neill (漢弗萊・尼爾) is classified as a Classic author. The research/contribution focus is Tape Reading (classic author); Sentiment (contrarian thinking); Price Action (market psychology). Representative materials include Tape Reading and Market Tactics (1931); The Art of Contrary Thinking (1954); Reference source: https://books.google.com/books/about/Tape_Reading_and_Market_Tactics.html?id=XuiREQAAQBAJ. The work is useful for chart patterns, price structure, and support/resistance; sentiment, contrarian indicators, and crowd psychology.",漢弗萊・尼爾（Humphrey B. Neill）定位為經典著作作者。研究/貢獻重點集中在讀帶 / 盤口判讀（經典作者）；市場情緒（逆向思考）；價格行為（市場心理）。代表資料包括《讀帶與市場戰術》（1931）；《逆向思考的藝術》（1954）；參考來源：https://books.google.com/books/about/Tape_Reading_and_Market_Tactics.html?id=XuiREQAAQBAJ。可用於圖表型態、價格結構與支撐阻力；市場情緒、逆向指標與群眾心理。,"Humphrey B. Neill (漢弗萊・尼爾) is classified as a Classic author. The research/contribution focus is Tape Reading (classic author); Sentiment (contrarian thinking); Price Action (market psychology). Representative materials include Tape Reading and Market Tactics (1931); The Art of Contrary Thinking (1954); Reference source: https://books.google.com/books/about/Tape_Reading_and_Market_Tactics.html?id=XuiREQAAQBAJ. The work is useful for chart patterns, price structure, and support/resistance; sentiment, contrarian indicators, and crowd psychology.",3,2,2,2,0,3 筆研究材料；2 個不同來源；2 筆高證據等級；書籍 2 筆；論文/文章 0 筆。,3 research materials; 2 distinct sources; 2 high-evidence records; 2 book records; 0 paper/article records.,normalized bilingual summary
91,walter-deemer,華特・迪默,Walter Deemer,United States,,practitioner_author,實戰交易者兼作者,Practitioner-author,趨勢跟隨（市場時機）；市場寬度（市場備忘錄）；市場情緒（市場心理）,Trend Following (market timing); Market Breadth (market memos); Sentiment (market psychology),趨勢辨識、均線、通道與趨勢跟隨；市場寬度、內部強弱與指數健康度判讀；市場情緒、逆向指標與群眾心理,"trend identification, moving averages, channels, and trend following; market breadth, internal strength, and index health; sentiment, contrarian indicators, and crowd psychology",原文題名：Market Memos（1966）；《迪默談技術分析》（2012）；參考來源：https://deemermarketmemos.com/；參考來源：https://www.walterdeemer.com/,Market Memos (1966); Deemer on Technical Analysis (2012); Reference source: https://deemermarketmemos.com/; Reference source: https://www.walterdeemer.com/,長期市場技術分析師，著作與 Market Memos 檔案適合作為近代市場評論文獻。,"Walter Deemer (華特・迪默) is classified as a Practitioner-author. The research/contribution focus is Trend Following (market timing); Market Breadth (market memos); Sentiment (market psychology). Representative materials include Market Memos (1966); Deemer on Technical Analysis (2012); Reference source: https://deemermarketmemos.com/; Reference source: https://www.walterdeemer.com/. The work is useful for trend identification, moving averages, channels, and trend following; market breadth, internal strength, and index health; sentiment, contrarian indicators, and crowd psychology.",華特・迪默（Walter Deemer）定位為實戰交易者兼作者。研究/貢獻重點集中在趨勢跟隨（市場時機）；市場寬度（市場備忘錄）；市場情緒（市場心理）。代表資料包括原文題名：Market Memos（1966）；《迪默談技術分析》（2012）；參考來源：https://deemermarketmemos.com/；參考來源：https://www.walterdeemer.com/。可用於趨勢辨識、均線、通道與趨勢跟隨；市場寬度、內部強弱與指數健康度判讀；市場情緒、逆向指標與群眾心理。,"Walter Deemer (華特・迪默) is classified as a Practitioner-author. The research/contribution focus is Trend Following (market timing); Market Breadth (market memos); Sentiment (market psychology). Representative materials include Market Memos (1966); Deemer on Technical Analysis (2012); Reference source: https://deemermarketmemos.com/; Reference source: https://www.walterdeemer.com/. The work is useful for trend identification, moving averages, channels, and trend following; market breadth, internal strength, and index health; sentiment, contrarian indicators, and crowd psychology.",4,3,1,1,0,4 筆研究材料；3 個不同來源；1 筆高證據等級；書籍 1 筆；論文/文章 0 筆。,4 research materials; 3 distinct sources; 1 high-evidence records; 1 book records; 0 paper/article records.,normalized bilingual summary
92,ned-davis,內德・戴維斯,Ned Davis,United States,,researcher,技術研究者,Technical researcher,市場寬度（市場指標）；市場情緒（情緒模型）；實證技術分析（量化市場研究）,Market Breadth (market indicators); Sentiment (sentiment models); Evidence-Based Technical Analysis (quantitative market research),市場寬度、內部強弱與指數健康度判讀；市場情緒、逆向指標與群眾心理；實證檢驗、規則驗證與資料探勘風險控制,"market breadth, internal strength, and index health; sentiment, contrarian indicators, and crowd psychology; empirical testing, rule validation, and data-mining control",《做對判斷或賺到錢》（1991）；《研究驅動型投資者》（2000）；參考來源：https://books.google.com/books/about/Being_Right_or_Making_Money.html?id=wLhYBQAAQBAJ；參考來源：https://info.ndr.com/ndr-signals,Being Right or Making Money (1991); The Research Driven Investor (2000); Reference source: https://books.google.com/books/about/Being_Right_or_Making_Money.html?id=wLhYBQAAQBAJ; Reference source: https://info.ndr.com/ndr-signals,Ned Davis Research 長期以廣度、情緒、總體與技術模型做市場研究，適合指標集合與量化研究分類。,"Ned Davis (內德・戴維斯) is classified as a Technical researcher. The research/contribution focus is Market Breadth (market indicators); Sentiment (sentiment models); Evidence-Based Technical Analysis (quantitative market research). Representative materials include Being Right or Making Money (1991); The Research Driven Investor (2000); Reference source: https://books.google.com/books/about/Being_Right_or_Making_Money.html?id=wLhYBQAAQBAJ; Reference source: https://info.ndr.com/ndr-signals. The work is useful for market breadth, internal strength, and index health; sentiment, contrarian indicators, and crowd psychology; empirical testing, rule validation, and data-mining control.",內德・戴維斯（Ned Davis）定位為技術研究者。研究/貢獻重點集中在市場寬度（市場指標）；市場情緒（情緒模型）；實證技術分析（量化市場研究）。代表資料包括《做對判斷或賺到錢》（1991）；《研究驅動型投資者》（2000）；參考來源：https://books.google.com/books/about/Being_Right_or_Making_Money.html?id=wLhYBQAAQBAJ；參考來源：https://info.ndr.com/ndr-signals。可用於市場寬度、內部強弱與指數健康度判讀；市場情緒、逆向指標與群眾心理；實證檢驗、規則驗證與資料探勘風險控制。,"Ned Davis (內德・戴維斯) is classified as a Technical researcher. The research/contribution focus is Market Breadth (market indicators); Sentiment (sentiment models); Evidence-Based Technical Analysis (quantitative market research). Representative materials include Being Right or Making Money (1991); The Research Driven Investor (2000); Reference source: https://books.google.com/books/about/Being_Right_or_Making_Money.html?id=wLhYBQAAQBAJ; Reference source: https://info.ndr.com/ndr-signals. The work is useful for market breadth, internal strength, and index health; sentiment, contrarian indicators, and crowd psychology; empirical testing, rule validation, and data-mining control.",6,4,0,2,0,6 筆研究材料；4 個不同來源；0 筆高證據等級；書籍 2 筆；論文/文章 0 筆。,6 research materials; 4 distinct sources; 0 high-evidence records; 2 book records; 0 paper/article records.,normalized bilingual summary
93,jason-goepfert,傑森・戈普弗特,Jason Goepfert,United States,,researcher,技術研究者,Technical researcher,市場情緒（情緒指標）；市場寬度（基金現金/市場指標）；實證技術分析（歷史統計）,Sentiment (sentiment indicators); Market Breadth (mutual-fund cash / market indicators); Evidence-Based Technical Analysis (historical statistics),市場情緒、逆向指標與群眾心理；市場寬度、內部強弱與指數健康度判讀；實證檢驗、規則驗證與資料探勘風險控制,"sentiment, contrarian indicators, and crowd psychology; market breadth, internal strength, and index health; empirical testing, rule validation, and data-mining control","原文題名：Mutual Fund Cash Reserves, The Risk-Free Rate, and Stock Market Performance（2004）；參考來源：https://cmtassociation.org/association/award-recognizing/charles-h-dow-award/","Mutual Fund Cash Reserves, The Risk-Free Rate, and Stock Market Performance (2004); Reference source: https://cmtassociation.org/association/award-recognizing/charles-h-dow-award/",2004 Charles H. Dow Award 得主，長期研究投資人情緒與市場統計。,"Jason Goepfert (傑森・戈普弗特) is classified as a Technical researcher. The research/contribution focus is Sentiment (sentiment indicators); Market Breadth (mutual-fund cash / market indicators); Evidence-Based Technical Analysis (historical statistics). Representative materials include Mutual Fund Cash Reserves, The Risk-Free Rate, and Stock Market Performance (2004); Reference source: https://cmtassociation.org/association/award-recognizing/charles-h-dow-award/. The work is useful for sentiment, contrarian indicators, and crowd psychology; market breadth, internal strength, and index health; empirical testing, rule validation, and data-mining control.","傑森・戈普弗特（Jason Goepfert）定位為技術研究者。研究/貢獻重點集中在市場情緒（情緒指標）；市場寬度（基金現金/市場指標）；實證技術分析（歷史統計）。代表資料包括原文題名：Mutual Fund Cash Reserves, The Risk-Free Rate, and Stock Market Performance（2004）；參考來源：https://cmtassociation.org/association/award-recognizing/charles-h-dow-award/。可用於市場情緒、逆向指標與群眾心理；市場寬度、內部強弱與指數健康度判讀；實證檢驗、規則驗證與資料探勘風險控制。","Jason Goepfert (傑森・戈普弗特) is classified as a Technical researcher. The research/contribution focus is Sentiment (sentiment indicators); Market Breadth (mutual-fund cash / market indicators); Evidence-Based Technical Analysis (historical statistics). Representative materials include Mutual Fund Cash Reserves, The Risk-Free Rate, and Stock Market Performance (2004); Reference source: https://cmtassociation.org/association/award-recognizing/charles-h-dow-award/. The work is useful for sentiment, contrarian indicators, and crowd psychology; market breadth, internal strength, and index health; empirical testing, rule validation, and data-mining control.",2,2,2,0,1,2 筆研究材料；2 個不同來源；2 筆高證據等級；書籍 0 筆；論文/文章 1 筆。,2 research materials; 2 distinct sources; 2 high-evidence records; 0 book records; 1 paper/article records.,normalized bilingual summary
94,buff-dormeier,巴夫・多米爾,Buff Dormeier,United States,,researcher_author,研究者兼作者,Researcher-author,成交量分析（量價研究）；市場寬度（成交量廣度）；實證技術分析（Dow Award 研究）,Volume Analysis (price-volume research); Market Breadth (volume breadth); Evidence-Based Technical Analysis (Dow Award research),量價關係、資金流與供需分析；市場寬度、內部強弱與指數健康度判讀；實證檢驗、規則驗證與資料探勘風險控制,"price-volume relationships, money flow, and supply/demand; market breadth, internal strength, and index health; empirical testing, rule validation, and data-mining control",原文題名：Price and Volume: Digging Deeper（2007）；《成交量分析投資法》（2011）；參考來源：https://cmtassociation.org/association/award-recognizing/charles-h-dow-award/,Price and Volume: Digging Deeper (2007); Investing with Volume Analysis (2011); Reference source: https://cmtassociation.org/association/award-recognizing/charles-h-dow-award/,2007 Charles H. Dow Award 得主，量價與成交量分析著作具資料庫價值。,"Buff Dormeier (巴夫・多米爾) is classified as a Researcher-author. The research/contribution focus is Volume Analysis (price-volume research); Market Breadth (volume breadth); Evidence-Based Technical Analysis (Dow Award research). Representative materials include Price and Volume: Digging Deeper (2007); Investing with Volume Analysis (2011); Reference source: https://cmtassociation.org/association/award-recognizing/charles-h-dow-award/. The work is useful for price-volume relationships, money flow, and supply/demand; market breadth, internal strength, and index health; empirical testing, rule validation, and data-mining control.",巴夫・多米爾（Buff Dormeier）定位為研究者兼作者。研究/貢獻重點集中在成交量分析（量價研究）；市場寬度（成交量廣度）；實證技術分析（Dow Award 研究）。代表資料包括原文題名：Price and Volume: Digging Deeper（2007）；《成交量分析投資法》（2011）；參考來源：https://cmtassociation.org/association/award-recognizing/charles-h-dow-award/。可用於量價關係、資金流與供需分析；市場寬度、內部強弱與指數健康度判讀；實證檢驗、規則驗證與資料探勘風險控制。,"Buff Dormeier (巴夫・多米爾) is classified as a Researcher-author. The research/contribution focus is Volume Analysis (price-volume research); Market Breadth (volume breadth); Evidence-Based Technical Analysis (Dow Award research). Representative materials include Price and Volume: Digging Deeper (2007); Investing with Volume Analysis (2011); Reference source: https://cmtassociation.org/association/award-recognizing/charles-h-dow-award/. The work is useful for price-volume relationships, money flow, and supply/demand; market breadth, internal strength, and index health; empirical testing, rule validation, and data-mining control.",3,3,3,1,1,3 筆研究材料；3 個不同來源；3 筆高證據等級；書籍 1 筆；論文/文章 1 筆。,3 research materials; 3 distinct sources; 3 high-evidence records; 1 book records; 1 paper/article records.,normalized bilingual summary
95,andrew-thrasher,安德魯・思拉舍,Andrew Thrasher,United States,,researcher,技術研究者,Technical researcher,波動率（波動/風險）；市場情緒（市場警訊）；市場寬度（市場健康）,Volatility (volatility/risk); Sentiment (market warning signals); Market Breadth (market health),波動率、通道寬度與風險環境；市場情緒、逆向指標與群眾心理；市場寬度、內部強弱與指數健康度判讀,"volatility, channel width, and risk regimes; sentiment, contrarian indicators, and crowd psychology; market breadth, internal strength, and index health",原文題名：Forecasting a Volatility Tsunami（2017）；原文題名：The 5% Canary（2023）；參考來源：https://cmtassociation.org/association/award-recognizing/charles-h-dow-award/,Forecasting a Volatility Tsunami (2017); The 5% Canary (2023); Reference source: https://cmtassociation.org/association/award-recognizing/charles-h-dow-award/,兩度 Charles H. Dow Award 相關得主/研究者，波動率與市場風險研究值得收錄。,"Andrew Thrasher (安德魯・思拉舍) is classified as a Technical researcher. The research/contribution focus is Volatility (volatility/risk); Sentiment (market warning signals); Market Breadth (market health). Representative materials include Forecasting a Volatility Tsunami (2017); The 5% Canary (2023); Reference source: https://cmtassociation.org/association/award-recognizing/charles-h-dow-award/. The work is useful for volatility, channel width, and risk regimes; sentiment, contrarian indicators, and crowd psychology; market breadth, internal strength, and index health.",安德魯・思拉舍（Andrew Thrasher）定位為技術研究者。研究/貢獻重點集中在波動率（波動/風險）；市場情緒（市場警訊）；市場寬度（市場健康）。代表資料包括原文題名：Forecasting a Volatility Tsunami（2017）；原文題名：The 5% Canary（2023）；參考來源：https://cmtassociation.org/association/award-recognizing/charles-h-dow-award/。可用於波動率、通道寬度與風險環境；市場情緒、逆向指標與群眾心理；市場寬度、內部強弱與指數健康度判讀。,"Andrew Thrasher (安德魯・思拉舍) is classified as a Technical researcher. The research/contribution focus is Volatility (volatility/risk); Sentiment (market warning signals); Market Breadth (market health). Representative materials include Forecasting a Volatility Tsunami (2017); The 5% Canary (2023); Reference source: https://cmtassociation.org/association/award-recognizing/charles-h-dow-award/. The work is useful for volatility, channel width, and risk regimes; sentiment, contrarian indicators, and crowd psychology; market breadth, internal strength, and index health.",3,3,3,0,2,3 筆研究材料；3 個不同來源；3 筆高證據等級；書籍 0 筆；論文/文章 2 筆。,3 research materials; 3 distinct sources; 3 high-evidence records; 0 book records; 2 paper/article records.,normalized bilingual summary
96,alex-spiroglou,亞歷克斯・斯皮羅格魯,Alex Spiroglou,Greece / United Kingdom,,researcher,技術研究者,Technical researcher,MACD（MACD-V）；波動率（波動標準化動量）；動量（動量研究）,Moving Average Convergence/Divergence (MACD-V); Volatility (volatility-normalized momentum); Momentum (momentum research),動量、超買超賣、背離與趨勢強弱；波動率、通道寬度與風險環境,"momentum, overbought/oversold conditions, divergence, and trend strength; volatility, channel width, and risk regimes",原文題名：MACD-V: Volatility Normalised Momentum（2022）；參考來源：https://cmtassociation.org/association/award-recognizing/charles-h-dow-award/,MACD-V: Volatility Normalised Momentum (2022); Reference source: https://cmtassociation.org/association/award-recognizing/charles-h-dow-award/,2022 Charles H. Dow Award 得主，將 MACD 轉為波動標準化動量框架。,"Alex Spiroglou (亞歷克斯・斯皮羅格魯) is classified as a Technical researcher. The research/contribution focus is Moving Average Convergence/Divergence (MACD-V); Volatility (volatility-normalized momentum); Momentum (momentum research). Representative materials include MACD-V: Volatility Normalised Momentum (2022); Reference source: https://cmtassociation.org/association/award-recognizing/charles-h-dow-award/. The work is useful for momentum, overbought/oversold conditions, divergence, and trend strength; volatility, channel width, and risk regimes.",亞歷克斯・斯皮羅格魯（Alex Spiroglou）定位為技術研究者。研究/貢獻重點集中在MACD（MACD-V）；波動率（波動標準化動量）；動量（動量研究）。代表資料包括原文題名：MACD-V: Volatility Normalised Momentum（2022）；參考來源：https://cmtassociation.org/association/award-recognizing/charles-h-dow-award/。可用於動量、超買超賣、背離與趨勢強弱；波動率、通道寬度與風險環境。,"Alex Spiroglou (亞歷克斯・斯皮羅格魯) is classified as a Technical researcher. The research/contribution focus is Moving Average Convergence/Divergence (MACD-V); Volatility (volatility-normalized momentum); Momentum (momentum research). Representative materials include MACD-V: Volatility Normalised Momentum (2022); Reference source: https://cmtassociation.org/association/award-recognizing/charles-h-dow-award/. The work is useful for momentum, overbought/oversold conditions, divergence, and trend strength; volatility, channel width, and risk regimes.",2,2,2,0,1,2 筆研究材料；2 個不同來源；2 筆高證據等級；書籍 0 筆；論文/文章 1 筆。,2 research materials; 2 distinct sources; 2 high-evidence records; 0 book records; 1 paper/article records.,normalized bilingual summary
97,ralph-vince,拉爾夫・文斯,Ralph Vince,United States,,researcher_author,研究者兼作者,Researcher-author,市場寬度（新低數研究）；交易系統（資金管理）；實證技術分析（統計研究）,Market Breadth (new-lows research); Trading Systems (money management); Evidence-Based Technical Analysis (statistical research),市場寬度、內部強弱與指數健康度判讀；系統交易、規則設計與回測流程；實證檢驗、規則驗證與資料探勘風險控制,"market breadth, internal strength, and index health; systematic trading, rule design, and backtesting; empirical testing, rule validation, and data-mining control",《資金管理數學》（1992）；原文題名：The Ripple Effect of Daily New Lows（2024）；參考來源：https://cmtassociation.org/association/award-recognizing/charles-h-dow-award/,The Mathematics of Money Management (1992); The Ripple Effect of Daily New Lows (2024); Reference source: https://cmtassociation.org/association/award-recognizing/charles-h-dow-award/,資金管理與風險數學作者，2024 Dow Award 研究把每日新低數作為市場廣度訊號。,"Ralph Vince (拉爾夫・文斯) is classified as a Researcher-author. The research/contribution focus is Market Breadth (new-lows research); Trading Systems (money management); Evidence-Based Technical Analysis (statistical research). Representative materials include The Mathematics of Money Management (1992); The Ripple Effect of Daily New Lows (2024); Reference source: https://cmtassociation.org/association/award-recognizing/charles-h-dow-award/. The work is useful for market breadth, internal strength, and index health; systematic trading, rule design, and backtesting; empirical testing, rule validation, and data-mining control.",拉爾夫・文斯（Ralph Vince）定位為研究者兼作者。研究/貢獻重點集中在市場寬度（新低數研究）；交易系統（資金管理）；實證技術分析（統計研究）。代表資料包括《資金管理數學》（1992）；原文題名：The Ripple Effect of Daily New Lows（2024）；參考來源：https://cmtassociation.org/association/award-recognizing/charles-h-dow-award/。可用於市場寬度、內部強弱與指數健康度判讀；系統交易、規則設計與回測流程；實證檢驗、規則驗證與資料探勘風險控制。,"Ralph Vince (拉爾夫・文斯) is classified as a Researcher-author. The research/contribution focus is Market Breadth (new-lows research); Trading Systems (money management); Evidence-Based Technical Analysis (statistical research). Representative materials include The Mathematics of Money Management (1992); The Ripple Effect of Daily New Lows (2024); Reference source: https://cmtassociation.org/association/award-recognizing/charles-h-dow-award/. The work is useful for market breadth, internal strength, and index health; systematic trading, rule design, and backtesting; empirical testing, rule validation, and data-mining control.",3,3,3,1,1,3 筆研究材料；3 個不同來源；3 筆高證據等級；書籍 1 筆；論文/文章 1 筆。,3 research materials; 3 distinct sources; 3 high-evidence records; 1 book records; 1 paper/article records.,normalized bilingual summary
98,gary-antonacci,蓋瑞・安東納奇,Gary Antonacci,United States,,researcher_author,研究者兼作者,Researcher-author,動量（雙動量）；趨勢跟隨（產業趨勢）；相對強弱 / 強勢股篩選（相對/絕對動量）,Momentum (dual momentum); Trend Following (industry trends); Relative Strength (relative/absolute momentum),動量、超買超賣、背離與趨勢強弱；趨勢辨識、均線、通道與趨勢跟隨；股票選股、相對強弱與成長股篩選,"momentum, overbought/oversold conditions, divergence, and trend strength; trend identification, moving averages, channels, and trend following; stock selection, relative strength, and growth-stock screening",《雙動量投資》（2014）；原文題名：A Century of Profitable Industry Trends（2025）；參考來源：https://cmtassociation.org/association/award-recognizing/charles-h-dow-award/,Dual Momentum Investing (2014); A Century of Profitable Industry Trends (2025); Reference source: https://cmtassociation.org/association/award-recognizing/charles-h-dow-award/,動量投資作者，2025 Charles H. Dow Award 共同得主，適合動量與產業趨勢研究分類。,"Gary Antonacci (蓋瑞・安東納奇) is classified as a Researcher-author. The research/contribution focus is Momentum (dual momentum); Trend Following (industry trends); Relative Strength (relative/absolute momentum). Representative materials include Dual Momentum Investing (2014); A Century of Profitable Industry Trends (2025); Reference source: https://cmtassociation.org/association/award-recognizing/charles-h-dow-award/. The work is useful for momentum, overbought/oversold conditions, divergence, and trend strength; trend identification, moving averages, channels, and trend following; stock selection, relative strength, and growth-stock screening.",蓋瑞・安東納奇（Gary Antonacci）定位為研究者兼作者。研究/貢獻重點集中在動量（雙動量）；趨勢跟隨（產業趨勢）；相對強弱 / 強勢股篩選（相對/絕對動量）。代表資料包括《雙動量投資》（2014）；原文題名：A Century of Profitable Industry Trends（2025）；參考來源：https://cmtassociation.org/association/award-recognizing/charles-h-dow-award/。可用於動量、超買超賣、背離與趨勢強弱；趨勢辨識、均線、通道與趨勢跟隨；股票選股、相對強弱與成長股篩選。,"Gary Antonacci (蓋瑞・安東納奇) is classified as a Researcher-author. The research/contribution focus is Momentum (dual momentum); Trend Following (industry trends); Relative Strength (relative/absolute momentum). Representative materials include Dual Momentum Investing (2014); A Century of Profitable Industry Trends (2025); Reference source: https://cmtassociation.org/association/award-recognizing/charles-h-dow-award/. The work is useful for momentum, overbought/oversold conditions, divergence, and trend strength; trend identification, moving averages, channels, and trend following; stock selection, relative strength, and growth-stock screening.",3,3,3,1,1,3 筆研究材料；3 個不同來源；3 筆高證據等級；書籍 1 筆；論文/文章 1 筆。,3 research materials; 3 distinct sources; 3 high-evidence records; 1 book records; 1 paper/article records.,normalized bilingual summary
99,andrew-w-lo,安德魯・羅,Andrew W. Lo,United States,1960-,academic,學術研究者,Academic researcher,實證技術分析（學術研究）；圖表型態（計算型型態識別）；回測與系統驗證（統計推論）,Evidence-Based Technical Analysis (academic research); Chart Patterns (computational pattern recognition); Backtesting (statistical inference),實證檢驗、規則驗證與資料探勘風險控制；圖表型態、價格結構與支撐阻力,"empirical testing, rule validation, and data-mining control; chart patterns, price structure, and support/resistance",《技術分析基礎》（2000）；《技術分析的演進》（2010）；參考來源：https://ideas.repec.org/p/nbr/nberwo/7613.html；參考來源：https://papers.ssrn.com/sol3/papers.cfm?abstract_id=228099,Foundations of Technical Analysis (2000); The Evolution of Technical Analysis (2010); Reference source: https://ideas.repec.org/p/nbr/nberwo/7613.html; Reference source: https://papers.ssrn.com/sol3/papers.cfm?abstract_id=228099,將技術分析型態以計算演算法與統計推論研究，是學術文獻中的代表人物。,"Andrew W. Lo (安德魯・羅) is classified as a Academic researcher. The research/contribution focus is Evidence-Based Technical Analysis (academic research); Chart Patterns (computational pattern recognition); Backtesting (statistical inference). Representative materials include Foundations of Technical Analysis (2000); The Evolution of Technical Analysis (2010); Reference source: https://ideas.repec.org/p/nbr/nberwo/7613.html; Reference source: https://papers.ssrn.com/sol3/papers.cfm?abstract_id=228099. The work is useful for empirical testing, rule validation, and data-mining control; chart patterns, price structure, and support/resistance.",安德魯・羅（Andrew W. Lo）定位為學術研究者。研究/貢獻重點集中在實證技術分析（學術研究）；圖表型態（計算型型態識別）；回測與系統驗證（統計推論）。代表資料包括《技術分析基礎》（2000）；《技術分析的演進》（2010）；參考來源：https://ideas.repec.org/p/nbr/nberwo/7613.html；參考來源：https://papers.ssrn.com/sol3/papers.cfm?abstract_id=228099。可用於實證檢驗、規則驗證與資料探勘風險控制；圖表型態、價格結構與支撐阻力。,"Andrew W. Lo (安德魯・羅) is classified as a Academic researcher. The research/contribution focus is Evidence-Based Technical Analysis (academic research); Chart Patterns (computational pattern recognition); Backtesting (statistical inference). Representative materials include Foundations of Technical Analysis (2000); The Evolution of Technical Analysis (2010); Reference source: https://ideas.repec.org/p/nbr/nberwo/7613.html; Reference source: https://papers.ssrn.com/sol3/papers.cfm?abstract_id=228099. The work is useful for empirical testing, rule validation, and data-mining control; chart patterns, price structure, and support/resistance.",4,3,1,1,1,4 筆研究材料；3 個不同來源；1 筆高證據等級；書籍 1 筆；論文/文章 1 筆。,4 research materials; 3 distinct sources; 1 high-evidence records; 1 book records; 1 paper/article records.,normalized bilingual summary
100,david-aronson,大衛・阿隆森,David Aronson,United States,,academic_practitioner,學術與實務研究者,Academic-practitioner,實證技術分析（代表作者）；回測與系統驗證（資料探勘校正）；交易系統（客觀規則）,Evidence-Based Technical Analysis (代表作者); Backtesting (data-mining adjustment); Trading Systems (objective rules),實證檢驗、規則驗證與資料探勘風險控制；系統交易、規則設計與回測流程,"empirical testing, rule validation, and data-mining control; systematic trading, rule design, and backtesting",《實證技術分析》（2006）；參考來源：https://www.amazon.com/Evidence-Based-Technical-Analysis-Scientific-Statistical/dp/0470008741；參考來源：https://www.wiley.com/en-ca/Evidence-Based%2BTechnical%2BAnalysis%3A%2BApplying%2Bthe%2BScientific%2BMethod%2Band%2BStatistical%2BInference%2Bto%2BTrading%2BSignals-p-9780470008744,Evidence-Based Technical Analysis (2006); Reference source: https://www.amazon.com/Evidence-Based-Technical-Analysis-Scientific-Statistical/dp/0470008741; Reference source: https://www.wiley.com/en-ca/Evidence-Based%2BTechnical%2BAnalysis%3A%2BApplying%2Bthe%2BScientific%2BMethod%2Band%2BStatistical%2BInference%2Bto%2BTrading%2BSignals-p-9780470008744,主張用科學方法與統計檢定評估技術交易訊號，是建立資料庫時避免迷信指標的重要參考。,"David Aronson (大衛・阿隆森) is classified as a Academic-practitioner. The research/contribution focus is Evidence-Based Technical Analysis (代表作者); Backtesting (data-mining adjustment); Trading Systems (objective rules). Representative materials include Evidence-Based Technical Analysis (2006); Reference source: https://www.amazon.com/Evidence-Based-Technical-Analysis-Scientific-Statistical/dp/0470008741; Reference source: https://www.wiley.com/en-ca/Evidence-Based%2BTechnical%2BAnalysis%3A%2BApplying%2Bthe%2BScientific%2BMethod%2Band%2BStatistical%2BInference%2Bto%2BTrading%2BSignals-p-9780470008744. The work is useful for empirical testing, rule validation, and data-mining control; systematic trading, rule design, and backtesting.",大衛・阿隆森（David Aronson）定位為學術與實務研究者。研究/貢獻重點集中在實證技術分析（代表作者）；回測與系統驗證（資料探勘校正）；交易系統（客觀規則）。代表資料包括《實證技術分析》（2006）；參考來源：https://www.amazon.com/Evidence-Based-Technical-Analysis-Scientific-Statistical/dp/0470008741；參考來源：https://www.wiley.com/en-ca/Evidence-Based%2BTechnical%2BAnalysis%3A%2BApplying%2Bthe%2BScientific%2BMethod%2Band%2BStatistical%2BInference%2Bto%2BTrading%2BSignals-p-9780470008744。可用於實證檢驗、規則驗證與資料探勘風險控制；系統交易、規則設計與回測流程。,"David Aronson (大衛・阿隆森) is classified as a Academic-practitioner. The research/contribution focus is Evidence-Based Technical Analysis (代表作者); Backtesting (data-mining adjustment); Trading Systems (objective rules). Representative materials include Evidence-Based Technical Analysis (2006); Reference source: https://www.amazon.com/Evidence-Based-Technical-Analysis-Scientific-Statistical/dp/0470008741; Reference source: https://www.wiley.com/en-ca/Evidence-Based%2BTechnical%2BAnalysis%3A%2BApplying%2Bthe%2BScientific%2BMethod%2Band%2BStatistical%2BInference%2Bto%2BTrading%2BSignals-p-9780470008744. The work is useful for empirical testing, rule validation, and data-mining control; systematic trading, rule design, and backtesting.",3,2,0,1,0,3 筆研究材料；2 個不同來源；0 筆高證據等級；書籍 1 筆；論文/文章 0 筆。,3 research materials; 2 distinct sources; 0 high-evidence records; 1 book records; 0 paper/article records.,normalized bilingual summary
