concept_slug,concept_zh,concept_en,concept_family,expert_count_for_concept,comparison_rank,verdict_zh,verdict_en,expert_id,expert_rank_global,name_zh,name_en,relation_zh,relation_en,category,category_zh,category_en,comparison_score,expert_total_score,material_count,source_count,high_evidence_count,book_count,paper_article_count,strengths_zh,strengths_en,limitations_zh,limitations_en,difference_zh,difference_en,representative_materials_zh,representative_materials_en,evidence_profile_zh,evidence_profile_en
acd-method,ACD 開盤區間法,ACD Method,breakout,1,1,優勝,Winner,mark-b-fisher,82,馬克・費雪,Mark B. Fisher,創始者,creator,practitioner_author,實戰交易者兼作者,Practitioner-author,94.55,21,3,3,1,1,0,最接近原始定義，適合作為該指標/方法的基準版本；有代表性書籍或教材可追溯；高證據等級來源較多；在原創性、資料覆蓋與專屬性綜合評分最高,"closest to the original definition and best used as the benchmark version; supported by traceable books or textbook material; has multiple high-evidence sources; highest combined score for originality, evidence coverage, and indicator specificity",原始版本仍需結合後續實證與現代市場條件；優勝判斷是以本資料庫目前來源與評分規則為基準,the original version should still be checked against later evidence and modern markets; winner judgment is based on the current database sources and scoring rules,馬克・費雪的角色是「創始者」，重點在突破、波動擴張與開盤區間交易；圖表型態、價格結構與支撐阻力。,"Mark B. Fisher is classified here as creator; the focus is breakouts, volatility expansion, and opening-range trading; chart patterns, price structure, and support/resistance.",《邏輯交易者》（2002）；參考來源：https://www.investopedia.com/articles/technical/04/032404.asp；參考來源：https://www.investopedia.com/articles/technical/04/040704.asp,The Logical Trader (2002); Reference source: https://www.investopedia.com/articles/technical/04/032404.asp; Reference source: https://www.investopedia.com/articles/technical/04/040704.asp,3 筆研究材料；3 個不同來源；1 筆高證據等級；書籍 1 筆；論文/文章 0 筆。,3 research materials; 3 distinct sources; 1 high-evidence records; 1 book records; 0 paper/article records.
adaptive-moving-average,自適應均線,Adaptive Moving Average,trend,1,1,優勝,Winner,perry-j-kaufman,18,佩里・考夫曼,Perry J. Kaufman,創始者,creator,system_developer,交易系統開發者,Trading-system developer,98.75,23,3,3,2,2,0,最接近原始定義，適合作為該指標/方法的基準版本；有代表性書籍或教材可追溯；高證據等級來源較多；在原創性、資料覆蓋與專屬性綜合評分最高,"closest to the original definition and best used as the benchmark version; supported by traceable books or textbook material; has multiple high-evidence sources; highest combined score for originality, evidence coverage, and indicator specificity",原始版本仍需結合後續實證與現代市場條件；優勝判斷是以本資料庫目前來源與評分規則為基準,the original version should still be checked against later evidence and modern markets; winner judgment is based on the current database sources and scoring rules,佩里・考夫曼的角色是「創始者」，重點在趨勢辨識、均線、通道與趨勢跟隨；系統交易、規則設計與回測流程。,"Perry J. Kaufman is classified here as creator; the focus is trend identification, moving averages, channels, and trend following; systematic trading, rule design, and backtesting.",《交易系統與方法》（1978）；《更聰明的交易》（1995）；參考來源：https://trendspider.com/learning-center/what-is-the-kaufman-adaptive-moving-average/,Trading Systems and Methods (1978); Smarter Trading (1995); Reference source: https://trendspider.com/learning-center/what-is-the-kaufman-adaptive-moving-average/,3 筆研究材料；3 個不同來源；2 筆高證據等級；書籍 2 筆；論文/文章 0 筆。,3 research materials; 3 distinct sources; 2 high-evidence records; 2 book records; 0 paper/article records.
adx-dmi,ADX / DMI,Average Directional Index / Directional Movement,trend,1,1,優勝,Winner,j-welles-wilder-jr,19,威爾斯・威爾德,J. Welles Wilder Jr.,創始者,creator,indicator_creator,技術指標創作者,Indicator creator,106.55,25,3,2,1,1,0,最接近原始定義，適合作為該指標/方法的基準版本；有代表性書籍或教材可追溯；高證據等級來源較多；在原創性、資料覆蓋與專屬性綜合評分最高,"closest to the original definition and best used as the benchmark version; supported by traceable books or textbook material; has multiple high-evidence sources; highest combined score for originality, evidence coverage, and indicator specificity",原始版本仍需結合後續實證與現代市場條件；優勝判斷是以本資料庫目前來源與評分規則為基準,the original version should still be checked against later evidence and modern markets; winner judgment is based on the current database sources and scoring rules,威爾斯・威爾德的角色是「創始者」，重點在動量、超買超賣、背離與趨勢強弱；趨勢辨識、均線、通道與趨勢跟隨；波動率、通道寬度與風險環境。,"J. Welles Wilder Jr. is classified here as creator; the focus is momentum, overbought/oversold conditions, divergence, and trend strength; trend identification, moving averages, channels, and trend following; volatility, channel width, and risk regimes.",《技術交易系統新概念》（1978）；參考來源：https://books.google.com/books/about/New_Concepts_in_Technical_Trading_System.html?id=WesJAQAAMAAJ；參考來源：https://www.investopedia.com/terms/r/rsi.asp,New Concepts in Technical Trading Systems (1978); Reference source: https://books.google.com/books/about/New_Concepts_in_Technical_Trading_System.html?id=WesJAQAAMAAJ; Reference source: https://www.investopedia.com/terms/r/rsi.asp,3 筆研究材料；2 個不同來源；1 筆高證據等級；書籍 1 筆；論文/文章 0 筆。,3 research materials; 2 distinct sources; 1 high-evidence records; 1 book records; 0 paper/article records.
andrew-pitchfork,安德魯分叉線,Andrews' Pitchfork,support_resistance,1,1,優勝,Winner,alan-andrews,88,艾倫・安德魯斯,Alan Andrews,創始者,creator,indicator_creator,技術指標創作者,Indicator creator,99.15,19,3,2,0,0,0,最接近原始定義，適合作為該指標/方法的基準版本；在原創性、資料覆蓋與專屬性綜合評分最高,"closest to the original definition and best used as the benchmark version; highest combined score for originality, evidence coverage, and indicator specificity",原始版本仍需結合後續實證與現代市場條件；優勝判斷是以本資料庫目前來源與評分規則為基準,the original version should still be checked against later evidence and modern markets; winner judgment is based on the current database sources and scoring rules,艾倫・安德魯斯的角色是「創始者」，重點在價格水平、通道、費波納契與支撐阻力；圖表型態、價格結構與支撐阻力。,"Alan Andrews is classified here as creator; the focus is price levels, channels, Fibonacci work, and support/resistance; chart patterns, price structure, and support/resistance.",原文題名：Andrews' Pitchfork；參考來源：https://www.investopedia.com/articles/forex/05/andrewspitchfork.asp；參考來源：https://www.optuma.com/blog/pitchforks-part-1,Andrews' Pitchfork; Reference source: https://www.investopedia.com/articles/forex/05/andrewspitchfork.asp; Reference source: https://www.optuma.com/blog/pitchforks-part-1,3 筆研究材料；2 個不同來源；0 筆高證據等級；書籍 0 筆；論文/文章 0 筆。,3 research materials; 2 distinct sources; 0 high-evidence records; 0 book records; 0 paper/article records.
aroon,Aroon 指標,Aroon,trend,1,1,優勝,Winner,tushar-s-chande,24,圖沙・昌德,Tushar S. Chande,創始者,creator,indicator_creator,技術指標創作者,Indicator creator,107.2,24,4,3,0,1,0,最接近原始定義，適合作為該指標/方法的基準版本；有代表性書籍或教材可追溯；在原創性、資料覆蓋與專屬性綜合評分最高,"closest to the original definition and best used as the benchmark version; supported by traceable books or textbook material; highest combined score for originality, evidence coverage, and indicator specificity",原始版本仍需結合後續實證與現代市場條件；優勝判斷是以本資料庫目前來源與評分規則為基準,the original version should still be checked against later evidence and modern markets; winner judgment is based on the current database sources and scoring rules,圖沙・昌德的角色是「創始者」，重點在趨勢辨識、均線、通道與趨勢跟隨；動量、超買超賣、背離與趨勢強弱。,"Tushar S. Chande is classified here as creator; the focus is trend identification, moving averages, channels, and trend following; momentum, overbought/oversold conditions, divergence, and trend strength.",《新技術交易者》（1994）；參考來源：https://chartschool.stockcharts.com/table-of-contents/technical-indicators-and-overlays/technical-indicators/aroon；參考來源：https://www.fidelity.com/learning-center/trading-investing/technical-analysis/technical-indicator-guide/cmo；參考來源：https://www.investopedia.com/terms/s/stochrsi.asp,The New Technical Trader (1994); Reference source: https://chartschool.stockcharts.com/table-of-contents/technical-indicators-and-overlays/technical-indicators/aroon; Reference source: https://www.fidelity.com/learning-center/trading-investing/technical-analysis/technical-indicator-guide/cmo; Reference source: https://www.investopedia.com/terms/s/stochrsi.asp,4 筆研究材料；3 個不同來源；0 筆高證據等級；書籍 1 筆；論文/文章 0 筆。,4 research materials; 3 distinct sources; 0 high-evidence records; 1 book records; 0 paper/article records.
atr,ATR 平均真實波幅,Average True Range,volatility,2,1,優勝,Winner,j-welles-wilder-jr,19,威爾斯・威爾德,J. Welles Wilder Jr.,創始者,creator,indicator_creator,技術指標創作者,Indicator creator,118.55,25,3,2,1,1,0,最接近原始定義，適合作為該指標/方法的基準版本；有代表性書籍或教材可追溯；高證據等級來源較多；在原創性、資料覆蓋與專屬性綜合評分最高,"closest to the original definition and best used as the benchmark version; supported by traceable books or textbook material; has multiple high-evidence sources; highest combined score for originality, evidence coverage, and indicator specificity",原始版本仍需結合後續實證與現代市場條件；優勝判斷是以本資料庫目前來源與評分規則為基準,the original version should still be checked against later evidence and modern markets; winner judgment is based on the current database sources and scoring rules,威爾斯・威爾德的角色是「創始者」，重點在動量、超買超賣、背離與趨勢強弱；趨勢辨識、均線、通道與趨勢跟隨；波動率、通道寬度與風險環境。,"J. Welles Wilder Jr. is classified here as creator; the focus is momentum, overbought/oversold conditions, divergence, and trend strength; trend identification, moving averages, channels, and trend following; volatility, channel width, and risk regimes.",《技術交易系統新概念》（1978）；參考來源：https://books.google.com/books/about/New_Concepts_in_Technical_Trading_System.html?id=WesJAQAAMAAJ；參考來源：https://www.investopedia.com/terms/r/rsi.asp,New Concepts in Technical Trading Systems (1978); Reference source: https://books.google.com/books/about/New_Concepts_in_Technical_Trading_System.html?id=WesJAQAAMAAJ; Reference source: https://www.investopedia.com/terms/r/rsi.asp,3 筆研究材料；2 個不同來源；1 筆高證據等級；書籍 1 筆；論文/文章 0 筆。,3 research materials; 2 distinct sources; 1 high-evidence records; 1 book records; 0 paper/article records.
atr,ATR 平均真實波幅,Average True Range,volatility,2,2,重要補充,Important complement,olivier-seban,73,奧利維耶・塞班,Olivier Seban,ATR 通道應用,ATR channel application,indicator_creator,技術指標創作者,Indicator creator,69.15,19,3,2,0,0,0,可作為該指標/方法的輔助觀點,useful as a complementary view on the indicator/method,適合搭配優勝者資料交叉驗證,best used for cross-checking against the winning authority,奧利維耶・塞班的角色是「ATR 通道應用」，重點在趨勢辨識、均線、通道與趨勢跟隨；波動率、通道寬度與風險環境。,"Olivier Seban is classified here as ATR channel application; the focus is trend identification, moving averages, channels, and trend following; volatility, channel width, and risk regimes.",原文題名：SuperTrend（2009）；參考來源：https://www.investopedia.com/supertrend-indicator-7976167；參考來源：https://www.tradingview.com/support/solutions/43000634738-supertrend/,SuperTrend (2009); Reference source: https://www.investopedia.com/supertrend-indicator-7976167; Reference source: https://www.tradingview.com/support/solutions/43000634738-supertrend/,3 筆研究材料；2 個不同來源；0 筆高證據等級；書籍 0 筆；論文/文章 0 筆。,3 research materials; 2 distinct sources; 0 high-evidence records; 0 book records; 0 paper/article records.
backtesting,回測與系統驗證,Backtesting,research,9,1,優勝,Winner,david-aronson,100,大衛・阿隆森,David Aronson,資料探勘校正,data-mining adjustment,academic_practitioner,學術與實務研究者,Academic-practitioner,79.25,21,3,2,0,1,0,有代表性書籍或教材可追溯；在原創性、資料覆蓋與專屬性綜合評分最高,"supported by traceable books or textbook material; highest combined score for originality, evidence coverage, and indicator specificity",適合搭配優勝者資料交叉驗證；優勝判斷是以本資料庫目前來源與評分規則為基準,best used for cross-checking against the winning authority; winner judgment is based on the current database sources and scoring rules,大衛・阿隆森的角色是「資料探勘校正」，重點在實證檢驗、規則驗證與資料探勘風險控制；系統交易、規則設計與回測流程。,"David Aronson is classified here as data-mining adjustment; the focus is empirical testing, rule validation, and data-mining control; systematic trading, rule design, and backtesting.",《實證技術分析》（2006）；參考來源：https://www.amazon.com/Evidence-Based-Technical-Analysis-Scientific-Statistical/dp/0470008741；參考來源：https://www.wiley.com/en-ca/Evidence-Based%2BTechnical%2BAnalysis%3A%2BApplying%2Bthe%2BScientific%2BMethod%2Band%2BStatistical%2BInference%2Bto%2BTrading%2BSignals-p-9780470008744,Evidence-Based Technical Analysis (2006); Reference source: https://www.amazon.com/Evidence-Based-Technical-Analysis-Scientific-Statistical/dp/0470008741; Reference source: https://www.wiley.com/en-ca/Evidence-Based%2BTechnical%2BAnalysis%3A%2BApplying%2Bthe%2BScientific%2BMethod%2Band%2BStatistical%2BInference%2Bto%2BTrading%2BSignals-p-9780470008744,3 筆研究材料；2 個不同來源；0 筆高證據等級；書籍 1 筆；論文/文章 0 筆。,3 research materials; 2 distinct sources; 0 high-evidence records; 1 book records; 0 paper/article records.
backtesting,回測與系統驗證,Backtesting,research,9,2,重要補充,Important complement,julie-r-dahlquist,15,茱莉・達爾奎斯特,Julie R. Dahlquist,缺口策略研究,gap-strategy research,author_researcher,著作與研究兼具,Author-researcher,73.6,22,3,2,3,1,1,有代表性書籍或教材可追溯；有論文或研究文章支撐；高證據等級來源較多,supported by traceable books or textbook material; supported by papers or research articles; has multiple high-evidence sources,適合搭配優勝者資料交叉驗證,best used for cross-checking against the winning authority,茱莉・達爾奎斯特的角色是「缺口策略研究」，重點在圖表型態、價格結構與支撐阻力；實證檢驗、規則驗證與資料探勘風險控制。,"Julie R. Dahlquist is classified here as gap-strategy research; the focus is chart patterns, price structure, and support/resistance; empirical testing, rule validation, and data-mining control.",《技術分析：金融市場技術分析師完整資源》（2006）；原文題名：Analyzing Gaps for Profitable Trading Strategies（2011）；參考來源：https://cmtassociation.org/association/award-recognizing/charles-h-dow-award/,Technical Analysis: The Complete Resource for Financial Market Technicians (2006); Analyzing Gaps for Profitable Trading Strategies (2011); Reference source: https://cmtassociation.org/association/award-recognizing/charles-h-dow-award/,3 筆研究材料；2 個不同來源；3 筆高證據等級；書籍 1 筆；論文/文章 1 筆。,3 research materials; 2 distinct sources; 3 high-evidence records; 1 book records; 1 paper/article records.
backtesting,回測與系統驗證,Backtesting,research,9,3,重要補充,Important complement,thomas-n-bulkowski,39,湯瑪斯・布考斯基,Thomas N. Bulkowski,歷史樣本統計,historical sample statistics,author_researcher,著作與研究兼具,Author-researcher,72.45,23,3,2,1,1,0,有代表性書籍或教材可追溯；高證據等級來源較多,supported by traceable books or textbook material; has multiple high-evidence sources,適合搭配優勝者資料交叉驗證,best used for cross-checking against the winning authority,湯瑪斯・布考斯基的角色是「歷史樣本統計」，重點在圖表型態、價格結構與支撐阻力；實證檢驗、規則驗證與資料探勘風險控制。,"Thomas N. Bulkowski is classified here as historical sample statistics; the focus is chart patterns, price structure, and support/resistance; empirical testing, rule validation, and data-mining control.",《圖表型態百科全書》（2000）；參考來源：https://thepatternsite.com/；參考來源：https://www.amazon.com/Encyclopedia-Chart-Patterns-Thomas-Bulkowski/dp/0471668265,Encyclopedia of Chart Patterns (2000); Reference source: https://thepatternsite.com/; Reference source: https://www.amazon.com/Encyclopedia-Chart-Patterns-Thomas-Bulkowski/dp/0471668265,3 筆研究材料；2 個不同來源；1 筆高證據等級；書籍 1 筆；論文/文章 0 筆。,3 research materials; 2 distinct sources; 1 high-evidence records; 1 book records; 0 paper/article records.
backtesting,回測與系統驗證,Backtesting,research,9,4,重要補充,Important complement,andrew-w-lo,99,安德魯・羅,Andrew W. Lo,統計推論,statistical inference,academic,學術研究者,Academic researcher,72.2,22,4,3,1,1,1,有代表性書籍或教材可追溯；有論文或研究文章支撐；高證據等級來源較多,supported by traceable books or textbook material; supported by papers or research articles; has multiple high-evidence sources,適合搭配優勝者資料交叉驗證,best used for cross-checking against the winning authority,安德魯・羅的角色是「統計推論」，重點在實證檢驗、規則驗證與資料探勘風險控制；圖表型態、價格結構與支撐阻力。,"Andrew W. Lo is classified here as statistical inference; the focus is empirical testing, rule validation, and data-mining control; chart patterns, price structure, and support/resistance.",《技術分析基礎》（2000）；《技術分析的演進》（2010）；參考來源：https://ideas.repec.org/p/nbr/nberwo/7613.html；參考來源：https://papers.ssrn.com/sol3/papers.cfm?abstract_id=228099,Foundations of Technical Analysis (2000); The Evolution of Technical Analysis (2010); Reference source: https://ideas.repec.org/p/nbr/nberwo/7613.html; Reference source: https://papers.ssrn.com/sol3/papers.cfm?abstract_id=228099,4 筆研究材料；3 個不同來源；1 筆高證據等級；書籍 1 筆；論文/文章 1 筆。,4 research materials; 3 distinct sources; 1 high-evidence records; 1 book records; 1 paper/article records.
backtesting,回測與系統驗證,Backtesting,research,9,5,重要補充,Important complement,arthur-a-merrill,89,亞瑟・梅里爾,Arthur A. Merrill,型態統計,pattern statistics,author_researcher,著作與研究兼具,Author-researcher,68.7,18,5,3,2,2,0,有代表性書籍或教材可追溯；高證據等級來源較多,supported by traceable books or textbook material; has multiple high-evidence sources,適合搭配優勝者資料交叉驗證,best used for cross-checking against the winning authority,亞瑟・梅里爾的角色是「型態統計」，重點在圖表型態、價格結構與支撐阻力；週期、時間窗口與市場節奏判讀；實證檢驗、規則驗證與資料探勘風險控制。,"Arthur A. Merrill is classified here as pattern statistics; the focus is chart patterns, price structure, and support/resistance; cycles, timing windows, and market rhythm; empirical testing, rule validation, and data-mining control.",《華爾街價格行為》（1966）；《過濾波浪：基本理論》（1977）；參考來源：https://books.google.com/books/about/Behavior_of_Prices_on_Wall_Street.html?id=wEsUAQAAMAAJ；參考來源：https://openlibrary.org/books/OL5991950M/Behavior_of_prices_on_Wall_Street.,Behavior of Prices on Wall Street (1966); Filtered Waves: Basic Theory (1977); Reference source: https://books.google.com/books/about/Behavior_of_Prices_on_Wall_Street.html?id=wEsUAQAAMAAJ; Reference source: https://openlibrary.org/books/OL5991950M/Behavior_of_prices_on_Wall_Street.,5 筆研究材料；3 個不同來源；2 筆高證據等級；書籍 2 筆；論文/文章 0 筆。,5 research materials; 3 distinct sources; 2 high-evidence records; 2 book records; 0 paper/article records.
backtesting,回測與系統驗證,Backtesting,research,9,6,參考角色,Reference role,howard-bandy,60,霍華德・班迪,Howard Bandy,策略驗證,strategy validation,system_developer,交易系統開發者,Trading-system developer,64.2,18,3,2,1,2,0,有代表性書籍或教材可追溯；高證據等級來源較多,supported by traceable books or textbook material; has multiple high-evidence sources,適合搭配優勝者資料交叉驗證,best used for cross-checking against the winning authority,霍華德・班迪的角色是「策略驗證」，重點在系統交易、規則設計與回測流程；實證檢驗、規則驗證與資料探勘風險控制。,"Howard Bandy is classified here as strategy validation; the focus is systematic trading, rule design, and backtesting; empirical testing, rule validation, and data-mining control.",《量化交易系統》（2007）；《交易系統績效建模》（2011）；參考來源：https://guides.newman.baruch.cuny.edu/c.php?g=188442&p=1243542,Quantitative Trading Systems (2007); Modeling Trading System Performance (2011); Reference source: https://guides.newman.baruch.cuny.edu/c.php?g=188442&p=1243542,3 筆研究材料；2 個不同來源；1 筆高證據等級；書籍 2 筆；論文/文章 0 筆。,3 research materials; 2 distinct sources; 1 high-evidence records; 2 book records; 0 paper/article records.
backtesting,回測與系統驗證,Backtesting,research,9,7,參考角色,Reference role,murray-a-ruggiero-jr,58,穆雷・魯傑羅,Murray A. Ruggiero Jr.,策略測試,strategy testing,system_developer,交易系統開發者,Trading-system developer,62.6,18,2,2,1,1,0,有代表性書籍或教材可追溯；高證據等級來源較多,supported by traceable books or textbook material; has multiple high-evidence sources,適合搭配優勝者資料交叉驗證,best used for cross-checking against the winning authority,穆雷・魯傑羅的角色是「策略測試」，重點在系統交易、規則設計與回測流程；實證檢驗、規則驗證與資料探勘風險控制。,"Murray A. Ruggiero Jr. is classified here as strategy testing; the focus is systematic trading, rule design, and backtesting; empirical testing, rule validation, and data-mining control.",《控制論交易策略》（1997）；參考來源：https://guides.newman.baruch.cuny.edu/c.php?g=188442&p=1243542,Cybernetic Trading Strategies (1997); Reference source: https://guides.newman.baruch.cuny.edu/c.php?g=188442&p=1243542,2 筆研究材料；2 個不同來源；1 筆高證據等級；書籍 1 筆；論文/文章 0 筆。,2 research materials; 2 distinct sources; 1 high-evidence records; 1 book records; 0 paper/article records.
backtesting,回測與系統驗證,Backtesting,research,9,8,參考角色,Reference role,robert-pardo,59,羅伯特・帕多,Robert Pardo,系統測試,system testing,system_developer,交易系統開發者,Trading-system developer,62.6,18,2,2,1,1,0,有代表性書籍或教材可追溯；高證據等級來源較多,supported by traceable books or textbook material; has multiple high-evidence sources,適合搭配優勝者資料交叉驗證,best used for cross-checking against the winning authority,羅伯特・帕多的角色是「系統測試」，重點在實證檢驗、規則驗證與資料探勘風險控制；系統交易、規則設計與回測流程。,"Robert Pardo is classified here as system testing; the focus is empirical testing, rule validation, and data-mining control; systematic trading, rule design, and backtesting.",《交易系統設計、測試與最佳化》（1992）；參考來源：https://guides.newman.baruch.cuny.edu/c.php?g=188442&p=1243542,"Design, Testing, and Optimization of Trading Systems (1992); Reference source: https://guides.newman.baruch.cuny.edu/c.php?g=188442&p=1243542",2 筆研究材料；2 個不同來源；1 筆高證據等級；書籍 1 筆；論文/文章 0 筆。,2 research materials; 2 distinct sources; 1 high-evidence records; 1 book records; 0 paper/article records.
backtesting,回測與系統驗證,Backtesting,research,9,9,參考角色,Reference role,thomas-stridsman,61,湯瑪斯・史翠茲曼,Thomas Stridsman,策略測試,strategy testing,system_developer,交易系統開發者,Trading-system developer,61.55,17,2,2,1,1,0,有代表性書籍或教材可追溯；高證據等級來源較多,supported by traceable books or textbook material; has multiple high-evidence sources,適合搭配優勝者資料交叉驗證,best used for cross-checking against the winning authority,湯瑪斯・史翠茲曼的角色是「策略測試」，重點在系統交易、規則設計與回測流程；實證檢驗、規則驗證與資料探勘風險控制；趨勢辨識、均線、通道與趨勢跟隨。,"Thomas Stridsman is classified here as strategy testing; the focus is systematic trading, rule design, and backtesting; empirical testing, rule validation, and data-mining control; trend identification, moving averages, channels, and trend following.",《有效的交易系統》（2000）；參考來源：https://guides.newman.baruch.cuny.edu/c.php?g=188442&p=1243542,Trading Systems That Work (2000); Reference source: https://guides.newman.baruch.cuny.edu/c.php?g=188442&p=1243542,2 筆研究材料；2 個不同來源；1 筆高證據等級；書籍 1 筆；論文/文章 0 筆。,2 research materials; 2 distinct sources; 1 high-evidence records; 1 book records; 0 paper/article records.
bollinger-bands,布林通道,Bollinger Bands,volatility,2,1,優勝,Winner,john-bollinger,21,約翰・布林格,John Bollinger,創始者,creator,indicator_creator,技術指標創作者,Indicator creator,118.7,24,3,3,1,1,0,最接近原始定義，適合作為該指標/方法的基準版本；有代表性書籍或教材可追溯；高證據等級來源較多；在原創性、資料覆蓋與專屬性綜合評分最高,"closest to the original definition and best used as the benchmark version; supported by traceable books or textbook material; has multiple high-evidence sources; highest combined score for originality, evidence coverage, and indicator specificity",原始版本仍需結合後續實證與現代市場條件；優勝判斷是以本資料庫目前來源與評分規則為基準,the original version should still be checked against later evidence and modern markets; winner judgment is based on the current database sources and scoring rules,約翰・布林格的角色是「創始者」，重點在波動率、通道寬度與風險環境。,"John Bollinger is classified here as creator; the focus is volatility, channel width, and risk regimes.",《布林格談布林通道》（2001）；參考來源：https://www.bollingerbands.com/；參考來源：https://www.bollingercapital.com/team,Bollinger on Bollinger Bands (2001); Reference source: https://www.bollingerbands.com/; Reference source: https://www.bollingercapital.com/team,3 筆研究材料；3 個不同來源；1 筆高證據等級；書籍 1 筆；論文/文章 0 筆。,3 research materials; 3 distinct sources; 1 high-evidence records; 1 book records; 0 paper/article records.
bollinger-bands,布林通道,Bollinger Bands,volatility,2,2,參考角色,Reference role,jeremy-du-plessis,79,傑瑞米・杜普萊西斯,Jeremy du Plessis,P&F 結合指標,P&F-integrated indicator work,charting_specialist,圖表方法專家,Charting specialist,65.3,20,3,2,1,2,0,有代表性書籍或教材可追溯；高證據等級來源較多,supported by traceable books or textbook material; has multiple high-evidence sources,適合搭配優勝者資料交叉驗證,best used for cross-checking against the winning authority,傑瑞米・杜普萊西斯的角色是「P&F 結合指標」，重點在圖表型態、價格結構與支撐阻力；波動率、通道寬度與風險環境；動量、超買超賣、背離與趨勢強弱。,"Jeremy du Plessis is classified here as P&F-integrated indicator work; the focus is chart patterns, price structure, and support/resistance; volatility, channel width, and risk regimes; momentum, overbought/oversold conditions, divergence, and trend strength.",《點數圖權威指南》（2005）；《二十一世紀點數圖》（2015）；參考來源：https://harriman-house.com/authors/jeremy-du-plessis/21st-century-point-and-figure/9780857194428,The Definitive Guide to Point and Figure (2005); 21st Century Point and Figure (2015); Reference source: https://harriman-house.com/authors/jeremy-du-plessis/21st-century-point-and-figure/9780857194428,3 筆研究材料；2 個不同來源；1 筆高證據等級；書籍 2 筆；論文/文章 0 筆。,3 research materials; 2 distinct sources; 1 high-evidence records; 2 book records; 0 paper/article records.
breadth,市場寬度,Market Breadth,breadth,14,1,優勝,Winner,ned-davis,92,內德・戴維斯,Ned Davis,市場指標,market indicators,researcher,技術研究者,Technical researcher,82.0,20,6,4,0,2,0,有代表性書籍或教材可追溯；在原創性、資料覆蓋與專屬性綜合評分最高,"supported by traceable books or textbook material; highest combined score for originality, evidence coverage, and indicator specificity",適合搭配優勝者資料交叉驗證；優勝判斷是以本資料庫目前來源與評分規則為基準,best used for cross-checking against the winning authority; winner judgment is based on the current database sources and scoring rules,內德・戴維斯的角色是「市場指標」，重點在市場寬度、內部強弱與指數健康度判讀；市場情緒、逆向指標與群眾心理；實證檢驗、規則驗證與資料探勘風險控制。,"Ned Davis is classified here as market indicators; the focus is market breadth, internal strength, and index health; sentiment, contrarian indicators, and crowd psychology; empirical testing, rule validation, and data-mining control.",《做對判斷或賺到錢》（1991）；《研究驅動型投資者》（2000）；參考來源：https://books.google.com/books/about/Being_Right_or_Making_Money.html?id=wLhYBQAAQBAJ；參考來源：https://info.ndr.com/ndr-signals,Being Right or Making Money (1991); The Research Driven Investor (2000); Reference source: https://books.google.com/books/about/Being_Right_or_Making_Money.html?id=wLhYBQAAQBAJ; Reference source: https://info.ndr.com/ndr-signals,6 筆研究材料；4 個不同來源；0 筆高證據等級；書籍 2 筆；論文/文章 0 筆。,6 research materials; 4 distinct sources; 0 high-evidence records; 2 book records; 0 paper/article records.
breadth,市場寬度,Market Breadth,breadth,14,2,強力候選,Strong candidate,larry-williams,27,拉瑞・威廉斯,Larry Williams,Dow Award 研究,Dow Award research,indicator_creator,技術指標創作者,Indicator creator,85.4,24,4,3,2,1,1,有代表性書籍或教材可追溯；有論文或研究文章支撐；高證據等級來源較多,supported by traceable books or textbook material; supported by papers or research articles; has multiple high-evidence sources,適合搭配優勝者資料交叉驗證,best used for cross-checking against the winning authority,拉瑞・威廉斯的角色是「Dow Award 研究」，重點在動量、超買超賣、背離與趨勢強弱；市場寬度、內部強弱與指數健康度判讀。,"Larry Williams is classified here as Dow Award research; the focus is momentum, overbought/oversold conditions, divergence, and trend strength; market breadth, internal strength, and index health.",《我去年如何交易商品賺進一百萬美元》（1979）；原文題名：The Ripple Effect of Daily New Lows（2024）；參考來源：https://cmtassociation.org/association/award-recognizing/charles-h-dow-award/；參考來源：https://www.fidelity.com/learning-center/trading-investing/technical-analysis/technical-indicator-guide/williams-r,How I Made One Million Dollars Last Year Trading Commodities (1979); The Ripple Effect of Daily New Lows (2024); Reference source: https://cmtassociation.org/association/award-recognizing/charles-h-dow-award/; Reference source: https://www.fidelity.com/learning-center/trading-investing/technical-analysis/technical-indicator-guide/williams-r,4 筆研究材料；3 個不同來源；2 筆高證據等級；書籍 1 筆；論文/文章 1 筆。,4 research materials; 3 distinct sources; 2 high-evidence records; 1 book records; 1 paper/article records.
breadth,市場寬度,Market Breadth,breadth,14,3,重要補充,Important complement,ralph-vince,97,拉爾夫・文斯,Ralph Vince,新低數研究,new-lows research,researcher_author,研究者兼作者,Researcher-author,73.8,22,3,3,3,1,1,有代表性書籍或教材可追溯；有論文或研究文章支撐；高證據等級來源較多,supported by traceable books or textbook material; supported by papers or research articles; has multiple high-evidence sources,適合搭配優勝者資料交叉驗證,best used for cross-checking against the winning authority,拉爾夫・文斯的角色是「新低數研究」，重點在市場寬度、內部強弱與指數健康度判讀；系統交易、規則設計與回測流程；實證檢驗、規則驗證與資料探勘風險控制。,"Ralph Vince is classified here as new-lows research; the focus is market breadth, internal strength, and index health; systematic trading, rule design, and backtesting; empirical testing, rule validation, and data-mining control.",《資金管理數學》（1992）；原文題名：The Ripple Effect of Daily New Lows（2024）；參考來源：https://cmtassociation.org/association/award-recognizing/charles-h-dow-award/,The Mathematics of Money Management (1992); The Ripple Effect of Daily New Lows (2024); Reference source: https://cmtassociation.org/association/award-recognizing/charles-h-dow-award/,3 筆研究材料；3 個不同來源；3 筆高證據等級；書籍 1 筆；論文/文章 1 筆。,3 research materials; 3 distinct sources; 3 high-evidence records; 1 book records; 1 paper/article records.
breadth,市場寬度,Market Breadth,breadth,14,4,重要補充,Important complement,sherman-mcclellan,30,謝爾曼・麥克萊倫,Sherman McClellan,市場寬度,market breadth,indicator_creator,技術指標創作者,Indicator creator,70.2,20,3,2,0,1,0,有代表性書籍或教材可追溯,supported by traceable books or textbook material,適合搭配優勝者資料交叉驗證,best used for cross-checking against the winning authority,謝爾曼・麥克萊倫的角色是「市場寬度」，重點在市場寬度、內部強弱與指數健康度判讀。,"Sherman McClellan is classified here as market breadth; the focus is market breadth, internal strength, and index health.",《獲利型態》；參考來源：https://www.investopedia.com/terms/m/mcclellanoscillator.asp；參考來源：https://www.mcoscillator.com/learning_center/kb/mcclellan_oscillator/the_origin_story_of_the_mcclellan_oscillator/,Patterns for Profit; Reference source: https://www.investopedia.com/terms/m/mcclellanoscillator.asp; Reference source: https://www.mcoscillator.com/learning_center/kb/mcclellan_oscillator/the_origin_story_of_the_mcclellan_oscillator/,3 筆研究材料；2 個不同來源；0 筆高證據等級；書籍 1 筆；論文/文章 0 筆。,3 research materials; 2 distinct sources; 0 high-evidence records; 1 book records; 0 paper/article records.
breadth,市場寬度,Market Breadth,breadth,14,5,重要補充,Important complement,marian-mcclellan,31,瑪麗安・麥克萊倫,Marian McClellan,市場寬度,market breadth,indicator_creator,技術指標創作者,Indicator creator,70.2,20,3,2,0,1,0,有代表性書籍或教材可追溯,supported by traceable books or textbook material,適合搭配優勝者資料交叉驗證,best used for cross-checking against the winning authority,瑪麗安・麥克萊倫的角色是「市場寬度」，重點在市場寬度、內部強弱與指數健康度判讀。,"Marian McClellan is classified here as market breadth; the focus is market breadth, internal strength, and index health.",《獲利型態》；參考來源：https://www.investopedia.com/terms/m/mcclellanoscillator.asp；參考來源：https://www.mcoscillator.com/learning_center/kb/mcclellan_oscillator/the_origin_story_of_the_mcclellan_oscillator/,Patterns for Profit; Reference source: https://www.investopedia.com/terms/m/mcclellanoscillator.asp; Reference source: https://www.mcoscillator.com/learning_center/kb/mcclellan_oscillator/the_origin_story_of_the_mcclellan_oscillator/,3 筆研究材料；2 個不同來源；0 筆高證據等級；書籍 1 筆；論文/文章 0 筆。,3 research materials; 2 distinct sources; 0 high-evidence records; 1 book records; 0 paper/article records.
breadth,市場寬度,Market Breadth,breadth,14,6,重要補充,Important complement,richard-w-arms-jr,32,理查・阿姆斯,Richard W. Arms Jr.,市場寬度,market breadth,indicator_creator,技術指標創作者,Indicator creator,70.2,20,3,2,0,0,0,可作為該指標/方法的輔助觀點,useful as a complementary view on the indicator/method,適合搭配優勝者資料交叉驗證,best used for cross-checking against the winning authority,理查・阿姆斯的角色是「市場寬度」，重點在市場寬度、內部強弱與指數健康度判讀；量價關係、資金流與供需分析。,"Richard W. Arms Jr. is classified here as market breadth; the focus is market breadth, internal strength, and index health; price-volume relationships, money flow, and supply/demand.",原文題名：The Arms Index（1967）；參考來源：https://chartschool.stockcharts.com/table-of-contents/market-indicators/arms-index-trin；參考來源：https://www.investopedia.com/terms/a/arms.asp,The Arms Index (1967); Reference source: https://chartschool.stockcharts.com/table-of-contents/market-indicators/arms-index-trin; Reference source: https://www.investopedia.com/terms/a/arms.asp,3 筆研究材料；2 個不同來源；0 筆高證據等級；書籍 0 筆；論文/文章 0 筆。,3 research materials; 2 distinct sources; 0 high-evidence records; 0 book records; 0 paper/article records.
breadth,市場寬度,Market Breadth,breadth,14,7,重要補充,Important complement,edson-gould,45,艾德森・古爾德,Edson Gould,市場指標,market indicators,foundation,理論奠基者,Foundational theorist,69.95,19,4,3,0,0,0,可作為該指標/方法的輔助觀點,useful as a complementary view on the indicator/method,適合搭配優勝者資料交叉驗證,best used for cross-checking against the winning authority,艾德森・古爾德的角色是「市場指標」，重點在市場情緒、逆向指標與群眾心理；市場寬度、內部強弱與指數健康度判讀；趨勢辨識、均線、通道與趨勢跟隨。,"Edson Gould is classified here as market indicators; the focus is sentiment, contrarian indicators, and crowd psychology; market breadth, internal strength, and index health; trend identification, moving averages, channels, and trend following.",原文題名：Findings & Forecasts；參考來源：https://chartschool.stockcharts.com/table-of-contents/chart-analysis/chart-annotation-tools/speed-resistance-lines；參考來源：https://www.investopedia.com/articles/financial-theory/10/pioneers-technical-analysis.asp；參考來源：https://www.mcoscillator.com/learning_center/weekly_chart/edson_goulds_daily_point_index/,Findings & Forecasts; Reference source: https://chartschool.stockcharts.com/table-of-contents/chart-analysis/chart-annotation-tools/speed-resistance-lines; Reference source: https://www.investopedia.com/articles/financial-theory/10/pioneers-technical-analysis.asp; Reference source: https://www.mcoscillator.com/learning_center/weekly_chart/edson_goulds_daily_point_index/,4 筆研究材料；3 個不同來源；0 筆高證據等級；書籍 0 筆；論文/文章 0 筆。,4 research materials; 3 distinct sources; 0 high-evidence records; 0 book records; 0 paper/article records.
breadth,市場寬度,Market Breadth,breadth,14,8,參考角色,Reference role,paul-desmond,46,保羅・德斯蒙德,Paul Desmond,熊市底部研究,bear-market bottom research,researcher,技術研究者,Technical researcher,67.8,20,2,2,2,0,1,有論文或研究文章支撐；高證據等級來源較多,supported by papers or research articles; has multiple high-evidence sources,適合搭配優勝者資料交叉驗證,best used for cross-checking against the winning authority,保羅・德斯蒙德的角色是「熊市底部研究」，重點在市場寬度、內部強弱與指數健康度判讀；市場情緒、逆向指標與群眾心理；技術分析基本理論與市場趨勢框架。,"Paul Desmond is classified here as bear-market bottom research; the focus is market breadth, internal strength, and index health; sentiment, contrarian indicators, and crowd psychology; core technical-analysis theory and trend frameworks.",原文題名：Identifying Bear Market Bottoms and New Bull Markets（2002）；參考來源：https://cmtassociation.org/association/award-recognizing/charles-h-dow-award/,Identifying Bear Market Bottoms and New Bull Markets (2002); Reference source: https://cmtassociation.org/association/award-recognizing/charles-h-dow-award/,2 筆研究材料；2 個不同來源；2 筆高證據等級；書籍 0 筆；論文/文章 1 筆。,2 research materials; 2 distinct sources; 2 high-evidence records; 0 book records; 1 paper/article records.
breadth,市場寬度,Market Breadth,breadth,14,9,參考角色,Reference role,buff-dormeier,94,巴夫・多米爾,Buff Dormeier,成交量廣度,volume breadth,researcher_author,研究者兼作者,Researcher-author,66.8,22,3,3,3,1,1,有代表性書籍或教材可追溯；有論文或研究文章支撐；高證據等級來源較多,supported by traceable books or textbook material; supported by papers or research articles; has multiple high-evidence sources,適合搭配優勝者資料交叉驗證,best used for cross-checking against the winning authority,巴夫・多米爾的角色是「成交量廣度」，重點在量價關係、資金流與供需分析；市場寬度、內部強弱與指數健康度判讀；實證檢驗、規則驗證與資料探勘風險控制。,"Buff Dormeier is classified here as volume breadth; the focus is price-volume relationships, money flow, and supply/demand; market breadth, internal strength, and index health; empirical testing, rule validation, and data-mining control.",原文題名：Price and Volume: Digging Deeper（2007）；《成交量分析投資法》（2011）；參考來源：https://cmtassociation.org/association/award-recognizing/charles-h-dow-award/,Price and Volume: Digging Deeper (2007); Investing with Volume Analysis (2011); Reference source: https://cmtassociation.org/association/award-recognizing/charles-h-dow-award/,3 筆研究材料；3 個不同來源；3 筆高證據等級；書籍 1 筆；論文/文章 1 筆。,3 research materials; 3 distinct sources; 3 high-evidence records; 1 book records; 1 paper/article records.
breadth,市場寬度,Market Breadth,breadth,14,10,參考角色,Reference role,andrew-thrasher,95,安德魯・思拉舍,Andrew Thrasher,市場健康,market health,researcher,技術研究者,Technical researcher,64.7,20,3,3,3,0,2,有論文或研究文章支撐；高證據等級來源較多,supported by papers or research articles; has multiple high-evidence sources,適合搭配優勝者資料交叉驗證,best used for cross-checking against the winning authority,安德魯・思拉舍的角色是「市場健康」，重點在波動率、通道寬度與風險環境；市場情緒、逆向指標與群眾心理；市場寬度、內部強弱與指數健康度判讀。,"Andrew Thrasher is classified here as market health; the focus is volatility, channel width, and risk regimes; sentiment, contrarian indicators, and crowd psychology; market breadth, internal strength, and index health.",原文題名：Forecasting a Volatility Tsunami（2017）；原文題名：The 5% Canary（2023）；參考來源：https://cmtassociation.org/association/award-recognizing/charles-h-dow-award/,Forecasting a Volatility Tsunami (2017); The 5% Canary (2023); Reference source: https://cmtassociation.org/association/award-recognizing/charles-h-dow-award/,3 筆研究材料；3 個不同來源；3 筆高證據等級；書籍 0 筆；論文/文章 2 筆。,3 research materials; 3 distinct sources; 3 high-evidence records; 0 book records; 2 paper/article records.
breadth,市場寬度,Market Breadth,breadth,14,11,參考角色,Reference role,john-j-murphy,11,約翰・墨菲,John J. Murphy,市場分析,market analysis,author,經典著作作者,Classic author,63.45,23,3,2,1,1,0,有代表性書籍或教材可追溯；高證據等級來源較多,supported by traceable books or textbook material; has multiple high-evidence sources,適合搭配優勝者資料交叉驗證,best used for cross-checking against the winning authority,約翰・墨菲的角色是「市場分析」，重點在趨勢辨識、均線、通道與趨勢跟隨；圖表型態、價格結構與支撐阻力；市場寬度、內部強弱與指數健康度判讀。,"John J. Murphy is classified here as market analysis; the focus is trend identification, moving averages, channels, and trend following; chart patterns, price structure, and support/resistance; market breadth, internal strength, and index health.",《金融市場技術分析》（1999）；參考來源：https://www.amazon.com/Technical-Analysis-Financial-Markets-Comprehensive/dp/0735200661；參考來源：https://www.investopedia.com/articles/personal-finance/090916/top-5-books-learn-technical-analysis.asp,Technical Analysis of the Financial Markets (1999); Reference source: https://www.amazon.com/Technical-Analysis-Financial-Markets-Comprehensive/dp/0735200661; Reference source: https://www.investopedia.com/articles/personal-finance/090916/top-5-books-learn-technical-analysis.asp,3 筆研究材料；2 個不同來源；1 筆高證據等級；書籍 1 筆；論文/文章 0 筆。,3 research materials; 2 distinct sources; 1 high-evidence records; 1 book records; 0 paper/article records.
breadth,市場寬度,Market Breadth,breadth,14,12,參考角色,Reference role,walter-deemer,91,華特・迪默,Walter Deemer,市場備忘錄,market memos,practitioner_author,實戰交易者兼作者,Practitioner-author,61.05,19,4,3,1,1,0,有代表性書籍或教材可追溯；高證據等級來源較多,supported by traceable books or textbook material; has multiple high-evidence sources,適合搭配優勝者資料交叉驗證,best used for cross-checking against the winning authority,華特・迪默的角色是「市場備忘錄」，重點在趨勢辨識、均線、通道與趨勢跟隨；市場寬度、內部強弱與指數健康度判讀；市場情緒、逆向指標與群眾心理。,"Walter Deemer is classified here as market memos; the focus is trend identification, moving averages, channels, and trend following; market breadth, internal strength, and index health; sentiment, contrarian indicators, and crowd psychology.",原文題名：Market Memos（1966）；《迪默談技術分析》（2012）；參考來源：https://deemermarketmemos.com/；參考來源：https://www.walterdeemer.com/,Market Memos (1966); Deemer on Technical Analysis (2012); Reference source: https://deemermarketmemos.com/; Reference source: https://www.walterdeemer.com/,4 筆研究材料；3 個不同來源；1 筆高證據等級；書籍 1 筆；論文/文章 0 筆。,4 research materials; 3 distinct sources; 1 high-evidence records; 1 book records; 0 paper/article records.
breadth,市場寬度,Market Breadth,breadth,14,13,參考角色,Reference role,jason-goepfert,93,傑森・戈普弗特,Jason Goepfert,基金現金/市場指標,mutual-fund cash / market indicators,researcher,技術研究者,Technical researcher,60.8,20,2,2,2,0,1,有論文或研究文章支撐；高證據等級來源較多,supported by papers or research articles; has multiple high-evidence sources,適合搭配優勝者資料交叉驗證,best used for cross-checking against the winning authority,傑森・戈普弗特的角色是「基金現金/市場指標」，重點在市場情緒、逆向指標與群眾心理；市場寬度、內部強弱與指數健康度判讀；實證檢驗、規則驗證與資料探勘風險控制。,"Jason Goepfert is classified here as mutual-fund cash / market indicators; the focus is sentiment, contrarian indicators, and crowd psychology; market breadth, internal strength, and index health; empirical testing, rule validation, and data-mining control.","原文題名：Mutual Fund Cash Reserves, The Risk-Free Rate, and Stock Market Performance（2004）；參考來源：https://cmtassociation.org/association/award-recognizing/charles-h-dow-award/","Mutual Fund Cash Reserves, The Risk-Free Rate, and Stock Market Performance (2004); Reference source: https://cmtassociation.org/association/award-recognizing/charles-h-dow-award/",2 筆研究材料；2 個不同來源；2 筆高證據等級；書籍 0 筆；論文/文章 1 筆。,2 research materials; 2 distinct sources; 2 high-evidence records; 0 book records; 1 paper/article records.
breadth,市場寬度,Market Breadth,breadth,14,14,參考角色,Reference role,a-w-cohen,77,A・W・科恩,A. W. Cohen,Bullish Percent,Bullish Percent,charting_specialist,圖表方法專家,Charting specialist,59.95,19,4,3,0,1,0,有代表性書籍或教材可追溯,supported by traceable books or textbook material,適合搭配優勝者資料交叉驗證,best used for cross-checking against the winning authority,A・W・科恩的角色是「Bullish Percent」，重點在圖表型態、價格結構與支撐阻力；市場寬度、內部強弱與指數健康度判讀。,"A. W. Cohen is classified here as Bullish Percent; the focus is chart patterns, price structure, and support/resistance; market breadth, internal strength, and index health.",《如何使用點數圖三點反轉法交易股票》（1947）；參考來源：https://books.google.com/books/about/How_to_Use_the_Three_point_Reversal_Meth.html?id=iMdEAAAAIAAJ；參考來源：https://chartschool.stockcharts.com/table-of-contents/chart-analysis/point-and-figure-charts/point-and-figure-basics/introduction-to-point-and-figure-charts；參考來源：https://openlibrary.org/works/OL174845W/How_to_use_the_three-point_reversal_method_of_point_figure_stock_market_trading,How to Use the Three-Point Reversal Method of Point & Figure Stock Market Trading (1947); Reference source: https://books.google.com/books/about/How_to_Use_the_Three_point_Reversal_Meth.html?id=iMdEAAAAIAAJ; Reference source: https://chartschool.stockcharts.com/table-of-contents/chart-analysis/point-and-figure-charts/point-and-figure-basics/introduction-to-point-and-figure-charts; Reference source: https://openlibrary.org/works/OL174845W/How_to_use_the_three-point_reversal_method_of_point_figure_stock_market_trading,4 筆研究材料；3 個不同來源；0 筆高證據等級；書籍 1 筆；論文/文章 0 筆。,4 research materials; 3 distinct sources; 0 high-evidence records; 1 book records; 0 paper/article records.
can-slim,CAN SLIM,CAN SLIM,stock_selection,1,1,優勝,Winner,william-j-o-neil,49,威廉・歐尼爾,William J. O'Neil,創始者,creator,author_practitioner,作者兼實戰交易者,Author-practitioner,95.4,24,3,2,0,1,0,最接近原始定義，適合作為該指標/方法的基準版本；有代表性書籍或教材可追溯；在原創性、資料覆蓋與專屬性綜合評分最高,"closest to the original definition and best used as the benchmark version; supported by traceable books or textbook material; highest combined score for originality, evidence coverage, and indicator specificity",原始版本仍需結合後續實證與現代市場條件；優勝判斷是以本資料庫目前來源與評分規則為基準,the original version should still be checked against later evidence and modern markets; winner judgment is based on the current database sources and scoring rules,威廉・歐尼爾的角色是「創始者」，重點在股票選股、相對強弱與成長股篩選；圖表型態、價格結構與支撐阻力。,"William J. O'Neil is classified here as creator; the focus is stock selection, relative strength, and growth-stock screening; chart patterns, price structure, and support/resistance.",《如何在股票中賺錢》（1988）；參考來源：https://www.fidelity.com/learning-center/trading-investing/technical-analysis/technical-indicator-guide/cup-with-handle；參考來源：https://www.investopedia.com/terms/c/canslim.asp,How to Make Money in Stocks (1988); Reference source: https://www.fidelity.com/learning-center/trading-investing/technical-analysis/technical-indicator-guide/cup-with-handle; Reference source: https://www.investopedia.com/terms/c/canslim.asp,3 筆研究材料；2 個不同來源；0 筆高證據等級；書籍 1 筆；論文/文章 0 筆。,3 research materials; 2 distinct sources; 0 high-evidence records; 1 book records; 0 paper/article records.
candlestick,K 線 / 蠟燭圖,Candlestick Charting,charting,3,1,優勝,Winner,steve-nison,36,史蒂夫・尼森,Steve Nison,西方推廣者,Western popularizer,author,經典著作作者,Classic author,93.15,23,4,3,0,1,0,有代表性書籍或教材可追溯；在原創性、資料覆蓋與專屬性綜合評分最高,"supported by traceable books or textbook material; highest combined score for originality, evidence coverage, and indicator specificity",偏整理或推廣，原創性通常低於指標創作者；優勝判斷是以本資料庫目前來源與評分規則為基準,"more synthetic/promotional, usually less original than the indicator creator; winner judgment is based on the current database sources and scoring rules",史蒂夫・尼森的角色是「西方推廣者」，重點在圖表型態、價格結構與支撐阻力。,"Steve Nison is classified here as Western popularizer; the focus is chart patterns, price structure, and support/resistance.",《日本蠟燭圖技術》（1991）；參考來源：https://candlecharts.com/about-steve-nison/；參考來源：https://openlibrary.org/books/OL1864784M/Japanese_candlestick_charting_techniques；參考來源：https://www.amazon.com/Japanese-Candlestick-Charting-Techniques-Second/dp/0735201811,Japanese Candlestick Charting Techniques (1991); Reference source: https://candlecharts.com/about-steve-nison/; Reference source: https://openlibrary.org/books/OL1864784M/Japanese_candlestick_charting_techniques; Reference source: https://www.amazon.com/Japanese-Candlestick-Charting-Techniques-Second/dp/0735201811,4 筆研究材料；3 個不同來源；0 筆高證據等級；書籍 1 筆；論文/文章 0 筆。,4 research materials; 3 distinct sources; 0 high-evidence records; 1 book records; 0 paper/article records.
candlestick,K 線 / 蠟燭圖,Candlestick Charting,charting,3,2,重要補充,Important complement,thomas-n-bulkowski,39,湯瑪斯・布考斯基,Thomas N. Bulkowski,型態統計,pattern statistics,author_researcher,著作與研究兼具,Author-researcher,68.45,23,3,2,1,1,0,有代表性書籍或教材可追溯；高證據等級來源較多,supported by traceable books or textbook material; has multiple high-evidence sources,適合搭配優勝者資料交叉驗證,best used for cross-checking against the winning authority,湯瑪斯・布考斯基的角色是「型態統計」，重點在圖表型態、價格結構與支撐阻力；實證檢驗、規則驗證與資料探勘風險控制。,"Thomas N. Bulkowski is classified here as pattern statistics; the focus is chart patterns, price structure, and support/resistance; empirical testing, rule validation, and data-mining control.",《圖表型態百科全書》（2000）；參考來源：https://thepatternsite.com/；參考來源：https://www.amazon.com/Encyclopedia-Chart-Patterns-Thomas-Bulkowski/dp/0471668265,Encyclopedia of Chart Patterns (2000); Reference source: https://thepatternsite.com/; Reference source: https://www.amazon.com/Encyclopedia-Chart-Patterns-Thomas-Bulkowski/dp/0471668265,3 筆研究材料；2 個不同來源；1 筆高證據等級；書籍 1 筆；論文/文章 0 筆。,3 research materials; 2 distinct sources; 1 high-evidence records; 1 book records; 0 paper/article records.
candlestick,K 線 / 蠟燭圖,Candlestick Charting,charting,3,3,參考角色,Reference role,munehisa-homma,38,本間宗久,Munehisa Homma,歷史源流,historical origin,foundation,理論奠基者,Foundational theorist,65.9,18,4,3,0,0,0,可作為該指標/方法的輔助觀點,useful as a complementary view on the indicator/method,適合搭配優勝者資料交叉驗證,best used for cross-checking against the winning authority,本間宗久的角色是「歷史源流」，重點在圖表型態、價格結構與支撐阻力。,"Munehisa Homma is classified here as historical origin; the focus is chart patterns, price structure, and support/resistance.",原文題名：Sakata Rules；參考來源：https://en.wikipedia.org/wiki/Munehisa_Homma；參考來源：https://ftmo.com/en/blog/technical-analysis-history-of-candlestick-charts/；參考來源：https://www.hotcandlestick.com/candlesticks.htm,Sakata Rules; Reference source: https://en.wikipedia.org/wiki/Munehisa_Homma; Reference source: https://ftmo.com/en/blog/technical-analysis-history-of-candlestick-charts/; Reference source: https://www.hotcandlestick.com/candlesticks.htm,4 筆研究材料；3 個不同來源；0 筆高證據等級；書籍 0 筆；論文/文章 0 筆。,4 research materials; 3 distinct sources; 0 high-evidence records; 0 book records; 0 paper/article records.
cci,CCI 商品通道指標,Commodity Channel Index,momentum,1,1,優勝,Winner,donald-r-lambert,26,唐納德・蘭伯特,Donald R. Lambert,創始者,creator,indicator_creator,技術指標創作者,Indicator creator,99.7,20,2,2,1,0,1,最接近原始定義，適合作為該指標/方法的基準版本；有論文或研究文章支撐；高證據等級來源較多；在原創性、資料覆蓋與專屬性綜合評分最高,"closest to the original definition and best used as the benchmark version; supported by papers or research articles; has multiple high-evidence sources; highest combined score for originality, evidence coverage, and indicator specificity",原始版本仍需結合後續實證與現代市場條件；優勝判斷是以本資料庫目前來源與評分規則為基準,the original version should still be checked against later evidence and modern markets; winner judgment is based on the current database sources and scoring rules,唐納德・蘭伯特的角色是「創始者」，重點在動量、超買超賣、背離與趨勢強弱；週期、時間窗口與市場節奏判讀。,"Donald R. Lambert is classified here as creator; the focus is momentum, overbought/oversold conditions, divergence, and trend strength; cycles, timing windows, and market rhythm.",原文題名：Commodity Channel Index（1980）；參考來源：https://chartschool.stockcharts.com/table-of-contents/technical-indicators-and-overlays/technical-indicators/commodity-channel-index-cci,Commodity Channel Index (1980); Reference source: https://chartschool.stockcharts.com/table-of-contents/technical-indicators-and-overlays/technical-indicators/commodity-channel-index-cci,2 筆研究材料；2 個不同來源；1 筆高證據等級；書籍 0 筆；論文/文章 1 筆。,2 research materials; 2 distinct sources; 1 high-evidence records; 0 book records; 1 paper/article records.
chaikin-money-flow,Chaikin 資金流,Chaikin Money Flow,volume,1,1,優勝,Winner,marc-chaikin,28,馬克・柴金,Marc Chaikin,創始者,creator,indicator_creator,技術指標創作者,Indicator creator,100.2,20,3,2,0,0,0,最接近原始定義，適合作為該指標/方法的基準版本；在原創性、資料覆蓋與專屬性綜合評分最高,"closest to the original definition and best used as the benchmark version; highest combined score for originality, evidence coverage, and indicator specificity",原始版本仍需結合後續實證與現代市場條件；優勝判斷是以本資料庫目前來源與評分規則為基準,the original version should still be checked against later evidence and modern markets; winner judgment is based on the current database sources and scoring rules,馬克・柴金的角色是「創始者」，重點在量價關係、資金流與供需分析。,"Marc Chaikin is classified here as creator; the focus is price-volume relationships, money flow, and supply/demand.",原文題名：Chaikin Money Flow；參考來源：https://chaikinanalytics.com/；參考來源：https://www.fidelity.com/learning-center/trading-investing/technical-analysis/technical-indicator-guide/cmf,Chaikin Money Flow; Reference source: https://chaikinanalytics.com/; Reference source: https://www.fidelity.com/learning-center/trading-investing/technical-analysis/technical-indicator-guide/cmf,3 筆研究材料；2 個不同來源；0 筆高證據等級；書籍 0 筆；論文/文章 0 筆。,3 research materials; 2 distinct sources; 0 high-evidence records; 0 book records; 0 paper/article records.
chart-patterns,圖表型態,Chart Patterns,charting,12,1,優勝,Winner,thomas-n-bulkowski,39,湯瑪斯・布考斯基,Thomas N. Bulkowski,統計研究者,statistical researcher,author_researcher,著作與研究兼具,Author-researcher,86.45,23,3,2,1,1,0,有代表性書籍或教材可追溯；高證據等級來源較多；在原創性、資料覆蓋與專屬性綜合評分最高,"supported by traceable books or textbook material; has multiple high-evidence sources; highest combined score for originality, evidence coverage, and indicator specificity",適合搭配優勝者資料交叉驗證；優勝判斷是以本資料庫目前來源與評分規則為基準,best used for cross-checking against the winning authority; winner judgment is based on the current database sources and scoring rules,湯瑪斯・布考斯基的角色是「統計研究者」，重點在圖表型態、價格結構與支撐阻力；實證檢驗、規則驗證與資料探勘風險控制。,"Thomas N. Bulkowski is classified here as statistical researcher; the focus is chart patterns, price structure, and support/resistance; empirical testing, rule validation, and data-mining control.",《圖表型態百科全書》（2000）；參考來源：https://thepatternsite.com/；參考來源：https://www.amazon.com/Encyclopedia-Chart-Patterns-Thomas-Bulkowski/dp/0471668265,Encyclopedia of Chart Patterns (2000); Reference source: https://thepatternsite.com/; Reference source: https://www.amazon.com/Encyclopedia-Chart-Patterns-Thomas-Bulkowski/dp/0471668265,3 筆研究材料；2 個不同來源；1 筆高證據等級；書籍 1 筆；論文/文章 0 筆。,3 research materials; 2 distinct sources; 1 high-evidence records; 1 book records; 0 paper/article records.
chart-patterns,圖表型態,Chart Patterns,charting,12,2,重要補充,Important complement,julie-r-dahlquist,15,茱莉・達爾奎斯特,Julie R. Dahlquist,教材作者,textbook author,author_researcher,著作與研究兼具,Author-researcher,75.6,22,3,2,3,1,1,有代表性書籍或教材可追溯；有論文或研究文章支撐；高證據等級來源較多,supported by traceable books or textbook material; supported by papers or research articles; has multiple high-evidence sources,偏整理或推廣，原創性通常低於指標創作者,"more synthetic/promotional, usually less original than the indicator creator",茱莉・達爾奎斯特的角色是「教材作者」，重點在圖表型態、價格結構與支撐阻力；實證檢驗、規則驗證與資料探勘風險控制。,"Julie R. Dahlquist is classified here as textbook author; the focus is chart patterns, price structure, and support/resistance; empirical testing, rule validation, and data-mining control.",《技術分析：金融市場技術分析師完整資源》（2006）；原文題名：Analyzing Gaps for Profitable Trading Strategies（2011）；參考來源：https://cmtassociation.org/association/award-recognizing/charles-h-dow-award/,Technical Analysis: The Complete Resource for Financial Market Technicians (2006); Analyzing Gaps for Profitable Trading Strategies (2011); Reference source: https://cmtassociation.org/association/award-recognizing/charles-h-dow-award/,3 筆研究材料；2 個不同來源；3 筆高證據等級；書籍 1 筆；論文/文章 1 筆。,3 research materials; 2 distinct sources; 3 high-evidence records; 1 book records; 1 paper/article records.
chart-patterns,圖表型態,Chart Patterns,charting,12,3,重要補充,Important complement,robert-d-edwards,9,羅伯特・愛德華茲,Robert D. Edwards,經典教材作者,classic textbook author,author,經典著作作者,Classic author,74.4,22,3,2,1,1,0,有代表性書籍或教材可追溯；高證據等級來源較多,supported by traceable books or textbook material; has multiple high-evidence sources,偏整理或推廣，原創性通常低於指標創作者,"more synthetic/promotional, usually less original than the indicator creator",羅伯特・愛德華茲的角色是「經典教材作者」，重點在圖表型態、價格結構與支撐阻力。,"Robert D. Edwards is classified here as classic textbook author; the focus is chart patterns, price structure, and support/resistance.",《股票趨勢技術分析》（1948）；參考來源：https://www.amazon.com/Technical-Analysis-Stock-Trends-Edwards/dp/113806941X；參考來源：https://www.investopedia.com/articles/personal-finance/090916/top-5-books-learn-technical-analysis.asp,Technical Analysis of Stock Trends (1948); Reference source: https://www.amazon.com/Technical-Analysis-Stock-Trends-Edwards/dp/113806941X; Reference source: https://www.investopedia.com/articles/personal-finance/090916/top-5-books-learn-technical-analysis.asp,3 筆研究材料；2 個不同來源；1 筆高證據等級；書籍 1 筆；論文/文章 0 筆。,3 research materials; 2 distinct sources; 1 high-evidence records; 1 book records; 0 paper/article records.
chart-patterns,圖表型態,Chart Patterns,charting,12,4,重要補充,Important complement,john-magee,10,約翰・麥基,John Magee,經典教材作者,classic textbook author,author,經典著作作者,Classic author,74.4,22,3,2,1,1,0,有代表性書籍或教材可追溯；高證據等級來源較多,supported by traceable books or textbook material; has multiple high-evidence sources,偏整理或推廣，原創性通常低於指標創作者,"more synthetic/promotional, usually less original than the indicator creator",約翰・麥基的角色是「經典教材作者」，重點在圖表型態、價格結構與支撐阻力。,"John Magee is classified here as classic textbook author; the focus is chart patterns, price structure, and support/resistance.",《股票趨勢技術分析》（1948）；參考來源：https://www.amazon.com/Technical-Analysis-Stock-Trends-Edwards/dp/113806941X；參考來源：https://www.investopedia.com/articles/financial-theory/10/pioneers-technical-analysis.asp,Technical Analysis of Stock Trends (1948); Reference source: https://www.amazon.com/Technical-Analysis-Stock-Trends-Edwards/dp/113806941X; Reference source: https://www.investopedia.com/articles/financial-theory/10/pioneers-technical-analysis.asp,3 筆研究材料；2 個不同來源；1 筆高證據等級；書籍 1 筆；論文/文章 0 筆。,3 research materials; 2 distinct sources; 1 high-evidence records; 1 book records; 0 paper/article records.
chart-patterns,圖表型態,Chart Patterns,charting,12,5,重要補充,Important complement,jack-d-schwager,13,傑克・施瓦格,Jack D. Schwager,教材作者,textbook author,author,經典著作作者,Classic author,73.2,20,4,3,2,2,0,有代表性書籍或教材可追溯；高證據等級來源較多,supported by traceable books or textbook material; has multiple high-evidence sources,偏整理或推廣，原創性通常低於指標創作者,"more synthetic/promotional, usually less original than the indicator creator",傑克・施瓦格的角色是「教材作者」，重點在圖表型態、價格結構與支撐阻力；系統交易、規則設計與回測流程。,"Jack D. Schwager is classified here as textbook author; the focus is chart patterns, price structure, and support/resistance; systematic trading, rule design, and backtesting.",原文題名：Market Wizards（1989）；《技術分析入門》（1999）；參考來源：https://www.amazon.com/Getting-Started-Technical-Analysis-Schwager/dp/0471295426；參考來源：https://www.investopedia.com/articles/personal-finance/090916/top-5-books-learn-technical-analysis.asp,Market Wizards (1989); Getting Started in Technical Analysis (1999); Reference source: https://www.amazon.com/Getting-Started-Technical-Analysis-Schwager/dp/0471295426; Reference source: https://www.investopedia.com/articles/personal-finance/090916/top-5-books-learn-technical-analysis.asp,4 筆研究材料；3 個不同來源；2 筆高證據等級；書籍 2 筆；論文/文章 0 筆。,4 research materials; 3 distinct sources; 2 high-evidence records; 2 book records; 0 paper/article records.
chart-patterns,圖表型態,Chart Patterns,charting,12,6,重要補充,Important complement,john-j-murphy,11,約翰・墨菲,John J. Murphy,教材作者,textbook author,author,經典著作作者,Classic author,72.45,23,3,2,1,1,0,有代表性書籍或教材可追溯；高證據等級來源較多,supported by traceable books or textbook material; has multiple high-evidence sources,偏整理或推廣，原創性通常低於指標創作者,"more synthetic/promotional, usually less original than the indicator creator",約翰・墨菲的角色是「教材作者」，重點在趨勢辨識、均線、通道與趨勢跟隨；圖表型態、價格結構與支撐阻力；市場寬度、內部強弱與指數健康度判讀。,"John J. Murphy is classified here as textbook author; the focus is trend identification, moving averages, channels, and trend following; chart patterns, price structure, and support/resistance; market breadth, internal strength, and index health.",《金融市場技術分析》（1999）；參考來源：https://www.amazon.com/Technical-Analysis-Financial-Markets-Comprehensive/dp/0735200661；參考來源：https://www.investopedia.com/articles/personal-finance/090916/top-5-books-learn-technical-analysis.asp,Technical Analysis of the Financial Markets (1999); Reference source: https://www.amazon.com/Technical-Analysis-Financial-Markets-Comprehensive/dp/0735200661; Reference source: https://www.investopedia.com/articles/personal-finance/090916/top-5-books-learn-technical-analysis.asp,3 筆研究材料；2 個不同來源；1 筆高證據等級；書籍 1 筆；論文/文章 0 筆。,3 research materials; 2 distinct sources; 1 high-evidence records; 1 book records; 0 paper/article records.
chart-patterns,圖表型態,Chart Patterns,charting,12,7,重要補充,Important complement,richard-w-schabacker,8,理查・沙巴克,Richard W. Schabacker,早期系統化作者,early systematizing author,author,經典著作作者,Classic author,71.25,21,3,2,0,1,0,有代表性書籍或教材可追溯,supported by traceable books or textbook material,偏整理或推廣，原創性通常低於指標創作者,"more synthetic/promotional, usually less original than the indicator creator",理查・沙巴克的角色是「早期系統化作者」，重點在圖表型態、價格結構與支撐阻力。,"Richard W. Schabacker is classified here as early systematizing author; the focus is chart patterns, price structure, and support/resistance.",《技術分析與股市獲利》（1932）；參考來源：https://chartschool.stockcharts.com/table-of-contents/chart-analysis/introduction-to-chart-patterns；參考來源：https://harriman-house.com/authors/richard-schabacker/technical-analysis-and-stock-market-profits/9780857199164,Technical Analysis and Stock Market Profits (1932); Reference source: https://chartschool.stockcharts.com/table-of-contents/chart-analysis/introduction-to-chart-patterns; Reference source: https://harriman-house.com/authors/richard-schabacker/technical-analysis-and-stock-market-profits/9780857199164,3 筆研究材料；2 個不同來源；0 筆高證據等級；書籍 1 筆；論文/文章 0 筆。,3 research materials; 2 distinct sources; 0 high-evidence records; 1 book records; 0 paper/article records.
chart-patterns,圖表型態,Chart Patterns,charting,12,8,參考角色,Reference role,andrew-w-lo,99,安德魯・羅,Andrew W. Lo,計算型型態識別,computational pattern recognition,academic,學術研究者,Academic researcher,67.2,22,4,3,1,1,1,有代表性書籍或教材可追溯；有論文或研究文章支撐；高證據等級來源較多,supported by traceable books or textbook material; supported by papers or research articles; has multiple high-evidence sources,適合搭配優勝者資料交叉驗證,best used for cross-checking against the winning authority,安德魯・羅的角色是「計算型型態識別」，重點在實證檢驗、規則驗證與資料探勘風險控制；圖表型態、價格結構與支撐阻力。,"Andrew W. Lo is classified here as computational pattern recognition; the focus is empirical testing, rule validation, and data-mining control; chart patterns, price structure, and support/resistance.",《技術分析基礎》（2000）；《技術分析的演進》（2010）；參考來源：https://ideas.repec.org/p/nbr/nberwo/7613.html；參考來源：https://papers.ssrn.com/sol3/papers.cfm?abstract_id=228099,Foundations of Technical Analysis (2000); The Evolution of Technical Analysis (2010); Reference source: https://ideas.repec.org/p/nbr/nberwo/7613.html; Reference source: https://papers.ssrn.com/sol3/papers.cfm?abstract_id=228099,4 筆研究材料；3 個不同來源；1 筆高證據等級；書籍 1 筆；論文/文章 1 筆。,4 research materials; 3 distinct sources; 1 high-evidence records; 1 book records; 1 paper/article records.
chart-patterns,圖表型態,Chart Patterns,charting,12,9,參考角色,Reference role,arthur-a-merrill,89,亞瑟・梅里爾,Arthur A. Merrill,M/W 型態,M/W patterns,author_researcher,著作與研究兼具,Author-researcher,65.7,18,5,3,2,2,0,有代表性書籍或教材可追溯；高證據等級來源較多,supported by traceable books or textbook material; has multiple high-evidence sources,適合搭配優勝者資料交叉驗證,best used for cross-checking against the winning authority,亞瑟・梅里爾的角色是「M/W 型態」，重點在圖表型態、價格結構與支撐阻力；週期、時間窗口與市場節奏判讀；實證檢驗、規則驗證與資料探勘風險控制。,"Arthur A. Merrill is classified here as M/W patterns; the focus is chart patterns, price structure, and support/resistance; cycles, timing windows, and market rhythm; empirical testing, rule validation, and data-mining control.",《華爾街價格行為》（1966）；《過濾波浪：基本理論》（1977）；參考來源：https://books.google.com/books/about/Behavior_of_Prices_on_Wall_Street.html?id=wEsUAQAAMAAJ；參考來源：https://openlibrary.org/books/OL5991950M/Behavior_of_prices_on_Wall_Street.,Behavior of Prices on Wall Street (1966); Filtered Waves: Basic Theory (1977); Reference source: https://books.google.com/books/about/Behavior_of_Prices_on_Wall_Street.html?id=wEsUAQAAMAAJ; Reference source: https://openlibrary.org/books/OL5991950M/Behavior_of_prices_on_Wall_Street.,5 筆研究材料；3 個不同來源；2 筆高證據等級；書籍 2 筆；論文/文章 0 筆。,5 research materials; 3 distinct sources; 2 high-evidence records; 2 book records; 0 paper/article records.
chart-patterns,圖表型態,Chart Patterns,charting,12,10,參考角色,Reference role,steve-nison,36,史蒂夫・尼森,Steve Nison,K 線型態,candlestick patterns,author,經典著作作者,Classic author,65.15,23,4,3,0,1,0,有代表性書籍或教材可追溯,supported by traceable books or textbook material,適合搭配優勝者資料交叉驗證,best used for cross-checking against the winning authority,史蒂夫・尼森的角色是「K 線型態」，重點在圖表型態、價格結構與支撐阻力。,"Steve Nison is classified here as candlestick patterns; the focus is chart patterns, price structure, and support/resistance.",《日本蠟燭圖技術》（1991）；參考來源：https://candlecharts.com/about-steve-nison/；參考來源：https://openlibrary.org/books/OL1864784M/Japanese_candlestick_charting_techniques；參考來源：https://www.amazon.com/Japanese-Candlestick-Charting-Techniques-Second/dp/0735201811,Japanese Candlestick Charting Techniques (1991); Reference source: https://candlecharts.com/about-steve-nison/; Reference source: https://openlibrary.org/books/OL1864784M/Japanese_candlestick_charting_techniques; Reference source: https://www.amazon.com/Japanese-Candlestick-Charting-Techniques-Second/dp/0735201811,4 筆研究材料；3 個不同來源；0 筆高證據等級；書籍 1 筆；論文/文章 0 筆。,4 research materials; 3 distinct sources; 0 high-evidence records; 1 book records; 0 paper/article records.
chart-patterns,圖表型態,Chart Patterns,charting,12,11,參考角色,Reference role,ralph-acampora,41,拉爾夫・阿坎波拉,Ralph Acampora,教育者,educator,practitioner,實戰交易代表,Market practitioner,61.7,20,2,2,1,1,0,有代表性書籍或教材可追溯；高證據等級來源較多,supported by traceable books or textbook material; has multiple high-evidence sources,適合搭配優勝者資料交叉驗證,best used for cross-checking against the winning authority,拉爾夫・阿坎波拉的角色是「教育者」，重點在趨勢辨識、均線、通道與趨勢跟隨；圖表型態、價格結構與支撐阻力；技術分析基本理論與市場趨勢框架。,"Ralph Acampora is classified here as educator; the focus is trend identification, moving averages, channels, and trend following; chart patterns, price structure, and support/resistance; core technical-analysis theory and trend frameworks.",《第四次超級市場》（2000）；參考來源：https://www.nyif.com/faculties/acampora-ralph,The Fourth Mega-Market (2000); Reference source: https://www.nyif.com/faculties/acampora-ralph,2 筆研究材料；2 個不同來源；1 筆高證據等級；書籍 1 筆；論文/文章 0 筆。,2 research materials; 2 distinct sources; 1 high-evidence records; 1 book records; 0 paper/article records.
chart-patterns,圖表型態,Chart Patterns,charting,12,12,參考角色,Reference role,nicolas-darvas,51,尼古拉斯・達瓦斯,Nicolas Darvas,箱型理論,box theory,practitioner_author,實戰交易者兼作者,Practitioner-author,57.7,20,2,2,1,1,0,有代表性書籍或教材可追溯；高證據等級來源較多,supported by traceable books or textbook material; has multiple high-evidence sources,適合搭配優勝者資料交叉驗證,best used for cross-checking against the winning authority,尼古拉斯・達瓦斯的角色是「箱型理論」，重點在圖表型態、價格結構與支撐阻力；趨勢辨識、均線、通道與趨勢跟隨；股票選股、相對強弱與成長股篩選。,"Nicolas Darvas is classified here as box theory; the focus is chart patterns, price structure, and support/resistance; trend identification, moving averages, channels, and trend following; stock selection, relative strength, and growth-stock screening.",《我如何在股市賺到二百萬美元》（1960）；參考來源：https://en.wikipedia.org/wiki/Nicolas_Darvas,"How I Made $2,000,000 in the Stock Market (1960); Reference source: https://en.wikipedia.org/wiki/Nicolas_Darvas",2 筆研究材料；2 個不同來源；1 筆高證據等級；書籍 1 筆；論文/文章 0 筆。,2 research materials; 2 distinct sources; 1 high-evidence records; 1 book records; 0 paper/article records.
cmo,Chande 動量震盪器,Chande Momentum Oscillator,momentum,1,1,優勝,Winner,tushar-s-chande,24,圖沙・昌德,Tushar S. Chande,創始者,creator,indicator_creator,技術指標創作者,Indicator creator,107.2,24,4,3,0,1,0,最接近原始定義，適合作為該指標/方法的基準版本；有代表性書籍或教材可追溯；在原創性、資料覆蓋與專屬性綜合評分最高,"closest to the original definition and best used as the benchmark version; supported by traceable books or textbook material; highest combined score for originality, evidence coverage, and indicator specificity",原始版本仍需結合後續實證與現代市場條件；優勝判斷是以本資料庫目前來源與評分規則為基準,the original version should still be checked against later evidence and modern markets; winner judgment is based on the current database sources and scoring rules,圖沙・昌德的角色是「創始者」，重點在趨勢辨識、均線、通道與趨勢跟隨；動量、超買超賣、背離與趨勢強弱。,"Tushar S. Chande is classified here as creator; the focus is trend identification, moving averages, channels, and trend following; momentum, overbought/oversold conditions, divergence, and trend strength.",《新技術交易者》（1994）；參考來源：https://chartschool.stockcharts.com/table-of-contents/technical-indicators-and-overlays/technical-indicators/aroon；參考來源：https://www.fidelity.com/learning-center/trading-investing/technical-analysis/technical-indicator-guide/cmo；參考來源：https://www.investopedia.com/terms/s/stochrsi.asp,The New Technical Trader (1994); Reference source: https://chartschool.stockcharts.com/table-of-contents/technical-indicators-and-overlays/technical-indicators/aroon; Reference source: https://www.fidelity.com/learning-center/trading-investing/technical-analysis/technical-indicator-guide/cmo; Reference source: https://www.investopedia.com/terms/s/stochrsi.asp,4 筆研究材料；3 個不同來源；0 筆高證據等級；書籍 1 筆；論文/文章 0 筆。,4 research materials; 3 distinct sources; 0 high-evidence records; 1 book records; 0 paper/article records.
connors-rsi,Connors RSI,ConnorsRSI,momentum,1,1,優勝,Winner,laurence-a-connors,54,拉倫斯・康納斯,Laurence A. Connors,創始者,creator,indicator_creator,技術指標創作者,Indicator creator,107.8,22,5,3,1,2,0,最接近原始定義，適合作為該指標/方法的基準版本；有代表性書籍或教材可追溯；高證據等級來源較多；在原創性、資料覆蓋與專屬性綜合評分最高,"closest to the original definition and best used as the benchmark version; supported by traceable books or textbook material; has multiple high-evidence sources; highest combined score for originality, evidence coverage, and indicator specificity",原始版本仍需結合後續實證與現代市場條件；優勝判斷是以本資料庫目前來源與評分規則為基準,the original version should still be checked against later evidence and modern markets; winner judgment is based on the current database sources and scoring rules,拉倫斯・康納斯的角色是「創始者」，重點在動量、超買超賣、背離與趨勢強弱；系統交易、規則設計與回測流程。,"Laurence A. Connors is classified here as creator; the focus is momentum, overbought/oversold conditions, divergence, and trend strength; systematic trading, rule design, and backtesting.",《街頭智慧交易策略》（1996）；《有效的短線交易策略》（2008）；原文題名：ConnorsRSI（2012）,Street Smarts (1996); Short Term Trading Strategies That Work (2008); ConnorsRSI (2012),5 筆研究材料；3 個不同來源；1 筆高證據等級；書籍 2 筆；論文/文章 0 筆。,5 research materials; 3 distinct sources; 1 high-evidence records; 2 book records; 0 paper/article records.
coppock-curve,Coppock 曲線,Coppock Curve,momentum,1,1,優勝,Winner,edwin-s-coppock,33,艾德溫・科波克,Edwin S. Coppock,創始者,creator,indicator_creator,技術指標創作者,Indicator creator,103.0,20,4,3,0,0,0,最接近原始定義，適合作為該指標/方法的基準版本；在原創性、資料覆蓋與專屬性綜合評分最高,"closest to the original definition and best used as the benchmark version; highest combined score for originality, evidence coverage, and indicator specificity",原始版本仍需結合後續實證與現代市場條件；優勝判斷是以本資料庫目前來源與評分規則為基準,the original version should still be checked against later evidence and modern markets; winner judgment is based on the current database sources and scoring rules,艾德溫・科波克的角色是「創始者」，重點在動量、超買超賣、背離與趨勢強弱。,"Edwin S. Coppock is classified here as creator; the focus is momentum, overbought/oversold conditions, divergence, and trend strength.",原文題名：Coppock Curve（1962）；參考來源：https://en.wikipedia.org/wiki/Coppock_curve；參考來源：https://www.incrediblecharts.com/indicators/coppock_indicator.php；參考來源：https://www.investopedia.com/articles/active-trading/031814/using-coppock-curve-generate-stock-trade-signals.asp,Coppock Curve (1962); Reference source: https://en.wikipedia.org/wiki/Coppock_curve; Reference source: https://www.incrediblecharts.com/indicators/coppock_indicator.php; Reference source: https://www.investopedia.com/articles/active-trading/031814/using-coppock-curve-generate-stock-trade-signals.asp,4 筆研究材料；3 個不同來源；0 筆高證據等級；書籍 0 筆；論文/文章 0 筆。,4 research materials; 3 distinct sources; 0 high-evidence records; 0 book records; 0 paper/article records.
cup-with-handle,杯柄形態,Cup With Handle,charting,2,1,優勝,Winner,william-j-o-neil,49,威廉・歐尼爾,William J. O'Neil,推廣/定義者,promoter/definer,author_practitioner,作者兼實戰交易者,Author-practitioner,75.4,24,3,2,0,1,0,有代表性書籍或教材可追溯；在原創性、資料覆蓋與專屬性綜合評分最高,"supported by traceable books or textbook material; highest combined score for originality, evidence coverage, and indicator specificity",偏整理或推廣，原創性通常低於指標創作者；優勝判斷是以本資料庫目前來源與評分規則為基準,"more synthetic/promotional, usually less original than the indicator creator; winner judgment is based on the current database sources and scoring rules",威廉・歐尼爾的角色是「推廣/定義者」，重點在股票選股、相對強弱與成長股篩選；圖表型態、價格結構與支撐阻力。,"William J. O'Neil is classified here as promoter/definer; the focus is stock selection, relative strength, and growth-stock screening; chart patterns, price structure, and support/resistance.",《如何在股票中賺錢》（1988）；參考來源：https://www.fidelity.com/learning-center/trading-investing/technical-analysis/technical-indicator-guide/cup-with-handle；參考來源：https://www.investopedia.com/terms/c/canslim.asp,How to Make Money in Stocks (1988); Reference source: https://www.fidelity.com/learning-center/trading-investing/technical-analysis/technical-indicator-guide/cup-with-handle; Reference source: https://www.investopedia.com/terms/c/canslim.asp,3 筆研究材料；2 個不同來源；0 筆高證據等級；書籍 1 筆；論文/文章 0 筆。,3 research materials; 2 distinct sources; 0 high-evidence records; 1 book records; 0 paper/article records.
cup-with-handle,杯柄形態,Cup With Handle,charting,2,2,參考角色,Reference role,mark-minervini,50,馬克・米勒維尼,Mark Minervini,成長股型態,growth-stock pattern work,practitioner_author,實戰交易者兼作者,Practitioner-author,65.45,23,3,2,1,2,0,有代表性書籍或教材可追溯；高證據等級來源較多,supported by traceable books or textbook material; has multiple high-evidence sources,適合搭配優勝者資料交叉驗證,best used for cross-checking against the winning authority,馬克・米勒維尼的角色是「成長股型態」，重點在圖表型態、價格結構與支撐阻力；股票選股、相對強弱與成長股篩選。,"Mark Minervini is classified here as growth-stock pattern work; the focus is chart patterns, price structure, and support/resistance; stock selection, relative strength, and growth-stock screening.",《像股市魔法師一樣交易》（2013）；《像冠軍一樣思考與交易》（2017）；參考來源：https://trendspider.com/learning-center/volatility-contraction-pattern-vcp/,Trade Like a Stock Market Wizard (2013); Think and Trade Like a Champion (2017); Reference source: https://trendspider.com/learning-center/volatility-contraction-pattern-vcp/,3 筆研究材料；2 個不同來源；1 筆高證據等級；書籍 2 筆；論文/文章 0 筆。,3 research materials; 2 distinct sources; 1 high-evidence records; 2 book records; 0 paper/article records.
cycle-analysis,週期分析,Cycle Analysis,cycle,6,1,優勝,Winner,john-f-ehlers,57,約翰・艾勒斯,John F. Ehlers,DSP 週期分析,DSP cycle analysis,indicator_creator,技術指標創作者,Indicator creator,84.5,24,3,2,1,2,0,有代表性書籍或教材可追溯；高證據等級來源較多；在原創性、資料覆蓋與專屬性綜合評分最高,"supported by traceable books or textbook material; has multiple high-evidence sources; highest combined score for originality, evidence coverage, and indicator specificity",適合搭配優勝者資料交叉驗證；優勝判斷是以本資料庫目前來源與評分規則為基準,best used for cross-checking against the winning authority; winner judgment is based on the current database sources and scoring rules,約翰・艾勒斯的角色是「DSP 週期分析」，重點在週期、時間窗口與市場節奏判讀；系統交易、規則設計與回測流程。,"John F. Ehlers is classified here as DSP cycle analysis; the focus is cycles, timing windows, and market rhythm; systematic trading, rule design, and backtesting.",《交易者的火箭科學》（2001）；《股票與期貨控制論分析》（2004）；參考來源：https://www.mesasoftware.com/TechnicalArticles.htm,Rocket Science for Traders (2001); Cybernetic Analysis for Stocks and Futures (2004); Reference source: https://www.mesasoftware.com/TechnicalArticles.htm,3 筆研究材料；2 個不同來源；1 筆高證據等級；書籍 2 筆；論文/文章 0 筆。,3 research materials; 2 distinct sources; 1 high-evidence records; 2 book records; 0 paper/article records.
cycle-analysis,週期分析,Cycle Analysis,cycle,6,2,重要補充,Important complement,w-d-gann,6,威廉・江恩,W. D. Gann,週期分析,cycle analysis,foundation,理論奠基者,Foundational theorist,70.7,22,3,3,2,2,0,有代表性書籍或教材可追溯；高證據等級來源較多,supported by traceable books or textbook material; has multiple high-evidence sources,適合搭配優勝者資料交叉驗證,best used for cross-checking against the winning authority,威廉・江恩的角色是「週期分析」，重點在週期、時間窗口與市場節奏判讀；圖表型態、價格結構與支撐阻力。,"W. D. Gann is classified here as cycle analysis; the focus is cycles, timing windows, and market rhythm; chart patterns, price structure, and support/resistance.",《股市讀帶真相》（1923）；《華爾街四十五年》（1941）；參考來源：https://en.wikipedia.org/wiki/William_Delbert_Gann,Truth of the Stock Tape (1923); 45 Years in Wall Street (1941); Reference source: https://en.wikipedia.org/wiki/William_Delbert_Gann,3 筆研究材料；3 個不同來源；2 筆高證據等級；書籍 2 筆；論文/文章 0 筆。,3 research materials; 3 distinct sources; 2 high-evidence records; 2 book records; 0 paper/article records.
cycle-analysis,週期分析,Cycle Analysis,cycle,6,3,參考角色,Reference role,ralph-nelson-elliott,7,拉爾夫・尼爾森・艾略特,Ralph Nelson Elliott,市場循環,market cycles,foundation,理論奠基者,Foundational theorist,67.3,22,3,2,0,1,0,有代表性書籍或教材可追溯,supported by traceable books or textbook material,適合搭配優勝者資料交叉驗證,best used for cross-checking against the winning authority,拉爾夫・尼爾森・艾略特的角色是「市場循環」，重點在波浪、分形結構與時間價格路徑；週期、時間窗口與市場節奏判讀。,"Ralph Nelson Elliott is classified here as market cycles; the focus is waves, fractal structure, and time-price paths; cycles, timing windows, and market rhythm.",《波浪原理》（1938）；參考來源：https://en.wikipedia.org/wiki/Ralph_Nelson_Elliott；參考來源：https://www.investopedia.com/terms/e/elliottwavetheory.asp,The Wave Principle (1938); Reference source: https://en.wikipedia.org/wiki/Ralph_Nelson_Elliott; Reference source: https://www.investopedia.com/terms/e/elliottwavetheory.asp,3 筆研究材料；2 個不同來源；0 筆高證據等級；書籍 1 筆；論文/文章 0 筆。,3 research materials; 2 distinct sources; 0 high-evidence records; 1 book records; 0 paper/article records.
cycle-analysis,週期分析,Cycle Analysis,cycle,6,4,參考角色,Reference role,donald-r-lambert,26,唐納德・蘭伯特,Donald R. Lambert,商品週期,commodity cycles,indicator_creator,技術指標創作者,Indicator creator,66.7,20,2,2,1,0,1,有論文或研究文章支撐；高證據等級來源較多,supported by papers or research articles; has multiple high-evidence sources,適合搭配優勝者資料交叉驗證,best used for cross-checking against the winning authority,唐納德・蘭伯特的角色是「商品週期」，重點在動量、超買超賣、背離與趨勢強弱；週期、時間窗口與市場節奏判讀。,"Donald R. Lambert is classified here as commodity cycles; the focus is momentum, overbought/oversold conditions, divergence, and trend strength; cycles, timing windows, and market rhythm.",原文題名：Commodity Channel Index（1980）；參考來源：https://chartschool.stockcharts.com/table-of-contents/technical-indicators-and-overlays/technical-indicators/commodity-channel-index-cci,Commodity Channel Index (1980); Reference source: https://chartschool.stockcharts.com/table-of-contents/technical-indicators-and-overlays/technical-indicators/commodity-channel-index-cci,2 筆研究材料；2 個不同來源；1 筆高證據等級；書籍 0 筆；論文/文章 1 筆。,2 research materials; 2 distinct sources; 1 high-evidence records; 0 book records; 1 paper/article records.
cycle-analysis,週期分析,Cycle Analysis,cycle,6,5,參考角色,Reference role,arthur-a-merrill,89,亞瑟・梅里爾,Arthur A. Merrill,Filtered Waves,Filtered Waves,author_researcher,著作與研究兼具,Author-researcher,65.7,18,5,3,2,2,0,有代表性書籍或教材可追溯；高證據等級來源較多,supported by traceable books or textbook material; has multiple high-evidence sources,適合搭配優勝者資料交叉驗證,best used for cross-checking against the winning authority,亞瑟・梅里爾的角色是「Filtered Waves」，重點在圖表型態、價格結構與支撐阻力；週期、時間窗口與市場節奏判讀；實證檢驗、規則驗證與資料探勘風險控制。,"Arthur A. Merrill is classified here as Filtered Waves; the focus is chart patterns, price structure, and support/resistance; cycles, timing windows, and market rhythm; empirical testing, rule validation, and data-mining control.",《華爾街價格行為》（1966）；《過濾波浪：基本理論》（1977）；參考來源：https://books.google.com/books/about/Behavior_of_Prices_on_Wall_Street.html?id=wEsUAQAAMAAJ；參考來源：https://openlibrary.org/books/OL5991950M/Behavior_of_prices_on_Wall_Street.,Behavior of Prices on Wall Street (1966); Filtered Waves: Basic Theory (1977); Reference source: https://books.google.com/books/about/Behavior_of_Prices_on_Wall_Street.html?id=wEsUAQAAMAAJ; Reference source: https://openlibrary.org/books/OL5991950M/Behavior_of_prices_on_Wall_Street.,5 筆研究材料；3 個不同來源；2 筆高證據等級；書籍 2 筆；論文/文章 0 筆。,5 research materials; 3 distinct sources; 2 high-evidence records; 2 book records; 0 paper/article records.
cycle-analysis,週期分析,Cycle Analysis,cycle,6,6,參考角色,Reference role,martin-j-pring,12,馬丁・普林格,Martin J. Pring,景氣/市場循環,business/market cycles,author,經典著作作者,Classic author,63.45,23,3,2,1,1,0,有代表性書籍或教材可追溯；高證據等級來源較多,supported by traceable books or textbook material; has multiple high-evidence sources,適合搭配優勝者資料交叉驗證,best used for cross-checking against the winning authority,馬丁・普林格的角色是「景氣/市場循環」，重點在動量、超買超賣、背離與趨勢強弱；週期、時間窗口與市場節奏判讀；趨勢辨識、均線、通道與趨勢跟隨。,"Martin J. Pring is classified here as business/market cycles; the focus is momentum, overbought/oversold conditions, divergence, and trend strength; cycles, timing windows, and market rhythm; trend identification, moving averages, channels, and trend following.",《技術分析詳解》（1980）；參考來源：https://www.amazon.com/Technical-Analysis-Explained-Successful-Investment/dp/1260466020；參考來源：https://www.investopedia.com/articles/personal-finance/090916/top-5-books-learn-technical-analysis.asp,Technical Analysis Explained (1980); Reference source: https://www.amazon.com/Technical-Analysis-Explained-Successful-Investment/dp/1260466020; Reference source: https://www.investopedia.com/articles/personal-finance/090916/top-5-books-learn-technical-analysis.asp,3 筆研究材料；2 個不同來源；1 筆高證據等級；書籍 1 筆；論文/文章 0 筆。,3 research materials; 2 distinct sources; 1 high-evidence records; 1 book records; 0 paper/article records.
demark-indicators,DeMark 指標,DeMARK Indicators,market_timing,1,1,優勝,Winner,tom-demark,34,湯姆・迪馬克,Tom DeMark,創始者,creator,indicator_creator,技術指標創作者,Indicator creator,106.0,24,4,2,0,1,0,最接近原始定義，適合作為該指標/方法的基準版本；有代表性書籍或教材可追溯；在原創性、資料覆蓋與專屬性綜合評分最高,"closest to the original definition and best used as the benchmark version; supported by traceable books or textbook material; highest combined score for originality, evidence coverage, and indicator specificity",原始版本仍需結合後續實證與現代市場條件；優勝判斷是以本資料庫目前來源與評分規則為基準,the original version should still be checked against later evidence and modern markets; winner judgment is based on the current database sources and scoring rules,湯姆・迪馬克的角色是「創始者」，重點在市場時機、轉折與進出場判斷。,"Tom DeMark is classified here as creator; the focus is market timing, turns, and entry/exit decisions.",《技術分析新科學》（1994）；原文題名：DeMARK Indicators；參考來源：https://demark.com/about/；參考來源：https://demark.com/demark-indicators/,The New Science of Technical Analysis (1994); DeMARK Indicators; Reference source: https://demark.com/about/; Reference source: https://demark.com/demark-indicators/,4 筆研究材料；2 個不同來源；0 筆高證據等級；書籍 1 筆；論文/文章 0 筆。,4 research materials; 2 distinct sources; 0 high-evidence records; 1 book records; 0 paper/article records.
donchian-channel,唐奇安通道,Donchian Channel,trend,1,1,優勝,Winner,richard-donchian,23,理查・唐奇安,Richard Donchian,創始者,creator,indicator_creator,技術指標創作者,Indicator creator,102.3,22,3,2,0,0,0,最接近原始定義，適合作為該指標/方法的基準版本；在原創性、資料覆蓋與專屬性綜合評分最高,"closest to the original definition and best used as the benchmark version; highest combined score for originality, evidence coverage, and indicator specificity",原始版本仍需結合後續實證與現代市場條件；優勝判斷是以本資料庫目前來源與評分規則為基準,the original version should still be checked against later evidence and modern markets; winner judgment is based on the current database sources and scoring rules,理查・唐奇安的角色是「創始者」，重點在趨勢辨識、均線、通道與趨勢跟隨。,"Richard Donchian is classified here as creator; the focus is trend identification, moving averages, channels, and trend following.",原文題名：Commodity Trend Timing（1960）；參考來源：https://en.wikipedia.org/wiki/Richard_Donchian；參考來源：https://www.investopedia.com/donchian-channels-formula-8415235,Commodity Trend Timing (1960); Reference source: https://en.wikipedia.org/wiki/Richard_Donchian; Reference source: https://www.investopedia.com/donchian-channels-formula-8415235,3 筆研究材料；2 個不同來源；0 筆高證據等級；書籍 0 筆；論文/文章 0 筆。,3 research materials; 2 distinct sources; 0 high-evidence records; 0 book records; 0 paper/article records.
dow-theory,道氏理論,Dow Theory,foundation,7,1,優勝,Winner,charles-h-dow,1,查爾斯・道,Charles H. Dow,奠基者,founder,foundation,理論奠基者,Foundational theorist,109.35,23,3,2,0,0,0,最接近原始定義，適合作為該指標/方法的基準版本；在原創性、資料覆蓋與專屬性綜合評分最高,"closest to the original definition and best used as the benchmark version; highest combined score for originality, evidence coverage, and indicator specificity",原始版本仍需結合後續實證與現代市場條件；優勝判斷是以本資料庫目前來源與評分規則為基準,the original version should still be checked against later evidence and modern markets; winner judgment is based on the current database sources and scoring rules,查爾斯・道的角色是「奠基者」，重點在技術分析基本理論與市場趨勢框架；趨勢辨識、均線、通道與趨勢跟隨。,"Charles H. Dow is classified here as founder; the focus is core technical-analysis theory and trend frameworks; trend identification, moving averages, channels, and trend following.",《華爾街日報》市場平均指數評論（1899）；參考來源：https://www.investopedia.com/articles/financial-theory/10/pioneers-technical-analysis.asp；參考來源：https://www.investopedia.com/terms/d/dowtheory.asp,Wall Street Journal editorials on market averages (1899); Reference source: https://www.investopedia.com/articles/financial-theory/10/pioneers-technical-analysis.asp; Reference source: https://www.investopedia.com/terms/d/dowtheory.asp,3 筆研究材料；2 個不同來源；0 筆高證據等級；書籍 0 筆；論文/文章 0 筆。,3 research materials; 2 distinct sources; 0 high-evidence records; 0 book records; 0 paper/article records.
dow-theory,道氏理論,Dow Theory,foundation,7,2,強力候選,Strong candidate,william-peter-hamilton,2,威廉・彼得・漢密爾頓,William Peter Hamilton,主要詮釋者,principal interpreter,foundation,理論奠基者,Foundational theorist,82.05,21,4,3,0,1,0,有代表性書籍或教材可追溯,supported by traceable books or textbook material,適合搭配優勝者資料交叉驗證,best used for cross-checking against the winning authority,威廉・彼得・漢密爾頓的角色是「主要詮釋者」，重點在技術分析基本理論與市場趨勢框架；趨勢辨識、均線、通道與趨勢跟隨。,"William Peter Hamilton is classified here as principal interpreter; the focus is core technical-analysis theory and trend frameworks; trend identification, moving averages, channels, and trend following.",《股票市場晴雨表》（1922）；參考來源：https://archive.org/details/stockmarketbarom00hami；參考來源：https://openlibrary.org/books/OL7031671M/The_stock_market_barometer；參考來源：https://papers.ssrn.com/sol3/papers.cfm?abstract_id=58690,The Stock Market Barometer (1922); Reference source: https://archive.org/details/stockmarketbarom00hami; Reference source: https://openlibrary.org/books/OL7031671M/The_stock_market_barometer; Reference source: https://papers.ssrn.com/sol3/papers.cfm?abstract_id=58690,4 筆研究材料；3 個不同來源；0 筆高證據等級；書籍 1 筆；論文/文章 0 筆。,4 research materials; 3 distinct sources; 0 high-evidence records; 1 book records; 0 paper/article records.
dow-theory,道氏理論,Dow Theory,foundation,7,3,強力候選,Strong candidate,robert-rhea,3,羅伯特・里亞,Robert Rhea,系統化整理者,systematizer,foundation,理論奠基者,Foundational theorist,80.35,21,3,2,1,1,0,有代表性書籍或教材可追溯；高證據等級來源較多,supported by traceable books or textbook material; has multiple high-evidence sources,適合搭配優勝者資料交叉驗證,best used for cross-checking against the winning authority,羅伯特・里亞的角色是「系統化整理者」，重點在技術分析基本理論與市場趨勢框架；趨勢辨識、均線、通道與趨勢跟隨。,"Robert Rhea is classified here as systematizer; the focus is core technical-analysis theory and trend frameworks; trend identification, moving averages, channels, and trend following.",《道氏理論》（1932）；參考來源：https://books.google.com/books/about/The_Dow_Theory.html?id=FO65ngEACAAJ；參考來源：https://openlibrary.org/books/OL6279382M/The_Dow_theory,The Dow Theory (1932); Reference source: https://books.google.com/books/about/The_Dow_Theory.html?id=FO65ngEACAAJ; Reference source: https://openlibrary.org/books/OL6279382M/The_Dow_theory,3 筆研究材料；2 個不同來源；1 筆高證據等級；書籍 1 筆；論文/文章 0 筆。,3 research materials; 2 distinct sources; 1 high-evidence records; 1 book records; 0 paper/article records.
dow-theory,道氏理論,Dow Theory,foundation,7,4,重要補充,Important complement,charles-d-kirkpatrick-ii,14,查爾斯・柯克派翠克二世,Charles D. Kirkpatrick II,Dow Award 研究,Dow Award research,author_researcher,著作與研究兼具,Author-researcher,75.6,22,3,2,3,1,1,有代表性書籍或教材可追溯；有論文或研究文章支撐；高證據等級來源較多,supported by traceable books or textbook material; supported by papers or research articles; has multiple high-evidence sources,適合搭配優勝者資料交叉驗證,best used for cross-checking against the winning authority,查爾斯・柯克派翠克二世的角色是「Dow Award 研究」，重點在股票選股、相對強弱與成長股篩選；技術分析基本理論與市場趨勢框架。,"Charles D. Kirkpatrick II is classified here as Dow Award research; the focus is stock selection, relative strength, and growth-stock screening; core technical-analysis theory and trend frameworks.",原文題名：Stock Selection: A Test of Relative Stock Values Reported Over 17 1/2 Years（2001）；《技術分析：金融市場技術分析師完整資源》（2006）；參考來源：https://cmtassociation.org/association/award-recognizing/charles-h-dow-award/,Stock Selection: A Test of Relative Stock Values Reported Over 17 1/2 Years (2001); Technical Analysis: The Complete Resource for Financial Market Technicians (2006); Reference source: https://cmtassociation.org/association/award-recognizing/charles-h-dow-award/,3 筆研究材料；2 個不同來源；3 筆高證據等級；書籍 1 筆；論文/文章 1 筆。,3 research materials; 2 distinct sources; 3 high-evidence records; 1 book records; 1 paper/article records.
dow-theory,道氏理論,Dow Theory,foundation,7,5,重要補充,Important complement,paul-desmond,46,保羅・德斯蒙德,Paul Desmond,Dow Award 得主,Dow Award winner,researcher,技術研究者,Technical researcher,69.8,20,2,2,2,0,1,有論文或研究文章支撐；高證據等級來源較多,supported by papers or research articles; has multiple high-evidence sources,適合搭配優勝者資料交叉驗證,best used for cross-checking against the winning authority,保羅・德斯蒙德的角色是「Dow Award 得主」，重點在市場寬度、內部強弱與指數健康度判讀；市場情緒、逆向指標與群眾心理；技術分析基本理論與市場趨勢框架。,"Paul Desmond is classified here as Dow Award winner; the focus is market breadth, internal strength, and index health; sentiment, contrarian indicators, and crowd psychology; core technical-analysis theory and trend frameworks.",原文題名：Identifying Bear Market Bottoms and New Bull Markets（2002）；參考來源：https://cmtassociation.org/association/award-recognizing/charles-h-dow-award/,Identifying Bear Market Bottoms and New Bull Markets (2002); Reference source: https://cmtassociation.org/association/award-recognizing/charles-h-dow-award/,2 筆研究材料；2 個不同來源；2 筆高證據等級；書籍 0 筆；論文/文章 1 筆。,2 research materials; 2 distinct sources; 2 high-evidence records; 0 book records; 1 paper/article records.
dow-theory,道氏理論,Dow Theory,foundation,7,6,重要補充,Important complement,richard-russell,47,理查・羅素,Richard Russell,長期推廣者,long-term promoter,practitioner,實戰交易代表,Market practitioner,68.95,19,4,3,0,0,0,可作為該指標/方法的輔助觀點,useful as a complementary view on the indicator/method,偏整理或推廣，原創性通常低於指標創作者,"more synthetic/promotional, usually less original than the indicator creator",理查・羅素的角色是「長期推廣者」，重點在技術分析基本理論與市場趨勢框架；趨勢辨識、均線、通道與趨勢跟隨。,"Richard Russell is classified here as long-term promoter; the focus is core technical-analysis theory and trend frameworks; trend identification, moving averages, channels, and trend following.",原文題名：Dow Theory Letters（1958）；參考來源：https://en.wikipedia.org/wiki/Richard_Russell_(Dow_Theory)；參考來源：https://www.fa-mag.com/news/richard-russell--publisher-of-dow-theory-letters--dies-at-91-23996.html?print=；參考來源：https://www.trendfollowing.com/2013/03/16/ep-109-richard-russell-and-dow-theory-with-michael-covel-on-trend-following-radio/,Dow Theory Letters (1958); Reference source: https://en.wikipedia.org/wiki/Richard_Russell_(Dow_Theory); Reference source: https://www.fa-mag.com/news/richard-russell--publisher-of-dow-theory-letters--dies-at-91-23996.html?print=; Reference source: https://www.trendfollowing.com/2013/03/16/ep-109-richard-russell-and-dow-theory-with-michael-covel-on-trend-following-radio/,4 筆研究材料；3 個不同來源；0 筆高證據等級；書籍 0 筆；論文/文章 0 筆。,4 research materials; 3 distinct sources; 0 high-evidence records; 0 book records; 0 paper/article records.
dow-theory,道氏理論,Dow Theory,foundation,7,7,參考角色,Reference role,ralph-acampora,41,拉爾夫・阿坎波拉,Ralph Acampora,市場技術史,technical market history,practitioner,實戰交易代表,Market practitioner,56.7,20,2,2,1,1,0,有代表性書籍或教材可追溯；高證據等級來源較多,supported by traceable books or textbook material; has multiple high-evidence sources,適合搭配優勝者資料交叉驗證,best used for cross-checking against the winning authority,拉爾夫・阿坎波拉的角色是「市場技術史」，重點在趨勢辨識、均線、通道與趨勢跟隨；圖表型態、價格結構與支撐阻力；技術分析基本理論與市場趨勢框架。,"Ralph Acampora is classified here as technical market history; the focus is trend identification, moving averages, channels, and trend following; chart patterns, price structure, and support/resistance; core technical-analysis theory and trend frameworks.",《第四次超級市場》（2000）；參考來源：https://www.nyif.com/faculties/acampora-ralph,The Fourth Mega-Market (2000); Reference source: https://www.nyif.com/faculties/acampora-ralph,2 筆研究材料；2 個不同來源；1 筆高證據等級；書籍 1 筆；論文/文章 0 筆。,2 research materials; 2 distinct sources; 1 high-evidence records; 1 book records; 0 paper/article records.
ehlers-filters,Ehlers 濾波器,Ehlers Filters,cycle,1,1,優勝,Winner,john-f-ehlers,57,約翰・艾勒斯,John F. Ehlers,濾波器,filters,indicator_creator,技術指標創作者,Indicator creator,75.5,24,3,2,1,2,0,有代表性書籍或教材可追溯；高證據等級來源較多；在原創性、資料覆蓋與專屬性綜合評分最高,"supported by traceable books or textbook material; has multiple high-evidence sources; highest combined score for originality, evidence coverage, and indicator specificity",適合搭配優勝者資料交叉驗證；優勝判斷是以本資料庫目前來源與評分規則為基準,best used for cross-checking against the winning authority; winner judgment is based on the current database sources and scoring rules,約翰・艾勒斯的角色是「濾波器」，重點在週期、時間窗口與市場節奏判讀；系統交易、規則設計與回測流程。,"John F. Ehlers is classified here as filters; the focus is cycles, timing windows, and market rhythm; systematic trading, rule design, and backtesting.",《交易者的火箭科學》（2001）；《股票與期貨控制論分析》（2004）；參考來源：https://www.mesasoftware.com/TechnicalArticles.htm,Rocket Science for Traders (2001); Cybernetic Analysis for Stocks and Futures (2004); Reference source: https://www.mesasoftware.com/TechnicalArticles.htm,3 筆研究材料；2 個不同來源；1 筆高證據等級；書籍 2 筆；論文/文章 0 筆。,3 research materials; 2 distinct sources; 1 high-evidence records; 2 book records; 0 paper/article records.
elder-ray,Elder-Ray,Elder-Ray Index,momentum,1,1,優勝,Winner,alexander-elder,35,亞歷山大・艾爾德,Alexander Elder,創始者,creator,indicator_creator,技術指標創作者,Indicator creator,103.9,24,2,2,1,1,0,最接近原始定義，適合作為該指標/方法的基準版本；有代表性書籍或教材可追溯；高證據等級來源較多；在原創性、資料覆蓋與專屬性綜合評分最高,"closest to the original definition and best used as the benchmark version; supported by traceable books or textbook material; has multiple high-evidence sources; highest combined score for originality, evidence coverage, and indicator specificity",原始版本仍需結合後續實證與現代市場條件；優勝判斷是以本資料庫目前來源與評分規則為基準,the original version should still be checked against later evidence and modern markets; winner judgment is based on the current database sources and scoring rules,亞歷山大・艾爾德的角色是「創始者」，重點在動量、超買超賣、背離與趨勢強弱；量價關係、資金流與供需分析；系統交易、規則設計與回測流程。,"Alexander Elder is classified here as creator; the focus is momentum, overbought/oversold conditions, divergence, and trend strength; price-volume relationships, money flow, and supply/demand; systematic trading, rule design, and backtesting.",《以交易為生》（1993）；參考來源：https://www.investopedia.com/articles/trading/03/022603.asp,Trading for a Living (1993); Reference source: https://www.investopedia.com/articles/trading/03/022603.asp,2 筆研究材料；2 個不同來源；1 筆高證據等級；書籍 1 筆；論文/文章 0 筆。,2 research materials; 2 distinct sources; 1 high-evidence records; 1 book records; 0 paper/article records.
elliott-wave,艾略特波浪,Elliott Wave,wave,6,1,優勝,Winner,ralph-nelson-elliott,7,拉爾夫・尼爾森・艾略特,Ralph Nelson Elliott,創始者,creator,foundation,理論奠基者,Foundational theorist,109.3,22,3,2,0,1,0,最接近原始定義，適合作為該指標/方法的基準版本；有代表性書籍或教材可追溯；在原創性、資料覆蓋與專屬性綜合評分最高,"closest to the original definition and best used as the benchmark version; supported by traceable books or textbook material; highest combined score for originality, evidence coverage, and indicator specificity",原始版本仍需結合後續實證與現代市場條件；優勝判斷是以本資料庫目前來源與評分規則為基準,the original version should still be checked against later evidence and modern markets; winner judgment is based on the current database sources and scoring rules,拉爾夫・尼爾森・艾略特的角色是「創始者」，重點在波浪、分形結構與時間價格路徑；週期、時間窗口與市場節奏判讀。,"Ralph Nelson Elliott is classified here as creator; the focus is waves, fractal structure, and time-price paths; cycles, timing windows, and market rhythm.",《波浪原理》（1938）；參考來源：https://en.wikipedia.org/wiki/Ralph_Nelson_Elliott；參考來源：https://www.investopedia.com/terms/e/elliottwavetheory.asp,The Wave Principle (1938); Reference source: https://en.wikipedia.org/wiki/Ralph_Nelson_Elliott; Reference source: https://www.investopedia.com/terms/e/elliottwavetheory.asp,3 筆研究材料；2 個不同來源；0 筆高證據等級；書籍 1 筆；論文/文章 0 筆。,3 research materials; 2 distinct sources; 0 high-evidence records; 1 book records; 0 paper/article records.
elliott-wave,艾略特波浪,Elliott Wave,wave,6,2,重要補充,Important complement,robert-prechter,42,羅伯特・普萊切特,Robert Prechter,推廣者/作者,promoter/author,author,經典著作作者,Classic author,73.45,23,3,2,1,1,0,有代表性書籍或教材可追溯；高證據等級來源較多,supported by traceable books or textbook material; has multiple high-evidence sources,偏整理或推廣，原創性通常低於指標創作者,"more synthetic/promotional, usually less original than the indicator creator",羅伯特・普萊切特的角色是「推廣者/作者」，重點在波浪、分形結構與時間價格路徑；市場情緒、逆向指標與群眾心理。,"Robert Prechter is classified here as promoter/author; the focus is waves, fractal structure, and time-price paths; sentiment, contrarian indicators, and crowd psychology.",《艾略特波浪原理》（1978）；參考來源：https://en.wikipedia.org/wiki/Robert_Prechter；參考來源：https://www.amazon.com/Elliott-Wave-Principle-Key-Market/dp/1616041374,Elliott Wave Principle (1978); Reference source: https://en.wikipedia.org/wiki/Robert_Prechter; Reference source: https://www.amazon.com/Elliott-Wave-Principle-Key-Market/dp/1616041374,3 筆研究材料；2 個不同來源；1 筆高證據等級；書籍 1 筆；論文/文章 0 筆。,3 research materials; 2 distinct sources; 1 high-evidence records; 1 book records; 0 paper/article records.
elliott-wave,艾略特波浪,Elliott Wave,wave,6,3,重要補充,Important complement,a-j-frost,43,A・J・佛羅斯特,A. J. Frost,經典教材共同作者,classic textbook co-author,author,經典著作作者,Classic author,72.3,20,3,2,1,1,0,有代表性書籍或教材可追溯；高證據等級來源較多,supported by traceable books or textbook material; has multiple high-evidence sources,偏整理或推廣，原創性通常低於指標創作者,"more synthetic/promotional, usually less original than the indicator creator",A・J・佛羅斯特的角色是「經典教材共同作者」，重點在波浪、分形結構與時間價格路徑。,"A. J. Frost is classified here as classic textbook co-author; the focus is waves, fractal structure, and time-price paths.",《艾略特波浪原理》（1978）；參考來源：https://www.amazon.com/Elliott-Wave-Principle-Key-Market/dp/1616041374；參考來源：https://www.elliottwave.com/books/elliott-wave-principle/,Elliott Wave Principle (1978); Reference source: https://www.amazon.com/Elliott-Wave-Principle-Key-Market/dp/1616041374; Reference source: https://www.elliottwave.com/books/elliott-wave-principle/,3 筆研究材料；2 個不同來源；1 筆高證據等級；書籍 1 筆；論文/文章 0 筆。,3 research materials; 2 distinct sources; 1 high-evidence records; 1 book records; 0 paper/article records.
elliott-wave,艾略特波浪,Elliott Wave,wave,6,4,重要補充,Important complement,glenn-neely,44,格倫・尼利,Glenn Neely,規則化作者,規則化作者,author,經典著作作者,Classic author,71.1,20,4,3,1,1,0,有代表性書籍或教材可追溯；高證據等級來源較多,supported by traceable books or textbook material; has multiple high-evidence sources,偏整理或推廣，原創性通常低於指標創作者,"more synthetic/promotional, usually less original than the indicator creator",格倫・尼利的角色是「規則化作者」，重點在波浪、分形結構與時間價格路徑；系統交易、規則設計與回測流程。,"Glenn Neely is classified here as 規則化作者; the focus is waves, fractal structure, and time-price paths; systematic trading, rule design, and backtesting.",《精通艾略特波浪》（1990）；參考來源：https://glennneely.com/；參考來源：https://www.amazon.com/Mastering-Elliott-Wave-Glenn-Neely/dp/0930233441；參考來源：https://www.neowave.com/product-book.asp,Mastering Elliott Wave (1990); Reference source: https://glennneely.com/; Reference source: https://www.amazon.com/Mastering-Elliott-Wave-Glenn-Neely/dp/0930233441; Reference source: https://www.neowave.com/product-book.asp,4 筆研究材料；3 個不同來源；1 筆高證據等級；書籍 1 筆；論文/文章 0 筆。,4 research materials; 3 distinct sources; 1 high-evidence records; 1 book records; 0 paper/article records.
elliott-wave,艾略特波浪,Elliott Wave,wave,6,5,參考角色,Reference role,robert-c-miner,85,羅伯特・邁納,Robert C. Miner,波浪/時間價格,wave/time-price work,author_practitioner,作者兼實戰交易者,Author-practitioner,61.0,20,4,3,0,1,0,有代表性書籍或教材可追溯,supported by traceable books or textbook material,適合搭配優勝者資料交叉驗證,best used for cross-checking against the winning authority,羅伯特・邁納的角色是「波浪/時間價格」，重點在波浪、分形結構與時間價格路徑；價格水平、通道、費波納契與支撐阻力；動量、超買超賣、背離與趨勢強弱。,"Robert C. Miner is classified here as wave/time-price work; the focus is waves, fractal structure, and time-price paths; price levels, channels, Fibonacci work, and support/resistance; momentum, overbought/oversold conditions, divergence, and trend strength.",《動態交易》（1997）；參考來源：https://books.google.com/books/about/Dynamic_Trading.html?id=ymtaAAAAYAAJ；參考來源：https://dynamictraders.com/dt-books/；參考來源：https://www.amazon.com/Dynamic-Trading-Practical-Strategies-Investors/dp/093438083X,Dynamic Trading (1997); Reference source: https://books.google.com/books/about/Dynamic_Trading.html?id=ymtaAAAAYAAJ; Reference source: https://dynamictraders.com/dt-books/; Reference source: https://www.amazon.com/Dynamic-Trading-Practical-Strategies-Investors/dp/093438083X,4 筆研究材料；3 個不同來源；0 筆高證據等級；書籍 1 筆；論文/文章 0 筆。,4 research materials; 3 distinct sources; 0 high-evidence records; 1 book records; 0 paper/article records.
elliott-wave,艾略特波浪,Elliott Wave,wave,6,6,參考角色,Reference role,carolyn-boroden,86,卡洛琳・波羅登,Carolyn Boroden,波浪/時間,wave and timing work,indicator_specialist,指標專題專家,Indicator specialist,60.1,18,3,2,0,1,0,有代表性書籍或教材可追溯,supported by traceable books or textbook material,適合搭配優勝者資料交叉驗證,best used for cross-checking against the winning authority,卡洛琳・波羅登的角色是「波浪/時間」，重點在價格水平、通道、費波納契與支撐阻力；圖表型態、價格結構與支撐阻力；波浪、分形結構與時間價格路徑。,"Carolyn Boroden is classified here as wave and timing work; the focus is price levels, channels, Fibonacci work, and support/resistance; chart patterns, price structure, and support/resistance; waves, fractal structure, and time-price paths.",《費波納契交易》（2008）；參考來源：https://www.elliottwavetrader.net/analyst/Carolyn-Boroden；參考來源：https://www.moneyshow.com/expert/ote17731/carolyn-boroden/,Fibonacci Trading (2008); Reference source: https://www.elliottwavetrader.net/analyst/Carolyn-Boroden; Reference source: https://www.moneyshow.com/expert/ote17731/carolyn-boroden/,3 筆研究材料；2 個不同來源；0 筆高證據等級；書籍 1 筆；論文/文章 0 筆。,3 research materials; 2 distinct sources; 0 high-evidence records; 1 book records; 0 paper/article records.
evidence-based-ta,實證技術分析,Evidence-Based Technical Analysis,research,12,1,優勝,Winner,david-aronson,100,大衛・阿隆森,David Aronson,代表作者,代表作者,academic_practitioner,學術與實務研究者,Academic-practitioner,82.25,21,3,2,0,1,0,有代表性書籍或教材可追溯；在原創性、資料覆蓋與專屬性綜合評分最高,"supported by traceable books or textbook material; highest combined score for originality, evidence coverage, and indicator specificity",偏整理或推廣，原創性通常低於指標創作者；優勝判斷是以本資料庫目前來源與評分規則為基準,"more synthetic/promotional, usually less original than the indicator creator; winner judgment is based on the current database sources and scoring rules",大衛・阿隆森的角色是「代表作者」，重點在實證檢驗、規則驗證與資料探勘風險控制；系統交易、規則設計與回測流程。,"David Aronson is classified here as 代表作者; the focus is empirical testing, rule validation, and data-mining control; systematic trading, rule design, and backtesting.",《實證技術分析》（2006）；參考來源：https://www.amazon.com/Evidence-Based-Technical-Analysis-Scientific-Statistical/dp/0470008741；參考來源：https://www.wiley.com/en-ca/Evidence-Based%2BTechnical%2BAnalysis%3A%2BApplying%2Bthe%2BScientific%2BMethod%2Band%2BStatistical%2BInference%2Bto%2BTrading%2BSignals-p-9780470008744,Evidence-Based Technical Analysis (2006); Reference source: https://www.amazon.com/Evidence-Based-Technical-Analysis-Scientific-Statistical/dp/0470008741; Reference source: https://www.wiley.com/en-ca/Evidence-Based%2BTechnical%2BAnalysis%3A%2BApplying%2Bthe%2BScientific%2BMethod%2Band%2BStatistical%2BInference%2Bto%2BTrading%2BSignals-p-9780470008744,3 筆研究材料；2 個不同來源；0 筆高證據等級；書籍 1 筆；論文/文章 0 筆。,3 research materials; 2 distinct sources; 0 high-evidence records; 1 book records; 0 paper/article records.
evidence-based-ta,實證技術分析,Evidence-Based Technical Analysis,research,12,2,重要補充,Important complement,andrew-w-lo,99,安德魯・羅,Andrew W. Lo,學術研究,academic research,academic,學術研究者,Academic researcher,76.2,22,4,3,1,1,1,有代表性書籍或教材可追溯；有論文或研究文章支撐；高證據等級來源較多,supported by traceable books or textbook material; supported by papers or research articles; has multiple high-evidence sources,適合搭配優勝者資料交叉驗證,best used for cross-checking against the winning authority,安德魯・羅的角色是「學術研究」，重點在實證檢驗、規則驗證與資料探勘風險控制；圖表型態、價格結構與支撐阻力。,"Andrew W. Lo is classified here as academic research; the focus is empirical testing, rule validation, and data-mining control; chart patterns, price structure, and support/resistance.",《技術分析基礎》（2000）；《技術分析的演進》（2010）；參考來源：https://ideas.repec.org/p/nbr/nberwo/7613.html；參考來源：https://papers.ssrn.com/sol3/papers.cfm?abstract_id=228099,Foundations of Technical Analysis (2000); The Evolution of Technical Analysis (2010); Reference source: https://ideas.repec.org/p/nbr/nberwo/7613.html; Reference source: https://papers.ssrn.com/sol3/papers.cfm?abstract_id=228099,4 筆研究材料；3 個不同來源；1 筆高證據等級；書籍 1 筆；論文/文章 1 筆。,4 research materials; 3 distinct sources; 1 high-evidence records; 1 book records; 1 paper/article records.
evidence-based-ta,實證技術分析,Evidence-Based Technical Analysis,research,12,3,重要補充,Important complement,buff-dormeier,94,巴夫・多米爾,Buff Dormeier,Dow Award 研究,Dow Award research,researcher_author,研究者兼作者,Researcher-author,75.8,22,3,3,3,1,1,有代表性書籍或教材可追溯；有論文或研究文章支撐；高證據等級來源較多,supported by traceable books or textbook material; supported by papers or research articles; has multiple high-evidence sources,適合搭配優勝者資料交叉驗證,best used for cross-checking against the winning authority,巴夫・多米爾的角色是「Dow Award 研究」，重點在量價關係、資金流與供需分析；市場寬度、內部強弱與指數健康度判讀；實證檢驗、規則驗證與資料探勘風險控制。,"Buff Dormeier is classified here as Dow Award research; the focus is price-volume relationships, money flow, and supply/demand; market breadth, internal strength, and index health; empirical testing, rule validation, and data-mining control.",原文題名：Price and Volume: Digging Deeper（2007）；《成交量分析投資法》（2011）；參考來源：https://cmtassociation.org/association/award-recognizing/charles-h-dow-award/,Price and Volume: Digging Deeper (2007); Investing with Volume Analysis (2011); Reference source: https://cmtassociation.org/association/award-recognizing/charles-h-dow-award/,3 筆研究材料；3 個不同來源；3 筆高證據等級；書籍 1 筆；論文/文章 1 筆。,3 research materials; 3 distinct sources; 3 high-evidence records; 1 book records; 1 paper/article records.
evidence-based-ta,實證技術分析,Evidence-Based Technical Analysis,research,12,4,重要補充,Important complement,julie-r-dahlquist,15,茱莉・達爾奎斯特,Julie R. Dahlquist,研究者,researcher,author_researcher,著作與研究兼具,Author-researcher,75.6,22,3,2,3,1,1,有代表性書籍或教材可追溯；有論文或研究文章支撐；高證據等級來源較多,supported by traceable books or textbook material; supported by papers or research articles; has multiple high-evidence sources,適合搭配優勝者資料交叉驗證,best used for cross-checking against the winning authority,茱莉・達爾奎斯特的角色是「研究者」，重點在圖表型態、價格結構與支撐阻力；實證檢驗、規則驗證與資料探勘風險控制。,"Julie R. Dahlquist is classified here as researcher; the focus is chart patterns, price structure, and support/resistance; empirical testing, rule validation, and data-mining control.",《技術分析：金融市場技術分析師完整資源》（2006）；原文題名：Analyzing Gaps for Profitable Trading Strategies（2011）；參考來源：https://cmtassociation.org/association/award-recognizing/charles-h-dow-award/,Technical Analysis: The Complete Resource for Financial Market Technicians (2006); Analyzing Gaps for Profitable Trading Strategies (2011); Reference source: https://cmtassociation.org/association/award-recognizing/charles-h-dow-award/,3 筆研究材料；2 個不同來源；3 筆高證據等級；書籍 1 筆；論文/文章 1 筆。,3 research materials; 2 distinct sources; 3 high-evidence records; 1 book records; 1 paper/article records.
evidence-based-ta,實證技術分析,Evidence-Based Technical Analysis,research,12,5,重要補充,Important complement,ralph-vince,97,拉爾夫・文斯,Ralph Vince,統計研究,statistical research,researcher_author,研究者兼作者,Researcher-author,73.8,22,3,3,3,1,1,有代表性書籍或教材可追溯；有論文或研究文章支撐；高證據等級來源較多,supported by traceable books or textbook material; supported by papers or research articles; has multiple high-evidence sources,適合搭配優勝者資料交叉驗證,best used for cross-checking against the winning authority,拉爾夫・文斯的角色是「統計研究」，重點在市場寬度、內部強弱與指數健康度判讀；系統交易、規則設計與回測流程；實證檢驗、規則驗證與資料探勘風險控制。,"Ralph Vince is classified here as statistical research; the focus is market breadth, internal strength, and index health; systematic trading, rule design, and backtesting; empirical testing, rule validation, and data-mining control.",《資金管理數學》（1992）；原文題名：The Ripple Effect of Daily New Lows（2024）；參考來源：https://cmtassociation.org/association/award-recognizing/charles-h-dow-award/,The Mathematics of Money Management (1992); The Ripple Effect of Daily New Lows (2024); Reference source: https://cmtassociation.org/association/award-recognizing/charles-h-dow-award/,3 筆研究材料；3 個不同來源；3 筆高證據等級；書籍 1 筆；論文/文章 1 筆。,3 research materials; 3 distinct sources; 3 high-evidence records; 1 book records; 1 paper/article records.
evidence-based-ta,實證技術分析,Evidence-Based Technical Analysis,research,12,6,重要補充,Important complement,ned-davis,92,內德・戴維斯,Ned Davis,量化市場研究,quantitative market research,researcher,技術研究者,Technical researcher,72.0,20,6,4,0,2,0,有代表性書籍或教材可追溯,supported by traceable books or textbook material,適合搭配優勝者資料交叉驗證,best used for cross-checking against the winning authority,內德・戴維斯的角色是「量化市場研究」，重點在市場寬度、內部強弱與指數健康度判讀；市場情緒、逆向指標與群眾心理；實證檢驗、規則驗證與資料探勘風險控制。,"Ned Davis is classified here as quantitative market research; the focus is market breadth, internal strength, and index health; sentiment, contrarian indicators, and crowd psychology; empirical testing, rule validation, and data-mining control.",《做對判斷或賺到錢》（1991）；《研究驅動型投資者》（2000）；參考來源：https://books.google.com/books/about/Being_Right_or_Making_Money.html?id=wLhYBQAAQBAJ；參考來源：https://info.ndr.com/ndr-signals,Being Right or Making Money (1991); The Research Driven Investor (2000); Reference source: https://books.google.com/books/about/Being_Right_or_Making_Money.html?id=wLhYBQAAQBAJ; Reference source: https://info.ndr.com/ndr-signals,6 筆研究材料；4 個不同來源；0 筆高證據等級；書籍 2 筆；論文/文章 0 筆。,6 research materials; 4 distinct sources; 0 high-evidence records; 2 book records; 0 paper/article records.
evidence-based-ta,實證技術分析,Evidence-Based Technical Analysis,research,12,7,參考角色,Reference role,jason-goepfert,93,傑森・戈普弗特,Jason Goepfert,歷史統計,historical statistics,researcher,技術研究者,Technical researcher,65.8,20,2,2,2,0,1,有論文或研究文章支撐；高證據等級來源較多,supported by papers or research articles; has multiple high-evidence sources,適合搭配優勝者資料交叉驗證,best used for cross-checking against the winning authority,傑森・戈普弗特的角色是「歷史統計」，重點在市場情緒、逆向指標與群眾心理；市場寬度、內部強弱與指數健康度判讀；實證檢驗、規則驗證與資料探勘風險控制。,"Jason Goepfert is classified here as historical statistics; the focus is sentiment, contrarian indicators, and crowd psychology; market breadth, internal strength, and index health; empirical testing, rule validation, and data-mining control.","原文題名：Mutual Fund Cash Reserves, The Risk-Free Rate, and Stock Market Performance（2004）；參考來源：https://cmtassociation.org/association/award-recognizing/charles-h-dow-award/","Mutual Fund Cash Reserves, The Risk-Free Rate, and Stock Market Performance (2004); Reference source: https://cmtassociation.org/association/award-recognizing/charles-h-dow-award/",2 筆研究材料；2 個不同來源；2 筆高證據等級；書籍 0 筆；論文/文章 1 筆。,2 research materials; 2 distinct sources; 2 high-evidence records; 0 book records; 1 paper/article records.
evidence-based-ta,實證技術分析,Evidence-Based Technical Analysis,research,12,8,參考角色,Reference role,constance-brown,56,康斯坦絲・布朗,Constance Brown,指標組合,indicator combination,indicator_specialist,指標專題專家,Indicator specialist,63.3,20,3,2,1,1,0,有代表性書籍或教材可追溯；高證據等級來源較多,supported by traceable books or textbook material; has multiple high-evidence sources,適合搭配優勝者資料交叉驗證,best used for cross-checking against the winning authority,康斯坦絲・布朗的角色是「指標組合」，重點在動量、超買超賣、背離與趨勢強弱；實證檢驗、規則驗證與資料探勘風險控制。,"Constance Brown is classified here as indicator combination; the focus is momentum, overbought/oversold conditions, divergence, and trend strength; empirical testing, rule validation, and data-mining control.",《專業交易者技術分析》（1999）；參考來源：https://www.amazon.com/Technical-Analysis-Trading-Professional-Second/dp/007175914X；參考來源：https://www.barchart.com/education/technical-indicators/cmb-composite-index,Technical Analysis for the Trading Professional (1999); Reference source: https://www.amazon.com/Technical-Analysis-Trading-Professional-Second/dp/007175914X; Reference source: https://www.barchart.com/education/technical-indicators/cmb-composite-index,3 筆研究材料；2 個不同來源；1 筆高證據等級；書籍 1 筆；論文/文章 0 筆。,3 research materials; 2 distinct sources; 1 high-evidence records; 1 book records; 0 paper/article records.
evidence-based-ta,實證技術分析,Evidence-Based Technical Analysis,research,12,9,參考角色,Reference role,howard-bandy,60,霍華德・班迪,Howard Bandy,統計分析,statistical analysis,system_developer,交易系統開發者,Trading-system developer,63.2,18,3,2,1,2,0,有代表性書籍或教材可追溯；高證據等級來源較多,supported by traceable books or textbook material; has multiple high-evidence sources,適合搭配優勝者資料交叉驗證,best used for cross-checking against the winning authority,霍華德・班迪的角色是「統計分析」，重點在系統交易、規則設計與回測流程；實證檢驗、規則驗證與資料探勘風險控制。,"Howard Bandy is classified here as statistical analysis; the focus is systematic trading, rule design, and backtesting; empirical testing, rule validation, and data-mining control.",《量化交易系統》（2007）；《交易系統績效建模》（2011）；參考來源：https://guides.newman.baruch.cuny.edu/c.php?g=188442&p=1243542,Quantitative Trading Systems (2007); Modeling Trading System Performance (2011); Reference source: https://guides.newman.baruch.cuny.edu/c.php?g=188442&p=1243542,3 筆研究材料；2 個不同來源；1 筆高證據等級；書籍 2 筆；論文/文章 0 筆。,3 research materials; 2 distinct sources; 1 high-evidence records; 2 book records; 0 paper/article records.
evidence-based-ta,實證技術分析,Evidence-Based Technical Analysis,research,12,10,參考角色,Reference role,robert-pardo,59,羅伯特・帕多,Robert Pardo,樣本外驗證,out-of-sample validation,system_developer,交易系統開發者,Trading-system developer,62.6,18,2,2,1,1,0,有代表性書籍或教材可追溯；高證據等級來源較多,supported by traceable books or textbook material; has multiple high-evidence sources,適合搭配優勝者資料交叉驗證,best used for cross-checking against the winning authority,羅伯特・帕多的角色是「樣本外驗證」，重點在實證檢驗、規則驗證與資料探勘風險控制；系統交易、規則設計與回測流程。,"Robert Pardo is classified here as out-of-sample validation; the focus is empirical testing, rule validation, and data-mining control; systematic trading, rule design, and backtesting.",《交易系統設計、測試與最佳化》（1992）；參考來源：https://guides.newman.baruch.cuny.edu/c.php?g=188442&p=1243542,"Design, Testing, and Optimization of Trading Systems (1992); Reference source: https://guides.newman.baruch.cuny.edu/c.php?g=188442&p=1243542",2 筆研究材料；2 個不同來源；1 筆高證據等級；書籍 1 筆；論文/文章 0 筆。,2 research materials; 2 distinct sources; 1 high-evidence records; 1 book records; 0 paper/article records.
evidence-based-ta,實證技術分析,Evidence-Based Technical Analysis,research,12,11,參考角色,Reference role,robert-w-colby,17,羅伯特・科爾比,Robert W. Colby,指標彙整,indicator compendium,author,經典著作作者,Classic author,62.0,20,4,3,0,1,0,有代表性書籍或教材可追溯,supported by traceable books or textbook material,適合搭配優勝者資料交叉驗證,best used for cross-checking against the winning authority,羅伯特・科爾比的角色是「指標彙整」，重點在趨勢辨識、均線、通道與趨勢跟隨；動量、超買超賣、背離與趨勢強弱；實證檢驗、規則驗證與資料探勘風險控制。,"Robert W. Colby is classified here as indicator compendium; the focus is trend identification, moving averages, channels, and trend following; momentum, overbought/oversold conditions, divergence, and trend strength; empirical testing, rule validation, and data-mining control.",《技術市場指標百科全書》（1988）；參考來源：https://books.google.com/books/about/The_Encyclopedia_Of_Technical_Market_Ind.html?id=f82LUFQVGOUC；參考來源：https://openlibrary.org/books/OL17060688M/The_encyclopedia_of_technical_market_indicators；參考來源：https://www.mheducation.com/highered/mhp/product/encyclopedia-technical-market-indicators-second-edition.html,The Encyclopedia of Technical Market Indicators (1988); Reference source: https://books.google.com/books/about/The_Encyclopedia_Of_Technical_Market_Ind.html?id=f82LUFQVGOUC; Reference source: https://openlibrary.org/books/OL17060688M/The_encyclopedia_of_technical_market_indicators; Reference source: https://www.mheducation.com/highered/mhp/product/encyclopedia-technical-market-indicators-second-edition.html,4 筆研究材料；3 個不同來源；0 筆高證據等級；書籍 1 筆；論文/文章 0 筆。,4 research materials; 3 distinct sources; 0 high-evidence records; 1 book records; 0 paper/article records.
evidence-based-ta,實證技術分析,Evidence-Based Technical Analysis,research,12,12,參考角色,Reference role,murray-a-ruggiero-jr,58,穆雷・魯傑羅,Murray A. Ruggiero Jr.,量化規則,quantitative rules,system_developer,交易系統開發者,Trading-system developer,61.6,18,2,2,1,1,0,有代表性書籍或教材可追溯；高證據等級來源較多,supported by traceable books or textbook material; has multiple high-evidence sources,適合搭配優勝者資料交叉驗證,best used for cross-checking against the winning authority,穆雷・魯傑羅的角色是「量化規則」，重點在系統交易、規則設計與回測流程；實證檢驗、規則驗證與資料探勘風險控制。,"Murray A. Ruggiero Jr. is classified here as quantitative rules; the focus is systematic trading, rule design, and backtesting; empirical testing, rule validation, and data-mining control.",《控制論交易策略》（1997）；參考來源：https://guides.newman.baruch.cuny.edu/c.php?g=188442&p=1243542,Cybernetic Trading Strategies (1997); Reference source: https://guides.newman.baruch.cuny.edu/c.php?g=188442&p=1243542,2 筆研究材料；2 個不同來源；1 筆高證據等級；書籍 1 筆；論文/文章 0 筆。,2 research materials; 2 distinct sources; 1 high-evidence records; 1 book records; 0 paper/article records.
fibonacci,費波納契時間/價格,Fibonacci Time and Price,support_resistance,3,1,優勝,Winner,joe-dinapoli,87,喬・迪納波利,Joe DiNapoli,DiNapoli Levels,DiNapoli Levels,indicator_specialist,指標專題專家,Indicator specialist,75.95,19,4,3,0,1,0,有代表性書籍或教材可追溯；在原創性、資料覆蓋與專屬性綜合評分最高,"supported by traceable books or textbook material; highest combined score for originality, evidence coverage, and indicator specificity",適合搭配優勝者資料交叉驗證；優勝判斷是以本資料庫目前來源與評分規則為基準,best used for cross-checking against the winning authority; winner judgment is based on the current database sources and scoring rules,喬・迪納波利的角色是「DiNapoli Levels」，重點在價格水平、通道、費波納契與支撐阻力；圖表型態、價格結構與支撐阻力。,"Joe DiNapoli is classified here as DiNapoli Levels; the focus is price levels, channels, Fibonacci work, and support/resistance; chart patterns, price structure, and support/resistance.",《DiNapoli 水平》（1998）；參考來源：https://www.amazon.com/DiNapoli-Levels-Practical-Application-Investment/dp/1891159046；參考來源：https://www.moneyshow.com/expert/2160spk/；參考來源：https://www.mql5.com/en/articles/3061,DiNapoli Levels (1998); Reference source: https://www.amazon.com/DiNapoli-Levels-Practical-Application-Investment/dp/1891159046; Reference source: https://www.moneyshow.com/expert/2160spk/; Reference source: https://www.mql5.com/en/articles/3061,4 筆研究材料；3 個不同來源；0 筆高證據等級；書籍 1 筆；論文/文章 0 筆。,4 research materials; 3 distinct sources; 0 high-evidence records; 1 book records; 0 paper/article records.
fibonacci,費波納契時間/價格,Fibonacci Time and Price,support_resistance,3,2,參考角色,Reference role,carolyn-boroden,86,卡洛琳・波羅登,Carolyn Boroden,時間價格專家,time-price specialist,indicator_specialist,指標專題專家,Indicator specialist,65.1,18,3,2,0,1,0,有代表性書籍或教材可追溯,supported by traceable books or textbook material,適合搭配優勝者資料交叉驗證,best used for cross-checking against the winning authority,卡洛琳・波羅登的角色是「時間價格專家」，重點在價格水平、通道、費波納契與支撐阻力；圖表型態、價格結構與支撐阻力；波浪、分形結構與時間價格路徑。,"Carolyn Boroden is classified here as time-price specialist; the focus is price levels, channels, Fibonacci work, and support/resistance; chart patterns, price structure, and support/resistance; waves, fractal structure, and time-price paths.",《費波納契交易》（2008）；參考來源：https://www.elliottwavetrader.net/analyst/Carolyn-Boroden；參考來源：https://www.moneyshow.com/expert/ote17731/carolyn-boroden/,Fibonacci Trading (2008); Reference source: https://www.elliottwavetrader.net/analyst/Carolyn-Boroden; Reference source: https://www.moneyshow.com/expert/ote17731/carolyn-boroden/,3 筆研究材料；2 個不同來源；0 筆高證據等級；書籍 1 筆；論文/文章 0 筆。,3 research materials; 2 distinct sources; 0 high-evidence records; 1 book records; 0 paper/article records.
fibonacci,費波納契時間/價格,Fibonacci Time and Price,support_resistance,3,3,參考角色,Reference role,robert-c-miner,85,羅伯特・邁納,Robert C. Miner,時間價格,time and price analysis,author_practitioner,作者兼實戰交易者,Author-practitioner,61.0,20,4,3,0,1,0,有代表性書籍或教材可追溯,supported by traceable books or textbook material,適合搭配優勝者資料交叉驗證,best used for cross-checking against the winning authority,羅伯特・邁納的角色是「時間價格」，重點在波浪、分形結構與時間價格路徑；價格水平、通道、費波納契與支撐阻力；動量、超買超賣、背離與趨勢強弱。,"Robert C. Miner is classified here as time and price analysis; the focus is waves, fractal structure, and time-price paths; price levels, channels, Fibonacci work, and support/resistance; momentum, overbought/oversold conditions, divergence, and trend strength.",《動態交易》（1997）；參考來源：https://books.google.com/books/about/Dynamic_Trading.html?id=ymtaAAAAYAAJ；參考來源：https://dynamictraders.com/dt-books/；參考來源：https://www.amazon.com/Dynamic-Trading-Practical-Strategies-Investors/dp/093438083X,Dynamic Trading (1997); Reference source: https://books.google.com/books/about/Dynamic_Trading.html?id=ymtaAAAAYAAJ; Reference source: https://dynamictraders.com/dt-books/; Reference source: https://www.amazon.com/Dynamic-Trading-Practical-Strategies-Investors/dp/093438083X,4 筆研究材料；3 個不同來源；0 筆高證據等級；書籍 1 筆；論文/文章 0 筆。,4 research materials; 3 distinct sources; 0 high-evidence records; 1 book records; 0 paper/article records.
force-index,Force Index,Force Index,volume,1,1,優勝,Winner,alexander-elder,35,亞歷山大・艾爾德,Alexander Elder,創始者,creator,indicator_creator,技術指標創作者,Indicator creator,103.9,24,2,2,1,1,0,最接近原始定義，適合作為該指標/方法的基準版本；有代表性書籍或教材可追溯；高證據等級來源較多；在原創性、資料覆蓋與專屬性綜合評分最高,"closest to the original definition and best used as the benchmark version; supported by traceable books or textbook material; has multiple high-evidence sources; highest combined score for originality, evidence coverage, and indicator specificity",原始版本仍需結合後續實證與現代市場條件；優勝判斷是以本資料庫目前來源與評分規則為基準,the original version should still be checked against later evidence and modern markets; winner judgment is based on the current database sources and scoring rules,亞歷山大・艾爾德的角色是「創始者」，重點在動量、超買超賣、背離與趨勢強弱；量價關係、資金流與供需分析；系統交易、規則設計與回測流程。,"Alexander Elder is classified here as creator; the focus is momentum, overbought/oversold conditions, divergence, and trend strength; price-volume relationships, money flow, and supply/demand; systematic trading, rule design, and backtesting.",《以交易為生》（1993）；參考來源：https://www.investopedia.com/articles/trading/03/022603.asp,Trading for a Living (1993); Reference source: https://www.investopedia.com/articles/trading/03/022603.asp,2 筆研究材料；2 個不同來源；1 筆高證據等級；書籍 1 筆；論文/文章 0 筆。,2 research materials; 2 distinct sources; 1 high-evidence records; 1 book records; 0 paper/article records.
gann,江恩理論,Gann Methods,cycle,1,1,優勝,Winner,w-d-gann,6,威廉・江恩,W. D. Gann,創始者,creator,foundation,理論奠基者,Foundational theorist,103.7,22,3,3,2,2,0,最接近原始定義，適合作為該指標/方法的基準版本；有代表性書籍或教材可追溯；高證據等級來源較多；在原創性、資料覆蓋與專屬性綜合評分最高,"closest to the original definition and best used as the benchmark version; supported by traceable books or textbook material; has multiple high-evidence sources; highest combined score for originality, evidence coverage, and indicator specificity",原始版本仍需結合後續實證與現代市場條件；優勝判斷是以本資料庫目前來源與評分規則為基準,the original version should still be checked against later evidence and modern markets; winner judgment is based on the current database sources and scoring rules,威廉・江恩的角色是「創始者」，重點在週期、時間窗口與市場節奏判讀；圖表型態、價格結構與支撐阻力。,"W. D. Gann is classified here as creator; the focus is cycles, timing windows, and market rhythm; chart patterns, price structure, and support/resistance.",《股市讀帶真相》（1923）；《華爾街四十五年》（1941）；參考來源：https://en.wikipedia.org/wiki/William_Delbert_Gann,Truth of the Stock Tape (1923); 45 Years in Wall Street (1941); Reference source: https://en.wikipedia.org/wiki/William_Delbert_Gann,3 筆研究材料；3 個不同來源；2 筆高證據等級；書籍 2 筆；論文/文章 0 筆。,3 research materials; 3 distinct sources; 2 high-evidence records; 2 book records; 0 paper/article records.
guppy-mma,Guppy 多重移動平均,Guppy Multiple Moving Average,trend,1,1,優勝,Winner,daryl-guppy,62,達利・古比,Daryl Guppy,創始者,creator,indicator_creator,技術指標創作者,Indicator creator,100.75,21,2,2,1,1,0,最接近原始定義，適合作為該指標/方法的基準版本；有代表性書籍或教材可追溯；高證據等級來源較多；在原創性、資料覆蓋與專屬性綜合評分最高,"closest to the original definition and best used as the benchmark version; supported by traceable books or textbook material; has multiple high-evidence sources; highest combined score for originality, evidence coverage, and indicator specificity",原始版本仍需結合後續實證與現代市場條件；優勝判斷是以本資料庫目前來源與評分規則為基準,the original version should still be checked against later evidence and modern markets; winner judgment is based on the current database sources and scoring rules,達利・古比的角色是「創始者」，重點在趨勢辨識、均線、通道與趨勢跟隨。,"Daryl Guppy is classified here as creator; the focus is trend identification, moving averages, channels, and trend following.",《交易戰術》（1997）；參考來源：https://www.investopedia.com/terms/g/guppy-multiple-moving-average.asp,Trading Tactics (1997); Reference source: https://www.investopedia.com/terms/g/guppy-multiple-moving-average.asp,2 筆研究材料；2 個不同來源；1 筆高證據等級；書籍 1 筆；論文/文章 0 筆。,2 research materials; 2 distinct sources; 1 high-evidence records; 1 book records; 0 paper/article records.
hull-ma,Hull 移動平均,Hull Moving Average,trend,1,1,優勝,Winner,alan-hull,63,艾倫・霍爾,Alan Hull,創始者,creator,indicator_creator,技術指標創作者,Indicator creator,99.15,19,3,2,0,0,0,最接近原始定義，適合作為該指標/方法的基準版本；在原創性、資料覆蓋與專屬性綜合評分最高,"closest to the original definition and best used as the benchmark version; highest combined score for originality, evidence coverage, and indicator specificity",原始版本仍需結合後續實證與現代市場條件；優勝判斷是以本資料庫目前來源與評分規則為基準,the original version should still be checked against later evidence and modern markets; winner judgment is based on the current database sources and scoring rules,艾倫・霍爾的角色是「創始者」，重點在趨勢辨識、均線、通道與趨勢跟隨。,"Alan Hull is classified here as creator; the focus is trend identification, moving averages, channels, and trend following.",原文題名：Hull Moving Average（2005）；參考來源：https://alanhull.com/the-hull-moving-average/；參考來源：https://chartschool.stockcharts.com/table-of-contents/technical-indicators-and-overlays/technical-overlays/hull-moving-average-hma,Hull Moving Average (2005); Reference source: https://alanhull.com/the-hull-moving-average/; Reference source: https://chartschool.stockcharts.com/table-of-contents/technical-indicators-and-overlays/technical-overlays/hull-moving-average-hma,3 筆研究材料；2 個不同來源；0 筆高證據等級；書籍 0 筆；論文/文章 0 筆。,3 research materials; 2 distinct sources; 0 high-evidence records; 0 book records; 0 paper/article records.
ichimoku,一目均衡表,Ichimoku Kinko Hyo,trend,1,1,優勝,Winner,goichi-hosoda,37,細田悟一,Goichi Hosoda,創始者,creator,indicator_creator,技術指標創作者,Indicator creator,102.3,22,3,2,0,1,0,最接近原始定義，適合作為該指標/方法的基準版本；有代表性書籍或教材可追溯；在原創性、資料覆蓋與專屬性綜合評分最高,"closest to the original definition and best used as the benchmark version; supported by traceable books or textbook material; highest combined score for originality, evidence coverage, and indicator specificity",原始版本仍需結合後續實證與現代市場條件；優勝判斷是以本資料庫目前來源與評分規則為基準,the original version should still be checked against later evidence and modern markets; winner judgment is based on the current database sources and scoring rules,細田悟一的角色是「創始者」，重點在趨勢辨識、均線、通道與趨勢跟隨。,"Goichi Hosoda is classified here as creator; the focus is trend identification, moving averages, channels, and trend following.",《一目均衡表》（1969）；參考來源：https://www.investopedia.com/terms/i/ichimoku-cloud.asp；參考來源：https://www.swissquote.com/en-ch/private/inspire/blog/technical-analysis/what-ichimoku-kinko-hyo-trading-method,Ichimoku Kinko Hyo (1969); Reference source: https://www.investopedia.com/terms/i/ichimoku-cloud.asp; Reference source: https://www.swissquote.com/en-ch/private/inspire/blog/technical-analysis/what-ichimoku-kinko-hyo-trading-method,3 筆研究材料；2 個不同來源；0 筆高證據等級；書籍 1 筆；論文/文章 0 筆。,3 research materials; 2 distinct sources; 0 high-evidence records; 1 book records; 0 paper/article records.
kama,KAMA 考夫曼自適應均線,Kaufman Adaptive Moving Average,trend,1,1,優勝,Winner,perry-j-kaufman,18,佩里・考夫曼,Perry J. Kaufman,創始者,creator,system_developer,交易系統開發者,Trading-system developer,98.75,23,3,3,2,2,0,最接近原始定義，適合作為該指標/方法的基準版本；有代表性書籍或教材可追溯；高證據等級來源較多；在原創性、資料覆蓋與專屬性綜合評分最高,"closest to the original definition and best used as the benchmark version; supported by traceable books or textbook material; has multiple high-evidence sources; highest combined score for originality, evidence coverage, and indicator specificity",原始版本仍需結合後續實證與現代市場條件；優勝判斷是以本資料庫目前來源與評分規則為基準,the original version should still be checked against later evidence and modern markets; winner judgment is based on the current database sources and scoring rules,佩里・考夫曼的角色是「創始者」，重點在趨勢辨識、均線、通道與趨勢跟隨；系統交易、規則設計與回測流程。,"Perry J. Kaufman is classified here as creator; the focus is trend identification, moving averages, channels, and trend following; systematic trading, rule design, and backtesting.",《交易系統與方法》（1978）；《更聰明的交易》（1995）；參考來源：https://trendspider.com/learning-center/what-is-the-kaufman-adaptive-moving-average/,Trading Systems and Methods (1978); Smarter Trading (1995); Reference source: https://trendspider.com/learning-center/what-is-the-kaufman-adaptive-moving-average/,3 筆研究材料；3 個不同來源；2 筆高證據等級；書籍 2 筆；論文/文章 0 筆。,3 research materials; 3 distinct sources; 2 high-evidence records; 2 book records; 0 paper/article records.
macd,MACD,Moving Average Convergence/Divergence,momentum,2,1,優勝,Winner,gerald-appel,20,傑拉德・阿佩爾,Gerald Appel,創始者,creator,indicator_creator,技術指標創作者,Indicator creator,121.4,24,4,3,2,1,0,最接近原始定義，適合作為該指標/方法的基準版本；有代表性書籍或教材可追溯；高證據等級來源較多；在原創性、資料覆蓋與專屬性綜合評分最高,"closest to the original definition and best used as the benchmark version; supported by traceable books or textbook material; has multiple high-evidence sources; highest combined score for originality, evidence coverage, and indicator specificity",原始版本仍需結合後續實證與現代市場條件；優勝判斷是以本資料庫目前來源與評分規則為基準,the original version should still be checked against later evidence and modern markets; winner judgment is based on the current database sources and scoring rules,傑拉德・阿佩爾的角色是「創始者」，重點在動量、超買超賣、背離與趨勢強弱；趨勢辨識、均線、通道與趨勢跟隨。,"Gerald Appel is classified here as creator; the focus is momentum, overbought/oversold conditions, divergence, and trend strength; trend identification, moving averages, channels, and trend following.",《技術分析：主動投資者的強力工具》（2005）；參考來源：https://cmtassociation.org/presenter/gerald-appel/；參考來源：https://traders.com/documentation/feedbk_docs/2003/09/Abstracts_new/Interview/interview.html；參考來源：https://www.investopedia.com/trading/macd/,Technical Analysis: Power Tools for Active Investors (2005); Reference source: https://cmtassociation.org/presenter/gerald-appel/; Reference source: https://traders.com/documentation/feedbk_docs/2003/09/Abstracts_new/Interview/interview.html; Reference source: https://www.investopedia.com/trading/macd/,4 筆研究材料；3 個不同來源；2 筆高證據等級；書籍 1 筆；論文/文章 0 筆。,4 research materials; 3 distinct sources; 2 high-evidence records; 1 book records; 0 paper/article records.
macd,MACD,Moving Average Convergence/Divergence,momentum,2,2,參考角色,Reference role,alex-spiroglou,96,亞歷克斯・斯皮羅格魯,Alex Spiroglou,MACD-V,MACD-V,researcher,技術研究者,Technical researcher,64.85,21,2,2,2,0,1,有論文或研究文章支撐；高證據等級來源較多,supported by papers or research articles; has multiple high-evidence sources,適合搭配優勝者資料交叉驗證,best used for cross-checking against the winning authority,亞歷克斯・斯皮羅格魯的角色是「MACD-V」，重點在動量、超買超賣、背離與趨勢強弱；波動率、通道寬度與風險環境。,"Alex Spiroglou is classified here as MACD-V; the focus is momentum, overbought/oversold conditions, divergence, and trend strength; volatility, channel width, and risk regimes.",原文題名：MACD-V: Volatility Normalised Momentum（2022）；參考來源：https://cmtassociation.org/association/award-recognizing/charles-h-dow-award/,MACD-V: Volatility Normalised Momentum (2022); Reference source: https://cmtassociation.org/association/award-recognizing/charles-h-dow-award/,2 筆研究材料；2 個不同來源；2 筆高證據等級；書籍 0 筆；論文/文章 1 筆。,2 research materials; 2 distinct sources; 2 high-evidence records; 0 book records; 1 paper/article records.
market-profile,Market Profile,Market Profile,auction_market,2,1,優勝,Winner,j-peter-steidlmayer,80,彼得・史戴梅爾,J. Peter Steidlmayer,創始者,creator,indicator_creator,技術指標創作者,Indicator creator,115.4,22,3,2,1,2,0,最接近原始定義，適合作為該指標/方法的基準版本；有代表性書籍或教材可追溯；高證據等級來源較多；在原創性、資料覆蓋與專屬性綜合評分最高,"closest to the original definition and best used as the benchmark version; supported by traceable books or textbook material; has multiple high-evidence sources; highest combined score for originality, evidence coverage, and indicator specificity",原始版本仍需結合後續實證與現代市場條件；優勝判斷是以本資料庫目前來源與評分規則為基準,the original version should still be checked against later evidence and modern markets; winner judgment is based on the current database sources and scoring rules,彼得・史戴梅爾的角色是「創始者」，重點在拍賣市場結構、價值區與成交分佈判讀；量價關係、資金流與供需分析；圖表型態、價格結構與支撐阻力。,"J. Peter Steidlmayer is classified here as creator; the focus is auction-market structure, value areas, and distribution analysis; price-volume relationships, money flow, and supply/demand; chart patterns, price structure, and support/resistance.",《市場與市場邏輯》（1986）；《史戴梅爾談市場》（1989）；參考來源：https://www.profiletrading.com/about/,Markets and Market Logic (1986); Steidlmayer on Markets (1989); Reference source: https://www.profiletrading.com/about/,3 筆研究材料；2 個不同來源；1 筆高證據等級；書籍 2 筆；論文/文章 0 筆。,3 research materials; 2 distinct sources; 1 high-evidence records; 2 book records; 0 paper/article records.
market-profile,Market Profile,Market Profile,auction_market,2,2,重要補充,Important complement,james-f-dalton,81,詹姆斯・道爾頓,James F. Dalton,推廣者/作者,promoter/author,author_practitioner,作者兼實戰交易者,Author-practitioner,72.3,20,3,2,1,2,0,有代表性書籍或教材可追溯；高證據等級來源較多,supported by traceable books or textbook material; has multiple high-evidence sources,偏整理或推廣，原創性通常低於指標創作者,"more synthetic/promotional, usually less original than the indicator creator",詹姆斯・道爾頓的角色是「推廣者/作者」，重點在拍賣市場結構、價值區與成交分佈判讀；圖表型態、價格結構與支撐阻力。,"James F. Dalton is classified here as promoter/author; the focus is auction-market structure, value areas, and distribution analysis; chart patterns, price structure, and support/resistance.",《市場之上》（1990）；《市場輪廓》（2007）；參考來源：https://jimdaltontrading.com/books/,Mind Over Markets (1990); Markets in Profile (2007); Reference source: https://jimdaltontrading.com/books/,3 筆研究材料；2 個不同來源；1 筆高證據等級；書籍 2 筆；論文/文章 0 筆。,3 research materials; 2 distinct sources; 1 high-evidence records; 2 book records; 0 paper/article records.
market_timing,市場時機,Market Timing,market_timing,1,1,優勝,Winner,tom-demark,34,湯姆・迪馬克,Tom DeMark,市場時機,market timing,indicator_creator,技術指標創作者,Indicator creator,78.0,24,4,2,0,1,0,有代表性書籍或教材可追溯；在原創性、資料覆蓋與專屬性綜合評分最高,"supported by traceable books or textbook material; highest combined score for originality, evidence coverage, and indicator specificity",適合搭配優勝者資料交叉驗證；優勝判斷是以本資料庫目前來源與評分規則為基準,best used for cross-checking against the winning authority; winner judgment is based on the current database sources and scoring rules,湯姆・迪馬克的角色是「市場時機」，重點在市場時機、轉折與進出場判斷。,"Tom DeMark is classified here as market timing; the focus is market timing, turns, and entry/exit decisions.",《技術分析新科學》（1994）；原文題名：DeMARK Indicators；參考來源：https://demark.com/about/；參考來源：https://demark.com/demark-indicators/,The New Science of Technical Analysis (1994); DeMARK Indicators; Reference source: https://demark.com/about/; Reference source: https://demark.com/demark-indicators/,4 筆研究材料；2 個不同來源；0 筆高證據等級；書籍 1 筆；論文/文章 0 筆。,4 research materials; 2 distinct sources; 0 high-evidence records; 1 book records; 0 paper/article records.
mcclellan-oscillator,McClellan Oscillator,McClellan Oscillator,breadth,2,1,並列優勝,Joint winner,sherman-mcclellan,30,謝爾曼・麥克萊倫,Sherman McClellan,共同創始者,co-creator,indicator_creator,技術指標創作者,Indicator creator,109.2,20,3,2,0,1,0,最接近原始定義，適合作為該指標/方法的基準版本；有代表性書籍或教材可追溯；在原創性、資料覆蓋與專屬性綜合評分最高,"closest to the original definition and best used as the benchmark version; supported by traceable books or textbook material; highest combined score for originality, evidence coverage, and indicator specificity",原始版本仍需結合後續實證與現代市場條件；優勝判斷是以本資料庫目前來源與評分規則為基準,the original version should still be checked against later evidence and modern markets; winner judgment is based on the current database sources and scoring rules,謝爾曼・麥克萊倫的角色是「共同創始者」，重點在市場寬度、內部強弱與指數健康度判讀。,"Sherman McClellan is classified here as co-creator; the focus is market breadth, internal strength, and index health.",《獲利型態》；參考來源：https://www.investopedia.com/terms/m/mcclellanoscillator.asp；參考來源：https://www.mcoscillator.com/learning_center/kb/mcclellan_oscillator/the_origin_story_of_the_mcclellan_oscillator/,Patterns for Profit; Reference source: https://www.investopedia.com/terms/m/mcclellanoscillator.asp; Reference source: https://www.mcoscillator.com/learning_center/kb/mcclellan_oscillator/the_origin_story_of_the_mcclellan_oscillator/,3 筆研究材料；2 個不同來源；0 筆高證據等級；書籍 1 筆；論文/文章 0 筆。,3 research materials; 2 distinct sources; 0 high-evidence records; 1 book records; 0 paper/article records.
mcclellan-oscillator,McClellan Oscillator,McClellan Oscillator,breadth,2,2,並列優勝,Joint winner,marian-mcclellan,31,瑪麗安・麥克萊倫,Marian McClellan,共同創始者,co-creator,indicator_creator,技術指標創作者,Indicator creator,109.2,20,3,2,0,1,0,最接近原始定義，適合作為該指標/方法的基準版本；有代表性書籍或教材可追溯；在原創性、資料覆蓋與專屬性綜合評分最高,"closest to the original definition and best used as the benchmark version; supported by traceable books or textbook material; highest combined score for originality, evidence coverage, and indicator specificity",原始版本仍需結合後續實證與現代市場條件；優勝判斷是以本資料庫目前來源與評分規則為基準,the original version should still be checked against later evidence and modern markets; winner judgment is based on the current database sources and scoring rules,瑪麗安・麥克萊倫的角色是「共同創始者」，重點在市場寬度、內部強弱與指數健康度判讀。,"Marian McClellan is classified here as co-creator; the focus is market breadth, internal strength, and index health.",《獲利型態》；參考來源：https://www.investopedia.com/terms/m/mcclellanoscillator.asp；參考來源：https://www.mcoscillator.com/learning_center/kb/mcclellan_oscillator/the_origin_story_of_the_mcclellan_oscillator/,Patterns for Profit; Reference source: https://www.investopedia.com/terms/m/mcclellanoscillator.asp; Reference source: https://www.mcoscillator.com/learning_center/kb/mcclellan_oscillator/the_origin_story_of_the_mcclellan_oscillator/,3 筆研究材料；2 個不同來源；0 筆高證據等級；書籍 1 筆；論文/文章 0 筆。,3 research materials; 2 distinct sources; 0 high-evidence records; 1 book records; 0 paper/article records.
mcginley-dynamic,McGinley Dynamic,McGinley Dynamic,trend,1,1,優勝,Winner,john-r-mcginley,64,約翰・麥金利,John R. McGinley,創始者,creator,indicator_creator,技術指標創作者,Indicator creator,101.95,19,4,3,0,0,0,最接近原始定義，適合作為該指標/方法的基準版本；在原創性、資料覆蓋與專屬性綜合評分最高,"closest to the original definition and best used as the benchmark version; highest combined score for originality, evidence coverage, and indicator specificity",原始版本仍需結合後續實證與現代市場條件；優勝判斷是以本資料庫目前來源與評分規則為基準,the original version should still be checked against later evidence and modern markets; winner judgment is based on the current database sources and scoring rules,約翰・麥金利的角色是「創始者」，重點在趨勢辨識、均線、通道與趨勢跟隨。,"John R. McGinley is classified here as creator; the focus is trend identification, moving averages, channels, and trend following.",原文題名：McGinley Dynamic（1997）；參考來源：https://dotnet.stockindicators.dev/indicators/Dynamic/；參考來源：https://www.earn2trade.com/blog/mcginley-dynamic-indicator/；參考來源：https://www.investopedia.com/terms/m/mcginley-dynamic.asp,McGinley Dynamic (1997); Reference source: https://dotnet.stockindicators.dev/indicators/Dynamic/; Reference source: https://www.earn2trade.com/blog/mcginley-dynamic-indicator/; Reference source: https://www.investopedia.com/terms/m/mcginley-dynamic.asp,4 筆研究材料；3 個不同來源；0 筆高證據等級；書籍 0 筆；論文/文章 0 筆。,4 research materials; 3 distinct sources; 0 high-evidence records; 0 book records; 0 paper/article records.
mfi,MFI 資金流量指標,Money Flow Index,volume,2,1,並列優勝,Joint winner,gene-quong,67,金・匡,Gene Quong,共同創始者,co-creator,indicator_creator,技術指標創作者,Indicator creator,108.85,17,4,3,0,0,0,最接近原始定義，適合作為該指標/方法的基準版本；在原創性、資料覆蓋與專屬性綜合評分最高,"closest to the original definition and best used as the benchmark version; highest combined score for originality, evidence coverage, and indicator specificity",原始版本仍需結合後續實證與現代市場條件；優勝判斷是以本資料庫目前來源與評分規則為基準,the original version should still be checked against later evidence and modern markets; winner judgment is based on the current database sources and scoring rules,金・匡的角色是「共同創始者」，重點在量價關係、資金流與供需分析。,"Gene Quong is classified here as co-creator; the focus is price-volume relationships, money flow, and supply/demand.",原文題名：Money Flow Index（1989）；參考來源：https://help.stockstrader.com/en/support/solutions/articles/33000210228-money-flow-index-mfi-；參考來源：https://library.tradingtechnologies.com/trade/chrt-ti-money-flow-index.html；參考來源：https://www.tradingview.com/support/solutions/43000502348-money-flow-mfi/,Money Flow Index (1989); Reference source: https://help.stockstrader.com/en/support/solutions/articles/33000210228-money-flow-index-mfi-; Reference source: https://library.tradingtechnologies.com/trade/chrt-ti-money-flow-index.html; Reference source: https://www.tradingview.com/support/solutions/43000502348-money-flow-mfi/,4 筆研究材料；3 個不同來源；0 筆高證據等級；書籍 0 筆；論文/文章 0 筆。,4 research materials; 3 distinct sources; 0 high-evidence records; 0 book records; 0 paper/article records.
mfi,MFI 資金流量指標,Money Flow Index,volume,2,2,並列優勝,Joint winner,avrum-soudack,68,阿夫魯姆・蘇達克,Avrum Soudack,共同創始者,co-creator,indicator_creator,技術指標創作者,Indicator creator,108.85,17,4,3,0,0,0,最接近原始定義，適合作為該指標/方法的基準版本；在原創性、資料覆蓋與專屬性綜合評分最高,"closest to the original definition and best used as the benchmark version; highest combined score for originality, evidence coverage, and indicator specificity",原始版本仍需結合後續實證與現代市場條件；優勝判斷是以本資料庫目前來源與評分規則為基準,the original version should still be checked against later evidence and modern markets; winner judgment is based on the current database sources and scoring rules,阿夫魯姆・蘇達克的角色是「共同創始者」，重點在量價關係、資金流與供需分析。,"Avrum Soudack is classified here as co-creator; the focus is price-volume relationships, money flow, and supply/demand.",原文題名：Money Flow Index（1989）；參考來源：https://help.stockstrader.com/en/support/solutions/articles/33000210228-money-flow-index-mfi-；參考來源：https://library.tradingtechnologies.com/trade/chrt-ti-money-flow-index.html；參考來源：https://www.tradingview.com/support/solutions/43000502348-money-flow-mfi/,Money Flow Index (1989); Reference source: https://help.stockstrader.com/en/support/solutions/articles/33000210228-money-flow-index-mfi-; Reference source: https://library.tradingtechnologies.com/trade/chrt-ti-money-flow-index.html; Reference source: https://www.tradingview.com/support/solutions/43000502348-money-flow-mfi/,4 筆研究材料；3 個不同來源；0 筆高證據等級；書籍 0 筆；論文/文章 0 筆。,4 research materials; 3 distinct sources; 0 high-evidence records; 0 book records; 0 paper/article records.
momentum,動量,Momentum,momentum,12,1,優勝,Winner,larry-williams,27,拉瑞・威廉斯,Larry Williams,短線動量,short-term momentum,indicator_creator,技術指標創作者,Indicator creator,76.4,24,4,3,2,1,1,有代表性書籍或教材可追溯；有論文或研究文章支撐；高證據等級來源較多；在原創性、資料覆蓋與專屬性綜合評分最高,"supported by traceable books or textbook material; supported by papers or research articles; has multiple high-evidence sources; highest combined score for originality, evidence coverage, and indicator specificity",適合搭配優勝者資料交叉驗證；優勝判斷是以本資料庫目前來源與評分規則為基準,best used for cross-checking against the winning authority; winner judgment is based on the current database sources and scoring rules,拉瑞・威廉斯的角色是「短線動量」，重點在動量、超買超賣、背離與趨勢強弱；市場寬度、內部強弱與指數健康度判讀。,"Larry Williams is classified here as short-term momentum; the focus is momentum, overbought/oversold conditions, divergence, and trend strength; market breadth, internal strength, and index health.",《我去年如何交易商品賺進一百萬美元》（1979）；原文題名：The Ripple Effect of Daily New Lows（2024）；參考來源：https://cmtassociation.org/association/award-recognizing/charles-h-dow-award/；參考來源：https://www.fidelity.com/learning-center/trading-investing/technical-analysis/technical-indicator-guide/williams-r,How I Made One Million Dollars Last Year Trading Commodities (1979); The Ripple Effect of Daily New Lows (2024); Reference source: https://cmtassociation.org/association/award-recognizing/charles-h-dow-award/; Reference source: https://www.fidelity.com/learning-center/trading-investing/technical-analysis/technical-indicator-guide/williams-r,4 筆研究材料；3 個不同來源；2 筆高證據等級；書籍 1 筆；論文/文章 1 筆。,4 research materials; 3 distinct sources; 2 high-evidence records; 1 book records; 1 paper/article records.
momentum,動量,Momentum,momentum,12,2,重要補充,Important complement,robert-w-colby,17,羅伯特・科爾比,Robert W. Colby,百科作者,encyclopedia author,author,經典著作作者,Classic author,72.0,20,4,3,0,1,0,有代表性書籍或教材可追溯,supported by traceable books or textbook material,偏整理或推廣，原創性通常低於指標創作者,"more synthetic/promotional, usually less original than the indicator creator",羅伯特・科爾比的角色是「百科作者」，重點在趨勢辨識、均線、通道與趨勢跟隨；動量、超買超賣、背離與趨勢強弱；實證檢驗、規則驗證與資料探勘風險控制。,"Robert W. Colby is classified here as encyclopedia author; the focus is trend identification, moving averages, channels, and trend following; momentum, overbought/oversold conditions, divergence, and trend strength; empirical testing, rule validation, and data-mining control.",《技術市場指標百科全書》（1988）；參考來源：https://books.google.com/books/about/The_Encyclopedia_Of_Technical_Market_Ind.html?id=f82LUFQVGOUC；參考來源：https://openlibrary.org/books/OL17060688M/The_encyclopedia_of_technical_market_indicators；參考來源：https://www.mheducation.com/highered/mhp/product/encyclopedia-technical-market-indicators-second-edition.html,The Encyclopedia of Technical Market Indicators (1988); Reference source: https://books.google.com/books/about/The_Encyclopedia_Of_Technical_Market_Ind.html?id=f82LUFQVGOUC; Reference source: https://openlibrary.org/books/OL17060688M/The_encyclopedia_of_technical_market_indicators; Reference source: https://www.mheducation.com/highered/mhp/product/encyclopedia-technical-market-indicators-second-edition.html,4 筆研究材料；3 個不同來源；0 筆高證據等級；書籍 1 筆；論文/文章 0 筆。,4 research materials; 3 distinct sources; 0 high-evidence records; 1 book records; 0 paper/article records.
momentum,動量,Momentum,momentum,12,3,重要補充,Important complement,martin-j-pring,12,馬丁・普林格,Martin J. Pring,指標與教材作者,indicator and textbook author,author,經典著作作者,Classic author,71.45,23,3,2,1,1,0,有代表性書籍或教材可追溯；高證據等級來源較多,supported by traceable books or textbook material; has multiple high-evidence sources,偏整理或推廣，原創性通常低於指標創作者,"more synthetic/promotional, usually less original than the indicator creator",馬丁・普林格的角色是「指標與教材作者」，重點在動量、超買超賣、背離與趨勢強弱；週期、時間窗口與市場節奏判讀；趨勢辨識、均線、通道與趨勢跟隨。,"Martin J. Pring is classified here as indicator and textbook author; the focus is momentum, overbought/oversold conditions, divergence, and trend strength; cycles, timing windows, and market rhythm; trend identification, moving averages, channels, and trend following.",《技術分析詳解》（1980）；參考來源：https://www.amazon.com/Technical-Analysis-Explained-Successful-Investment/dp/1260466020；參考來源：https://www.investopedia.com/articles/personal-finance/090916/top-5-books-learn-technical-analysis.asp,Technical Analysis Explained (1980); Reference source: https://www.amazon.com/Technical-Analysis-Explained-Successful-Investment/dp/1260466020; Reference source: https://www.investopedia.com/articles/personal-finance/090916/top-5-books-learn-technical-analysis.asp,3 筆研究材料；2 個不同來源；1 筆高證據等級；書籍 1 筆；論文/文章 0 筆。,3 research materials; 2 distinct sources; 1 high-evidence records; 1 book records; 0 paper/article records.
momentum,動量,Momentum,momentum,12,4,重要補充,Important complement,edwin-s-coppock,33,艾德溫・科波克,Edwin S. Coppock,長期動量,long-term momentum,indicator_creator,技術指標創作者,Indicator creator,70.0,20,4,3,0,0,0,可作為該指標/方法的輔助觀點,useful as a complementary view on the indicator/method,適合搭配優勝者資料交叉驗證,best used for cross-checking against the winning authority,艾德溫・科波克的角色是「長期動量」，重點在動量、超買超賣、背離與趨勢強弱。,"Edwin S. Coppock is classified here as long-term momentum; the focus is momentum, overbought/oversold conditions, divergence, and trend strength.",原文題名：Coppock Curve（1962）；參考來源：https://en.wikipedia.org/wiki/Coppock_curve；參考來源：https://www.incrediblecharts.com/indicators/coppock_indicator.php；參考來源：https://www.investopedia.com/articles/active-trading/031814/using-coppock-curve-generate-stock-trade-signals.asp,Coppock Curve (1962); Reference source: https://en.wikipedia.org/wiki/Coppock_curve; Reference source: https://www.incrediblecharts.com/indicators/coppock_indicator.php; Reference source: https://www.investopedia.com/articles/active-trading/031814/using-coppock-curve-generate-stock-trade-signals.asp,4 筆研究材料；3 個不同來源；0 筆高證據等級；書籍 0 筆；論文/文章 0 筆。,4 research materials; 3 distinct sources; 0 high-evidence records; 0 book records; 0 paper/article records.
momentum,動量,Momentum,momentum,12,5,重要補充,Important complement,alex-spiroglou,96,亞歷克斯・斯皮羅格魯,Alex Spiroglou,動量研究,momentum research,researcher,技術研究者,Technical researcher,68.85,21,2,2,2,0,1,有論文或研究文章支撐；高證據等級來源較多,supported by papers or research articles; has multiple high-evidence sources,適合搭配優勝者資料交叉驗證,best used for cross-checking against the winning authority,亞歷克斯・斯皮羅格魯的角色是「動量研究」，重點在動量、超買超賣、背離與趨勢強弱；波動率、通道寬度與風險環境。,"Alex Spiroglou is classified here as momentum research; the focus is momentum, overbought/oversold conditions, divergence, and trend strength; volatility, channel width, and risk regimes.",原文題名：MACD-V: Volatility Normalised Momentum（2022）；參考來源：https://cmtassociation.org/association/award-recognizing/charles-h-dow-award/,MACD-V: Volatility Normalised Momentum (2022); Reference source: https://cmtassociation.org/association/award-recognizing/charles-h-dow-award/,2 筆研究材料；2 個不同來源；2 筆高證據等級；書籍 0 筆；論文/文章 1 筆。,2 research materials; 2 distinct sources; 2 high-evidence records; 0 book records; 1 paper/article records.
momentum,動量,Momentum,momentum,12,6,重要補充,Important complement,george-c-lane,22,喬治・藍恩,George C. Lane,動量先行觀念,momentum-leading concept,indicator_creator,技術指標創作者,Indicator creator,68.25,21,3,2,0,0,0,可作為該指標/方法的輔助觀點,useful as a complementary view on the indicator/method,適合搭配優勝者資料交叉驗證,best used for cross-checking against the winning authority,喬治・藍恩的角色是「動量先行觀念」，重點在動量、超買超賣、背離與趨勢強弱。,"George C. Lane is classified here as momentum-leading concept; the focus is momentum, overbought/oversold conditions, divergence, and trend strength.",原文題名：Lane's Stochastics；參考來源：https://chartschool.stockcharts.com/table-of-contents/technical-indicators-and-overlays/technical-indicators/stochastic-oscillator-fast-slow-and-full；參考來源：https://www.investopedia.com/terms/s/stochasticoscillator.asp,Lane's Stochastics; Reference source: https://chartschool.stockcharts.com/table-of-contents/technical-indicators-and-overlays/technical-indicators/stochastic-oscillator-fast-slow-and-full; Reference source: https://www.investopedia.com/terms/s/stochasticoscillator.asp,3 筆研究材料；2 個不同來源；0 筆高證據等級；書籍 0 筆；論文/文章 0 筆。,3 research materials; 2 distinct sources; 0 high-evidence records; 0 book records; 0 paper/article records.
momentum,動量,Momentum,momentum,12,7,參考角色,Reference role,steven-b-achelis,16,史蒂文・阿契利斯,Steven B. Achelis,百科作者,encyclopedia author,author,經典著作作者,Classic author,67.65,19,2,2,1,1,0,有代表性書籍或教材可追溯；高證據等級來源較多,supported by traceable books or textbook material; has multiple high-evidence sources,偏整理或推廣，原創性通常低於指標創作者,"more synthetic/promotional, usually less original than the indicator creator",史蒂文・阿契利斯的角色是「百科作者」，重點在趨勢辨識、均線、通道與趨勢跟隨；動量、超買超賣、背離與趨勢強弱；量價關係、資金流與供需分析。,"Steven B. Achelis is classified here as encyclopedia author; the focus is trend identification, moving averages, channels, and trend following; momentum, overbought/oversold conditions, divergence, and trend strength; price-volume relationships, money flow, and supply/demand.",《技術分析 A 到 Z》（1995）；參考來源：https://guides.newman.baruch.cuny.edu/c.php?g=188442&p=1243542,Technical Analysis from A to Z (1995); Reference source: https://guides.newman.baruch.cuny.edu/c.php?g=188442&p=1243542,2 筆研究材料；2 個不同來源；1 筆高證據等級；書籍 1 筆；論文/文章 0 筆。,2 research materials; 2 distinct sources; 1 high-evidence records; 1 book records; 0 paper/article records.
momentum,動量,Momentum,momentum,12,8,參考角色,Reference role,gary-antonacci,98,蓋瑞・安東納奇,Gary Antonacci,雙動量,dual momentum,researcher_author,研究者兼作者,Researcher-author,65.75,21,3,3,3,1,1,有代表性書籍或教材可追溯；有論文或研究文章支撐；高證據等級來源較多,supported by traceable books or textbook material; supported by papers or research articles; has multiple high-evidence sources,適合搭配優勝者資料交叉驗證,best used for cross-checking against the winning authority,蓋瑞・安東納奇的角色是「雙動量」，重點在動量、超買超賣、背離與趨勢強弱；趨勢辨識、均線、通道與趨勢跟隨；股票選股、相對強弱與成長股篩選。,"Gary Antonacci is classified here as dual momentum; the focus is momentum, overbought/oversold conditions, divergence, and trend strength; trend identification, moving averages, channels, and trend following; stock selection, relative strength, and growth-stock screening.",《雙動量投資》（2014）；原文題名：A Century of Profitable Industry Trends（2025）；參考來源：https://cmtassociation.org/association/award-recognizing/charles-h-dow-award/,Dual Momentum Investing (2014); A Century of Profitable Industry Trends (2025); Reference source: https://cmtassociation.org/association/award-recognizing/charles-h-dow-award/,3 筆研究材料；3 個不同來源；3 筆高證據等級；書籍 1 筆；論文/文章 1 筆。,3 research materials; 3 distinct sources; 3 high-evidence records; 1 book records; 1 paper/article records.
momentum,動量,Momentum,momentum,12,9,參考角色,Reference role,jack-k-hutson,66,傑克・哈特森,Jack K. Hutson,三重平滑動量,triple-smoothed momentum,indicator_creator,技術指標創作者,Indicator creator,65.65,19,2,2,1,0,1,有論文或研究文章支撐；高證據等級來源較多,supported by papers or research articles; has multiple high-evidence sources,適合搭配優勝者資料交叉驗證,best used for cross-checking against the winning authority,傑克・哈特森的角色是「三重平滑動量」，重點在動量、超買超賣、背離與趨勢強弱。,"Jack K. Hutson is classified here as triple-smoothed momentum; the focus is momentum, overbought/oversold conditions, divergence, and trend strength.",原文題名：Good TRIX（1980）；參考來源：https://chartschool.stockcharts.com/table-of-contents/technical-indicators-and-overlays/technical-indicators/trix,Good TRIX (1980); Reference source: https://chartschool.stockcharts.com/table-of-contents/technical-indicators-and-overlays/technical-indicators/trix,2 筆研究材料；2 個不同來源；1 筆高證據等級；書籍 0 筆；論文/文章 1 筆。,2 research materials; 2 distinct sources; 1 high-evidence records; 0 book records; 1 paper/article records.
momentum,動量,Momentum,momentum,12,10,參考角色,Reference role,constance-brown,56,康斯坦絲・布朗,Constance Brown,Composite Index,Composite Index,indicator_specialist,指標專題專家,Indicator specialist,63.3,20,3,2,1,1,0,有代表性書籍或教材可追溯；高證據等級來源較多,supported by traceable books or textbook material; has multiple high-evidence sources,適合搭配優勝者資料交叉驗證,best used for cross-checking against the winning authority,康斯坦絲・布朗的角色是「Composite Index」，重點在動量、超買超賣、背離與趨勢強弱；實證檢驗、規則驗證與資料探勘風險控制。,"Constance Brown is classified here as Composite Index; the focus is momentum, overbought/oversold conditions, divergence, and trend strength; empirical testing, rule validation, and data-mining control.",《專業交易者技術分析》（1999）；參考來源：https://www.amazon.com/Technical-Analysis-Trading-Professional-Second/dp/007175914X；參考來源：https://www.barchart.com/education/technical-indicators/cmb-composite-index,Technical Analysis for the Trading Professional (1999); Reference source: https://www.amazon.com/Technical-Analysis-Trading-Professional-Second/dp/007175914X; Reference source: https://www.barchart.com/education/technical-indicators/cmb-composite-index,3 筆研究材料；2 個不同來源；1 筆高證據等級；書籍 1 筆；論文/文章 0 筆。,3 research materials; 2 distinct sources; 1 high-evidence records; 1 book records; 0 paper/article records.
momentum,動量,Momentum,momentum,12,11,參考角色,Reference role,robert-c-miner,85,羅伯特・邁納,Robert C. Miner,多週期動量,multi-timeframe momentum,author_practitioner,作者兼實戰交易者,Author-practitioner,61.0,20,4,3,0,1,0,有代表性書籍或教材可追溯,supported by traceable books or textbook material,適合搭配優勝者資料交叉驗證,best used for cross-checking against the winning authority,羅伯特・邁納的角色是「多週期動量」，重點在波浪、分形結構與時間價格路徑；價格水平、通道、費波納契與支撐阻力；動量、超買超賣、背離與趨勢強弱。,"Robert C. Miner is classified here as multi-timeframe momentum; the focus is waves, fractal structure, and time-price paths; price levels, channels, Fibonacci work, and support/resistance; momentum, overbought/oversold conditions, divergence, and trend strength.",《動態交易》（1997）；參考來源：https://books.google.com/books/about/Dynamic_Trading.html?id=ymtaAAAAYAAJ；參考來源：https://dynamictraders.com/dt-books/；參考來源：https://www.amazon.com/Dynamic-Trading-Practical-Strategies-Investors/dp/093438083X,Dynamic Trading (1997); Reference source: https://books.google.com/books/about/Dynamic_Trading.html?id=ymtaAAAAYAAJ; Reference source: https://dynamictraders.com/dt-books/; Reference source: https://www.amazon.com/Dynamic-Trading-Practical-Strategies-Investors/dp/093438083X,4 筆研究材料；3 個不同來源；0 筆高證據等級；書籍 1 筆；論文/文章 0 筆。,4 research materials; 3 distinct sources; 0 high-evidence records; 1 book records; 0 paper/article records.
momentum,動量,Momentum,momentum,12,12,參考角色,Reference role,andrew-cardwell,55,安德魯・卡德威爾,Andrew Cardwell,正/負反轉與區間規則,positive/negative reversals and range rules,indicator_specialist,指標專題專家,Indicator specialist,58.0,16,3,2,0,0,0,可作為該指標/方法的輔助觀點,useful as a complementary view on the indicator/method,適合搭配優勝者資料交叉驗證,best used for cross-checking against the winning authority,安德魯・卡德威爾的角色是「正/負反轉與區間規則」，重點在動量、超買超賣、背離與趨勢強弱。,"Andrew Cardwell is classified here as positive/negative reversals and range rules; the focus is momentum, overbought/oversold conditions, divergence, and trend strength.",原文題名：Cardwell RSI Positive/Negative Reversals；參考來源：https://www.investopedia.com/articles/active-trading/042114/overbought-or-oversold-use-relative-strength-index-find-out.asp；參考來源：https://www.linkedin.com/in/andrew-cardwell-b318099,Cardwell RSI Positive/Negative Reversals; Reference source: https://www.investopedia.com/articles/active-trading/042114/overbought-or-oversold-use-relative-strength-index-find-out.asp; Reference source: https://www.linkedin.com/in/andrew-cardwell-b318099,3 筆研究材料；2 個不同來源；0 筆高證據等級；書籍 0 筆；論文/文章 0 筆。,3 research materials; 2 distinct sources; 0 high-evidence records; 0 book records; 0 paper/article records.
moving-average,移動平均,Moving Average,trend,8,1,優勝,Winner,gerald-appel,20,傑拉德・阿佩爾,Gerald Appel,動量均線,momentum moving average,indicator_creator,技術指標創作者,Indicator creator,76.4,24,4,3,2,1,0,有代表性書籍或教材可追溯；高證據等級來源較多；在原創性、資料覆蓋與專屬性綜合評分最高,"supported by traceable books or textbook material; has multiple high-evidence sources; highest combined score for originality, evidence coverage, and indicator specificity",適合搭配優勝者資料交叉驗證；優勝判斷是以本資料庫目前來源與評分規則為基準,best used for cross-checking against the winning authority; winner judgment is based on the current database sources and scoring rules,傑拉德・阿佩爾的角色是「動量均線」，重點在動量、超買超賣、背離與趨勢強弱；趨勢辨識、均線、通道與趨勢跟隨。,"Gerald Appel is classified here as momentum moving average; the focus is momentum, overbought/oversold conditions, divergence, and trend strength; trend identification, moving averages, channels, and trend following.",《技術分析：主動投資者的強力工具》（2005）；參考來源：https://cmtassociation.org/presenter/gerald-appel/；參考來源：https://traders.com/documentation/feedbk_docs/2003/09/Abstracts_new/Interview/interview.html；參考來源：https://www.investopedia.com/trading/macd/,Technical Analysis: Power Tools for Active Investors (2005); Reference source: https://cmtassociation.org/presenter/gerald-appel/; Reference source: https://traders.com/documentation/feedbk_docs/2003/09/Abstracts_new/Interview/interview.html; Reference source: https://www.investopedia.com/trading/macd/,4 筆研究材料；3 個不同來源；2 筆高證據等級；書籍 1 筆；論文/文章 0 筆。,4 research materials; 3 distinct sources; 2 high-evidence records; 1 book records; 0 paper/article records.
moving-average,移動平均,Moving Average,trend,8,2,重要補充,Important complement,john-j-murphy,11,約翰・墨菲,John J. Murphy,教材作者,textbook author,author,經典著作作者,Classic author,72.45,23,3,2,1,1,0,有代表性書籍或教材可追溯；高證據等級來源較多,supported by traceable books or textbook material; has multiple high-evidence sources,偏整理或推廣，原創性通常低於指標創作者,"more synthetic/promotional, usually less original than the indicator creator",約翰・墨菲的角色是「教材作者」，重點在趨勢辨識、均線、通道與趨勢跟隨；圖表型態、價格結構與支撐阻力；市場寬度、內部強弱與指數健康度判讀。,"John J. Murphy is classified here as textbook author; the focus is trend identification, moving averages, channels, and trend following; chart patterns, price structure, and support/resistance; market breadth, internal strength, and index health.",《金融市場技術分析》（1999）；參考來源：https://www.amazon.com/Technical-Analysis-Financial-Markets-Comprehensive/dp/0735200661；參考來源：https://www.investopedia.com/articles/personal-finance/090916/top-5-books-learn-technical-analysis.asp,Technical Analysis of the Financial Markets (1999); Reference source: https://www.amazon.com/Technical-Analysis-Financial-Markets-Comprehensive/dp/0735200661; Reference source: https://www.investopedia.com/articles/personal-finance/090916/top-5-books-learn-technical-analysis.asp,3 筆研究材料；2 個不同來源；1 筆高證據等級；書籍 1 筆；論文/文章 0 筆。,3 research materials; 2 distinct sources; 1 high-evidence records; 1 book records; 0 paper/article records.
moving-average,移動平均,Moving Average,trend,8,3,重要補充,Important complement,robert-w-colby,17,羅伯特・科爾比,Robert W. Colby,百科作者,encyclopedia author,author,經典著作作者,Classic author,72.0,20,4,3,0,1,0,有代表性書籍或教材可追溯,supported by traceable books or textbook material,偏整理或推廣，原創性通常低於指標創作者,"more synthetic/promotional, usually less original than the indicator creator",羅伯特・科爾比的角色是「百科作者」，重點在趨勢辨識、均線、通道與趨勢跟隨；動量、超買超賣、背離與趨勢強弱；實證檢驗、規則驗證與資料探勘風險控制。,"Robert W. Colby is classified here as encyclopedia author; the focus is trend identification, moving averages, channels, and trend following; momentum, overbought/oversold conditions, divergence, and trend strength; empirical testing, rule validation, and data-mining control.",《技術市場指標百科全書》（1988）；參考來源：https://books.google.com/books/about/The_Encyclopedia_Of_Technical_Market_Ind.html?id=f82LUFQVGOUC；參考來源：https://openlibrary.org/books/OL17060688M/The_encyclopedia_of_technical_market_indicators；參考來源：https://www.mheducation.com/highered/mhp/product/encyclopedia-technical-market-indicators-second-edition.html,The Encyclopedia of Technical Market Indicators (1988); Reference source: https://books.google.com/books/about/The_Encyclopedia_Of_Technical_Market_Ind.html?id=f82LUFQVGOUC; Reference source: https://openlibrary.org/books/OL17060688M/The_encyclopedia_of_technical_market_indicators; Reference source: https://www.mheducation.com/highered/mhp/product/encyclopedia-technical-market-indicators-second-edition.html,4 筆研究材料；3 個不同來源；0 筆高證據等級；書籍 1 筆；論文/文章 0 筆。,4 research materials; 3 distinct sources; 0 high-evidence records; 1 book records; 0 paper/article records.
moving-average,移動平均,Moving Average,trend,8,4,重要補充,Important complement,john-r-mcginley,64,約翰・麥金利,John R. McGinley,自適應平滑,adaptive smoothing,indicator_creator,技術指標創作者,Indicator creator,68.95,19,4,3,0,0,0,可作為該指標/方法的輔助觀點,useful as a complementary view on the indicator/method,適合搭配優勝者資料交叉驗證,best used for cross-checking against the winning authority,約翰・麥金利的角色是「自適應平滑」，重點在趨勢辨識、均線、通道與趨勢跟隨。,"John R. McGinley is classified here as adaptive smoothing; the focus is trend identification, moving averages, channels, and trend following.",原文題名：McGinley Dynamic（1997）；參考來源：https://dotnet.stockindicators.dev/indicators/Dynamic/；參考來源：https://www.earn2trade.com/blog/mcginley-dynamic-indicator/；參考來源：https://www.investopedia.com/terms/m/mcginley-dynamic.asp,McGinley Dynamic (1997); Reference source: https://dotnet.stockindicators.dev/indicators/Dynamic/; Reference source: https://www.earn2trade.com/blog/mcginley-dynamic-indicator/; Reference source: https://www.investopedia.com/terms/m/mcginley-dynamic.asp,4 筆研究材料；3 個不同來源；0 筆高證據等級；書籍 0 筆；論文/文章 0 筆。,4 research materials; 3 distinct sources; 0 high-evidence records; 0 book records; 0 paper/article records.
moving-average,移動平均,Moving Average,trend,8,5,重要補充,Important complement,patrick-g-mulloy,65,派翠克・馬洛伊,Patrick G. Mulloy,低滯後均線,low-lag moving averages,indicator_creator,技術指標創作者,Indicator creator,68.45,19,3,3,1,0,1,有論文或研究文章支撐；高證據等級來源較多,supported by papers or research articles; has multiple high-evidence sources,適合搭配優勝者資料交叉驗證,best used for cross-checking against the winning authority,派翠克・馬洛伊的角色是「低滯後均線」，重點在趨勢辨識、均線、通道與趨勢跟隨。,"Patrick G. Mulloy is classified here as low-lag moving averages; the focus is trend identification, moving averages, channels, and trend following.",原文題名：Smoothing Data with Faster Moving Averages（1994）；參考來源：https://chartschool.stockcharts.com/table-of-contents/technical-indicators-and-overlays/technical-overlays/triple-exponential-moving-average-tema；參考來源：https://www.investopedia.com/ask/answers/041315/why-triple-exponential-moving-average-tema-important-traders-and-analysts.asp,Smoothing Data with Faster Moving Averages (1994); Reference source: https://chartschool.stockcharts.com/table-of-contents/technical-indicators-and-overlays/technical-overlays/triple-exponential-moving-average-tema; Reference source: https://www.investopedia.com/ask/answers/041315/why-triple-exponential-moving-average-tema-important-traders-and-analysts.asp,3 筆研究材料；3 個不同來源；1 筆高證據等級；書籍 0 筆；論文/文章 1 筆。,3 research materials; 3 distinct sources; 1 high-evidence records; 0 book records; 1 paper/article records.
moving-average,移動平均,Moving Average,trend,8,6,參考角色,Reference role,daryl-guppy,62,達利・古比,Daryl Guppy,多均線趨勢,multiple moving-average trend work,indicator_creator,技術指標創作者,Indicator creator,67.75,21,2,2,1,1,0,有代表性書籍或教材可追溯；高證據等級來源較多,supported by traceable books or textbook material; has multiple high-evidence sources,適合搭配優勝者資料交叉驗證,best used for cross-checking against the winning authority,達利・古比的角色是「多均線趨勢」，重點在趨勢辨識、均線、通道與趨勢跟隨。,"Daryl Guppy is classified here as multiple moving-average trend work; the focus is trend identification, moving averages, channels, and trend following.",《交易戰術》（1997）；參考來源：https://www.investopedia.com/terms/g/guppy-multiple-moving-average.asp,Trading Tactics (1997); Reference source: https://www.investopedia.com/terms/g/guppy-multiple-moving-average.asp,2 筆研究材料；2 個不同來源；1 筆高證據等級；書籍 1 筆；論文/文章 0 筆。,2 research materials; 2 distinct sources; 1 high-evidence records; 1 book records; 0 paper/article records.
moving-average,移動平均,Moving Average,trend,8,7,參考角色,Reference role,steven-b-achelis,16,史蒂文・阿契利斯,Steven B. Achelis,百科作者,encyclopedia author,author,經典著作作者,Classic author,67.65,19,2,2,1,1,0,有代表性書籍或教材可追溯；高證據等級來源較多,supported by traceable books or textbook material; has multiple high-evidence sources,偏整理或推廣，原創性通常低於指標創作者,"more synthetic/promotional, usually less original than the indicator creator",史蒂文・阿契利斯的角色是「百科作者」，重點在趨勢辨識、均線、通道與趨勢跟隨；動量、超買超賣、背離與趨勢強弱；量價關係、資金流與供需分析。,"Steven B. Achelis is classified here as encyclopedia author; the focus is trend identification, moving averages, channels, and trend following; momentum, overbought/oversold conditions, divergence, and trend strength; price-volume relationships, money flow, and supply/demand.",《技術分析 A 到 Z》（1995）；參考來源：https://guides.newman.baruch.cuny.edu/c.php?g=188442&p=1243542,Technical Analysis from A to Z (1995); Reference source: https://guides.newman.baruch.cuny.edu/c.php?g=188442&p=1243542,2 筆研究材料；2 個不同來源；1 筆高證據等級；書籍 1 筆；論文/文章 0 筆。,2 research materials; 2 distinct sources; 1 high-evidence records; 1 book records; 0 paper/article records.
moving-average,移動平均,Moving Average,trend,8,8,參考角色,Reference role,alan-hull,63,艾倫・霍爾,Alan Hull,低滯後均線,low-lag moving averages,indicator_creator,技術指標創作者,Indicator creator,66.15,19,3,2,0,0,0,可作為該指標/方法的輔助觀點,useful as a complementary view on the indicator/method,適合搭配優勝者資料交叉驗證,best used for cross-checking against the winning authority,艾倫・霍爾的角色是「低滯後均線」，重點在趨勢辨識、均線、通道與趨勢跟隨。,"Alan Hull is classified here as low-lag moving averages; the focus is trend identification, moving averages, channels, and trend following.",原文題名：Hull Moving Average（2005）；參考來源：https://alanhull.com/the-hull-moving-average/；參考來源：https://chartschool.stockcharts.com/table-of-contents/technical-indicators-and-overlays/technical-overlays/hull-moving-average-hma,Hull Moving Average (2005); Reference source: https://alanhull.com/the-hull-moving-average/; Reference source: https://chartschool.stockcharts.com/table-of-contents/technical-indicators-and-overlays/technical-overlays/hull-moving-average-hma,3 筆研究材料；2 個不同來源；0 筆高證據等級；書籍 0 筆；論文/文章 0 筆。,3 research materials; 2 distinct sources; 0 high-evidence records; 0 book records; 0 paper/article records.
obv,OBV 能量潮,On-Balance Volume,volume,1,1,優勝,Winner,joseph-granville,29,約瑟夫・格蘭維爾,Joseph Granville,創始者,creator,indicator_creator,技術指標創作者,Indicator creator,105.1,22,4,3,0,1,0,最接近原始定義，適合作為該指標/方法的基準版本；有代表性書籍或教材可追溯；在原創性、資料覆蓋與專屬性綜合評分最高,"closest to the original definition and best used as the benchmark version; supported by traceable books or textbook material; highest combined score for originality, evidence coverage, and indicator specificity",原始版本仍需結合後續實證與現代市場條件；優勝判斷是以本資料庫目前來源與評分規則為基準,the original version should still be checked against later evidence and modern markets; winner judgment is based on the current database sources and scoring rules,約瑟夫・格蘭維爾的角色是「創始者」，重點在量價關係、資金流與供需分析。,"Joseph Granville is classified here as creator; the focus is price-volume relationships, money flow, and supply/demand.",《格蘭維爾股市獲利新鑰》（1963）；參考來源：https://books.google.com/books/about/New_Key_to_Stock_Market_Profits.html?id=Z8xl5AAACAAJ；參考來源：https://openlibrary.org/works/OL3510350W/New_key_to_stock_market_profits；參考來源：https://www.investopedia.com/terms/o/onbalancevolume.asp,Granville's New Key to Stock Market Profits (1963); Reference source: https://books.google.com/books/about/New_Key_to_Stock_Market_Profits.html?id=Z8xl5AAACAAJ; Reference source: https://openlibrary.org/works/OL3510350W/New_key_to_stock_market_profits; Reference source: https://www.investopedia.com/terms/o/onbalancevolume.asp,4 筆研究材料；3 個不同來源；0 筆高證據等級；書籍 1 筆；論文/文章 0 筆。,4 research materials; 3 distinct sources; 0 high-evidence records; 1 book records; 0 paper/article records.
opening-range-breakout,開盤區間突破,Opening Range Breakout,breakout,3,1,優勝,Winner,toby-crabel,83,托比・克拉貝爾,Toby Crabel,代表作者,代表作者,practitioner_author,實戰交易者兼作者,Practitioner-author,77.7,20,2,2,1,1,0,有代表性書籍或教材可追溯；高證據等級來源較多；在原創性、資料覆蓋與專屬性綜合評分最高,"supported by traceable books or textbook material; has multiple high-evidence sources; highest combined score for originality, evidence coverage, and indicator specificity",偏整理或推廣，原創性通常低於指標創作者；優勝判斷是以本資料庫目前來源與評分規則為基準,"more synthetic/promotional, usually less original than the indicator creator; winner judgment is based on the current database sources and scoring rules",托比・克拉貝爾的角色是「代表作者」，重點在突破、波動擴張與開盤區間交易；圖表型態、價格結構與支撐阻力；波動率、通道寬度與風險環境。,"Toby Crabel is classified here as 代表作者; the focus is breakouts, volatility expansion, and opening-range trading; chart patterns, price structure, and support/resistance; volatility, channel width, and risk regimes.",《短線價格型態與開盤區間突破日內交易》（1990）；參考來源：https://oxfordstrat.com/trading-strategies/toby-crabel-narrow-range-1/,Day Trading with Short Term Price Patterns and Opening Range Breakout (1990); Reference source: https://oxfordstrat.com/trading-strategies/toby-crabel-narrow-range-1/,2 筆研究材料；2 個不同來源；1 筆高證據等級；書籍 1 筆；論文/文章 0 筆。,2 research materials; 2 distinct sources; 1 high-evidence records; 1 book records; 0 paper/article records.
opening-range-breakout,開盤區間突破,Opening Range Breakout,breakout,3,2,參考角色,Reference role,linda-bradford-raschke,53,琳達・布拉德福德・拉什克,Linda Bradford Raschke,短線策略,short-term strategies,practitioner_author,實戰交易者兼作者,Practitioner-author,62.35,21,3,2,1,1,0,有代表性書籍或教材可追溯；高證據等級來源較多,supported by traceable books or textbook material; has multiple high-evidence sources,適合搭配優勝者資料交叉驗證,best used for cross-checking against the winning authority,琳達・布拉德福德・拉什克的角色是「短線策略」，重點在圖表型態、價格結構與支撐阻力；突破、波動擴張與開盤區間交易；系統交易、規則設計與回測流程。,"Linda Bradford Raschke is classified here as short-term strategies; the focus is chart patterns, price structure, and support/resistance; breakouts, volatility expansion, and opening-range trading; systematic trading, rule design, and backtesting.",《街頭智慧交易策略》（1996）；參考來源：https://lindaraschke.net/recommended-reading/；參考來源：https://www.amazon.com/Street-Smarts-Probability-Short-Term-Strategies/dp/0965046109,Street Smarts (1996); Reference source: https://lindaraschke.net/recommended-reading/; Reference source: https://www.amazon.com/Street-Smarts-Probability-Short-Term-Strategies/dp/0965046109,3 筆研究材料；2 個不同來源；1 筆高證據等級；書籍 1 筆；論文/文章 0 筆。,3 research materials; 2 distinct sources; 1 high-evidence records; 1 book records; 0 paper/article records.
opening-range-breakout,開盤區間突破,Opening Range Breakout,breakout,3,3,參考角色,Reference role,mark-b-fisher,82,馬克・費雪,Mark B. Fisher,開盤區間,opening range,practitioner_author,實戰交易者兼作者,Practitioner-author,61.55,21,3,3,1,1,0,有代表性書籍或教材可追溯；高證據等級來源較多,supported by traceable books or textbook material; has multiple high-evidence sources,適合搭配優勝者資料交叉驗證,best used for cross-checking against the winning authority,馬克・費雪的角色是「開盤區間」，重點在突破、波動擴張與開盤區間交易；圖表型態、價格結構與支撐阻力。,"Mark B. Fisher is classified here as opening range; the focus is breakouts, volatility expansion, and opening-range trading; chart patterns, price structure, and support/resistance.",《邏輯交易者》（2002）；參考來源：https://www.investopedia.com/articles/technical/04/032404.asp；參考來源：https://www.investopedia.com/articles/technical/04/040704.asp,The Logical Trader (2002); Reference source: https://www.investopedia.com/articles/technical/04/032404.asp; Reference source: https://www.investopedia.com/articles/technical/04/040704.asp,3 筆研究材料；3 個不同來源；1 筆高證據等級；書籍 1 筆；論文/文章 0 筆。,3 research materials; 3 distinct sources; 1 high-evidence records; 1 book records; 0 paper/article records.
parabolic-sar,Parabolic SAR,Parabolic SAR,trend,1,1,優勝,Winner,j-welles-wilder-jr,19,威爾斯・威爾德,J. Welles Wilder Jr.,創始者,creator,indicator_creator,技術指標創作者,Indicator creator,106.55,25,3,2,1,1,0,最接近原始定義，適合作為該指標/方法的基準版本；有代表性書籍或教材可追溯；高證據等級來源較多；在原創性、資料覆蓋與專屬性綜合評分最高,"closest to the original definition and best used as the benchmark version; supported by traceable books or textbook material; has multiple high-evidence sources; highest combined score for originality, evidence coverage, and indicator specificity",原始版本仍需結合後續實證與現代市場條件；優勝判斷是以本資料庫目前來源與評分規則為基準,the original version should still be checked against later evidence and modern markets; winner judgment is based on the current database sources and scoring rules,威爾斯・威爾德的角色是「創始者」，重點在動量、超買超賣、背離與趨勢強弱；趨勢辨識、均線、通道與趨勢跟隨；波動率、通道寬度與風險環境。,"J. Welles Wilder Jr. is classified here as creator; the focus is momentum, overbought/oversold conditions, divergence, and trend strength; trend identification, moving averages, channels, and trend following; volatility, channel width, and risk regimes.",《技術交易系統新概念》（1978）；參考來源：https://books.google.com/books/about/New_Concepts_in_Technical_Trading_System.html?id=WesJAQAAMAAJ；參考來源：https://www.investopedia.com/terms/r/rsi.asp,New Concepts in Technical Trading Systems (1978); Reference source: https://books.google.com/books/about/New_Concepts_in_Technical_Trading_System.html?id=WesJAQAAMAAJ; Reference source: https://www.investopedia.com/terms/r/rsi.asp,3 筆研究材料；2 個不同來源；1 筆高證據等級；書籍 1 筆；論文/文章 0 筆。,3 research materials; 2 distinct sources; 1 high-evidence records; 1 book records; 0 paper/article records.
point-and-figure,點數圖,Point and Figure,charting,3,1,優勝,Winner,a-w-cohen,77,A・W・科恩,A. W. Cohen,3-box reversal 推廣者,3-box reversal promoter,charting_specialist,圖表方法專家,Charting specialist,79.95,19,4,3,0,1,0,有代表性書籍或教材可追溯；在原創性、資料覆蓋與專屬性綜合評分最高,"supported by traceable books or textbook material; highest combined score for originality, evidence coverage, and indicator specificity",偏整理或推廣，原創性通常低於指標創作者；優勝判斷是以本資料庫目前來源與評分規則為基準,"more synthetic/promotional, usually less original than the indicator creator; winner judgment is based on the current database sources and scoring rules",A・W・科恩的角色是「3-box reversal 推廣者」，重點在圖表型態、價格結構與支撐阻力；市場寬度、內部強弱與指數健康度判讀。,"A. W. Cohen is classified here as 3-box reversal promoter; the focus is chart patterns, price structure, and support/resistance; market breadth, internal strength, and index health.",《如何使用點數圖三點反轉法交易股票》（1947）；參考來源：https://books.google.com/books/about/How_to_Use_the_Three_point_Reversal_Meth.html?id=iMdEAAAAIAAJ；參考來源：https://chartschool.stockcharts.com/table-of-contents/chart-analysis/point-and-figure-charts/point-and-figure-basics/introduction-to-point-and-figure-charts；參考來源：https://openlibrary.org/works/OL174845W/How_to_use_the_three-point_reversal_method_of_point_figure_stock_market_trading,How to Use the Three-Point Reversal Method of Point & Figure Stock Market Trading (1947); Reference source: https://books.google.com/books/about/How_to_Use_the_Three_point_Reversal_Meth.html?id=iMdEAAAAIAAJ; Reference source: https://chartschool.stockcharts.com/table-of-contents/chart-analysis/point-and-figure-charts/point-and-figure-basics/introduction-to-point-and-figure-charts; Reference source: https://openlibrary.org/works/OL174845W/How_to_use_the_three-point_reversal_method_of_point_figure_stock_market_trading,4 筆研究材料；3 個不同來源；0 筆高證據等級；書籍 1 筆；論文/文章 0 筆。,4 research materials; 3 distinct sources; 0 high-evidence records; 1 book records; 0 paper/article records.
point-and-figure,點數圖,Point and Figure,charting,3,2,重要補充,Important complement,thomas-j-dorsey,78,湯瑪斯・多爾西,Thomas J. Dorsey,現代推廣者,modern promoter,charting_specialist,圖表方法專家,Charting specialist,70.5,20,3,3,1,1,0,有代表性書籍或教材可追溯；高證據等級來源較多,supported by traceable books or textbook material; has multiple high-evidence sources,偏整理或推廣，原創性通常低於指標創作者,"more synthetic/promotional, usually less original than the indicator creator",湯瑪斯・多爾西的角色是「現代推廣者」，重點在圖表型態、價格結構與支撐阻力；股票選股、相對強弱與成長股篩選。,"Thomas J. Dorsey is classified here as modern promoter; the focus is chart patterns, price structure, and support/resistance; stock selection, relative strength, and growth-stock screening.",《點數圖分析》（1995）；參考來源：https://oxlive.dorseywright.com/university/faq.html；參考來源：https://www.investopedia.com/terms/p/pointandfigurechart.asp,Point & Figure Charting (1995); Reference source: https://oxlive.dorseywright.com/university/faq.html; Reference source: https://www.investopedia.com/terms/p/pointandfigurechart.asp,3 筆研究材料；3 個不同來源；1 筆高證據等級；書籍 1 筆；論文/文章 0 筆。,3 research materials; 3 distinct sources; 1 high-evidence records; 1 book records; 0 paper/article records.
point-and-figure,點數圖,Point and Figure,charting,3,3,參考角色,Reference role,jeremy-du-plessis,79,傑瑞米・杜普萊西斯,Jeremy du Plessis,現代教材作者,modern textbook author,charting_specialist,圖表方法專家,Charting specialist,67.3,20,3,2,1,2,0,有代表性書籍或教材可追溯；高證據等級來源較多,supported by traceable books or textbook material; has multiple high-evidence sources,偏整理或推廣，原創性通常低於指標創作者,"more synthetic/promotional, usually less original than the indicator creator",傑瑞米・杜普萊西斯的角色是「現代教材作者」，重點在圖表型態、價格結構與支撐阻力；波動率、通道寬度與風險環境；動量、超買超賣、背離與趨勢強弱。,"Jeremy du Plessis is classified here as modern textbook author; the focus is chart patterns, price structure, and support/resistance; volatility, channel width, and risk regimes; momentum, overbought/oversold conditions, divergence, and trend strength.",《點數圖權威指南》（2005）；《二十一世紀點數圖》（2015）；參考來源：https://harriman-house.com/authors/jeremy-du-plessis/21st-century-point-and-figure/9780857194428,The Definitive Guide to Point and Figure (2005); 21st Century Point and Figure (2015); Reference source: https://harriman-house.com/authors/jeremy-du-plessis/21st-century-point-and-figure/9780857194428,3 筆研究材料；2 個不同來源；1 筆高證據等級；書籍 2 筆；論文/文章 0 筆。,3 research materials; 2 distinct sources; 1 high-evidence records; 2 book records; 0 paper/article records.
price-action,價格行為,Price Action,charting,11,1,優勝,Winner,munehisa-homma,38,本間宗久,Munehisa Homma,市場心理,market psychology,foundation,理論奠基者,Foundational theorist,67.9,18,4,3,0,0,0,在原創性、資料覆蓋與專屬性綜合評分最高,"highest combined score for originality, evidence coverage, and indicator specificity",適合搭配優勝者資料交叉驗證；優勝判斷是以本資料庫目前來源與評分規則為基準,best used for cross-checking against the winning authority; winner judgment is based on the current database sources and scoring rules,本間宗久的角色是「市場心理」，重點在圖表型態、價格結構與支撐阻力。,"Munehisa Homma is classified here as market psychology; the focus is chart patterns, price structure, and support/resistance.",原文題名：Sakata Rules；參考來源：https://en.wikipedia.org/wiki/Munehisa_Homma；參考來源：https://ftmo.com/en/blog/technical-analysis-history-of-candlestick-charts/；參考來源：https://www.hotcandlestick.com/candlesticks.htm,Sakata Rules; Reference source: https://en.wikipedia.org/wiki/Munehisa_Homma; Reference source: https://ftmo.com/en/blog/technical-analysis-history-of-candlestick-charts/; Reference source: https://www.hotcandlestick.com/candlesticks.htm,4 筆研究材料；3 個不同來源；0 筆高證據等級；書籍 0 筆；論文/文章 0 筆。,4 research materials; 3 distinct sources; 0 high-evidence records; 0 book records; 0 paper/article records.
price-action,價格行為,Price Action,charting,11,2,參考角色,Reference role,alan-andrews,88,艾倫・安德魯斯,Alan Andrews,擺動點,swing points,indicator_creator,技術指標創作者,Indicator creator,66.15,19,3,2,0,0,0,可作為該指標/方法的輔助觀點,useful as a complementary view on the indicator/method,適合搭配優勝者資料交叉驗證,best used for cross-checking against the winning authority,艾倫・安德魯斯的角色是「擺動點」，重點在價格水平、通道、費波納契與支撐阻力；圖表型態、價格結構與支撐阻力。,"Alan Andrews is classified here as swing points; the focus is price levels, channels, Fibonacci work, and support/resistance; chart patterns, price structure, and support/resistance.",原文題名：Andrews' Pitchfork；參考來源：https://www.investopedia.com/articles/forex/05/andrewspitchfork.asp；參考來源：https://www.optuma.com/blog/pitchforks-part-1,Andrews' Pitchfork; Reference source: https://www.investopedia.com/articles/forex/05/andrewspitchfork.asp; Reference source: https://www.optuma.com/blog/pitchforks-part-1,3 筆研究材料；2 個不同來源；0 筆高證據等級；書籍 0 筆；論文/文章 0 筆。,3 research materials; 2 distinct sources; 0 high-evidence records; 0 book records; 0 paper/article records.
price-action,價格行為,Price Action,charting,11,3,參考角色,Reference role,jack-d-schwager,13,傑克・施瓦格,Jack D. Schwager,交易者訪談,trader interviews,author,經典著作作者,Classic author,64.2,20,4,3,2,2,0,有代表性書籍或教材可追溯；高證據等級來源較多,supported by traceable books or textbook material; has multiple high-evidence sources,實戰價值高，但公開可驗證研究材料可能較少,"strong practical value, but fewer publicly verifiable research records",傑克・施瓦格的角色是「交易者訪談」，重點在圖表型態、價格結構與支撐阻力；系統交易、規則設計與回測流程。,"Jack D. Schwager is classified here as trader interviews; the focus is chart patterns, price structure, and support/resistance; systematic trading, rule design, and backtesting.",原文題名：Market Wizards（1989）；《技術分析入門》（1999）；參考來源：https://www.amazon.com/Getting-Started-Technical-Analysis-Schwager/dp/0471295426；參考來源：https://www.investopedia.com/articles/personal-finance/090916/top-5-books-learn-technical-analysis.asp,Market Wizards (1989); Getting Started in Technical Analysis (1999); Reference source: https://www.amazon.com/Getting-Started-Technical-Analysis-Schwager/dp/0471295426; Reference source: https://www.investopedia.com/articles/personal-finance/090916/top-5-books-learn-technical-analysis.asp,4 筆研究材料；3 個不同來源；2 筆高證據等級；書籍 2 筆；論文/文章 0 筆。,4 research materials; 3 distinct sources; 2 high-evidence records; 2 book records; 0 paper/article records.
price-action,價格行為,Price Action,charting,11,4,參考角色,Reference role,linda-bradford-raschke,53,琳達・布拉德福德・拉什克,Linda Bradford Raschke,短線交易,short-term trading,practitioner_author,實戰交易者兼作者,Practitioner-author,62.35,21,3,2,1,1,0,有代表性書籍或教材可追溯；高證據等級來源較多,supported by traceable books or textbook material; has multiple high-evidence sources,實戰價值高，但公開可驗證研究材料可能較少,"strong practical value, but fewer publicly verifiable research records",琳達・布拉德福德・拉什克的角色是「短線交易」，重點在圖表型態、價格結構與支撐阻力；突破、波動擴張與開盤區間交易；系統交易、規則設計與回測流程。,"Linda Bradford Raschke is classified here as short-term trading; the focus is chart patterns, price structure, and support/resistance; breakouts, volatility expansion, and opening-range trading; systematic trading, rule design, and backtesting.",《街頭智慧交易策略》（1996）；參考來源：https://lindaraschke.net/recommended-reading/；參考來源：https://www.amazon.com/Street-Smarts-Probability-Short-Term-Strategies/dp/0965046109,Street Smarts (1996); Reference source: https://lindaraschke.net/recommended-reading/; Reference source: https://www.amazon.com/Street-Smarts-Probability-Short-Term-Strategies/dp/0965046109,3 筆研究材料；2 個不同來源；1 筆高證據等級；書籍 1 筆；論文/文章 0 筆。,3 research materials; 2 distinct sources; 1 high-evidence records; 1 book records; 0 paper/article records.
price-action,價格行為,Price Action,charting,11,5,參考角色,Reference role,humphrey-b-neill,90,漢弗萊・尼爾,Humphrey B. Neill,市場心理,market psychology,author,經典著作作者,Classic author,61.3,18,3,2,2,2,0,有代表性書籍或教材可追溯；高證據等級來源較多,supported by traceable books or textbook material; has multiple high-evidence sources,適合搭配優勝者資料交叉驗證,best used for cross-checking against the winning authority,漢弗萊・尼爾的角色是「市場心理」，重點在圖表型態、價格結構與支撐阻力；市場情緒、逆向指標與群眾心理。,"Humphrey B. Neill is classified here as market psychology; the focus is chart patterns, price structure, and support/resistance; sentiment, contrarian indicators, and crowd psychology.",《讀帶與市場戰術》（1931）；《逆向思考的藝術》（1954）；參考來源：https://books.google.com/books/about/Tape_Reading_and_Market_Tactics.html?id=XuiREQAAQBAJ,Tape Reading and Market Tactics (1931); The Art of Contrary Thinking (1954); Reference source: https://books.google.com/books/about/Tape_Reading_and_Market_Tactics.html?id=XuiREQAAQBAJ,3 筆研究材料；2 個不同來源；2 筆高證據等級；書籍 2 筆；論文/文章 0 筆。,3 research materials; 2 distinct sources; 2 high-evidence records; 2 book records; 0 paper/article records.
price-action,價格行為,Price Action,charting,11,6,參考角色,Reference role,brian-shannon,52,布萊恩・香農,Brian Shannon,多週期分析,multi-timeframe analysis,author_practitioner,作者兼實戰交易者,Author-practitioner,60.4,20,3,2,2,2,0,有代表性書籍或教材可追溯；高證據等級來源較多,supported by traceable books or textbook material; has multiple high-evidence sources,適合搭配優勝者資料交叉驗證,best used for cross-checking against the winning authority,布萊恩・香農的角色是「多週期分析」，重點在量價關係、資金流與供需分析；圖表型態、價格結構與支撐阻力。,"Brian Shannon is classified here as multi-timeframe analysis; the focus is price-volume relationships, money flow, and supply/demand; chart patterns, price structure, and support/resistance.",《多時間框架技術分析》（2008）；《用 Anchored VWAP 提高交易收益》（2023）；參考來源：https://books.google.com/books/about/Maximum_Trading_Gains_With_Anchored_VWAP.html?id=p3aCzwEACAAJ,Technical Analysis Using Multiple Timeframes (2008); Maximum Trading Gains with Anchored VWAP (2023); Reference source: https://books.google.com/books/about/Maximum_Trading_Gains_With_Anchored_VWAP.html?id=p3aCzwEACAAJ,3 筆研究材料；2 個不同來源；2 筆高證據等級；書籍 2 筆；論文/文章 0 筆。,3 research materials; 2 distinct sources; 2 high-evidence records; 2 book records; 0 paper/article records.
price-action,價格行為,Price Action,charting,11,7,參考角色,Reference role,david-weis,75,大衛・韋斯,David Weis,價格量能,price and volume action,educator,技術分析教育者,Technical-analysis educator,59.3,20,3,2,1,1,0,有代表性書籍或教材可追溯；高證據等級來源較多,supported by traceable books or textbook material; has multiple high-evidence sources,適合搭配優勝者資料交叉驗證,best used for cross-checking against the winning authority,大衛・韋斯的角色是「價格量能」，重點在量價關係、資金流與供需分析；圖表型態、價格結構與支撐阻力。,"David Weis is classified here as price and volume action; the focus is price-volume relationships, money flow, and supply/demand; chart patterns, price structure, and support/resistance.",《即將發生的交易》（2013）；參考來源：https://books.google.com/books/about/Trades_About_to_Happen.html?id=IPw1CgAAQBAJ；參考來源：https://www.wyckoffanalytics.com/david-weis/,Trades About to Happen (2013); Reference source: https://books.google.com/books/about/Trades_About_to_Happen.html?id=IPw1CgAAQBAJ; Reference source: https://www.wyckoffanalytics.com/david-weis/,3 筆研究材料；2 個不同來源；1 筆高證據等級；書籍 1 筆；論文/文章 0 筆。,3 research materials; 2 distinct sources; 1 high-evidence records; 1 book records; 0 paper/article records.
price-action,價格行為,Price Action,charting,11,8,參考角色,Reference role,james-f-dalton,81,詹姆斯・道爾頓,James F. Dalton,拍賣市場邏輯,auction-market logic,author_practitioner,作者兼實戰交易者,Author-practitioner,59.3,20,3,2,1,2,0,有代表性書籍或教材可追溯；高證據等級來源較多,supported by traceable books or textbook material; has multiple high-evidence sources,適合搭配優勝者資料交叉驗證,best used for cross-checking against the winning authority,詹姆斯・道爾頓的角色是「拍賣市場邏輯」，重點在拍賣市場結構、價值區與成交分佈判讀；圖表型態、價格結構與支撐阻力。,"James F. Dalton is classified here as auction-market logic; the focus is auction-market structure, value areas, and distribution analysis; chart patterns, price structure, and support/resistance.",《市場之上》（1990）；《市場輪廓》（2007）；參考來源：https://jimdaltontrading.com/books/,Mind Over Markets (1990); Markets in Profile (2007); Reference source: https://jimdaltontrading.com/books/,3 筆研究材料；2 個不同來源；1 筆高證據等級；書籍 2 筆；論文/文章 0 筆。,3 research materials; 2 distinct sources; 1 high-evidence records; 2 book records; 0 paper/article records.
price-action,價格行為,Price Action,charting,11,9,參考角色,Reference role,toby-crabel,83,托比・克拉貝爾,Toby Crabel,Narrow Range 型態,Narrow Range pattern,practitioner_author,實戰交易者兼作者,Practitioner-author,57.7,20,2,2,1,1,0,有代表性書籍或教材可追溯；高證據等級來源較多,supported by traceable books or textbook material; has multiple high-evidence sources,適合搭配優勝者資料交叉驗證,best used for cross-checking against the winning authority,托比・克拉貝爾的角色是「Narrow Range 型態」，重點在突破、波動擴張與開盤區間交易；圖表型態、價格結構與支撐阻力；波動率、通道寬度與風險環境。,"Toby Crabel is classified here as Narrow Range pattern; the focus is breakouts, volatility expansion, and opening-range trading; chart patterns, price structure, and support/resistance; volatility, channel width, and risk regimes.",《短線價格型態與開盤區間突破日內交易》（1990）；參考來源：https://oxfordstrat.com/trading-strategies/toby-crabel-narrow-range-1/,Day Trading with Short Term Price Patterns and Opening Range Breakout (1990); Reference source: https://oxfordstrat.com/trading-strategies/toby-crabel-narrow-range-1/,2 筆研究材料；2 個不同來源；1 筆高證據等級；書籍 1 筆；論文/文章 0 筆。,2 research materials; 2 distinct sources; 1 high-evidence records; 1 book records; 0 paper/article records.
price-action,價格行為,Price Action,charting,11,10,參考角色,Reference role,jesse-livermore,5,傑西・李佛摩,Jesse Livermore,價格行為,price action,practitioner,實戰交易代表,Market practitioner,57.65,19,2,2,1,1,0,有代表性書籍或教材可追溯；高證據等級來源較多,supported by traceable books or textbook material; has multiple high-evidence sources,適合搭配優勝者資料交叉驗證,best used for cross-checking against the winning authority,傑西・李佛摩的角色是「價格行為」，重點在圖表型態、價格結構與支撐阻力；趨勢辨識、均線、通道與趨勢跟隨。,"Jesse Livermore is classified here as price action; the focus is chart patterns, price structure, and support/resistance; trend identification, moving averages, channels, and trend following.",《如何交易股票》（1940）；參考來源：https://en.wikipedia.org/wiki/Jesse_Livermore,How to Trade in Stocks (1940); Reference source: https://en.wikipedia.org/wiki/Jesse_Livermore,2 筆研究材料；2 個不同來源；1 筆高證據等級；書籍 1 筆；論文/文章 0 筆。,2 research materials; 2 distinct sources; 1 high-evidence records; 1 book records; 0 paper/article records.
price-action,價格行為,Price Action,charting,11,11,參考角色,Reference role,victor-sperandeo,84,維克多・斯佩蘭迪奧,Victor Sperandeo,2B 型態,2B pattern,practitioner_author,實戰交易者兼作者,Practitioner-author,56.65,19,2,2,1,1,0,有代表性書籍或教材可追溯；高證據等級來源較多,supported by traceable books or textbook material; has multiple high-evidence sources,適合搭配優勝者資料交叉驗證,best used for cross-checking against the winning authority,維克多・斯佩蘭迪奧的角色是「2B 型態」，重點在圖表型態、價格結構與支撐阻力；趨勢辨識、均線、通道與趨勢跟隨。,"Victor Sperandeo is classified here as 2B pattern; the focus is chart patterns, price structure, and support/resistance; trend identification, moving averages, channels, and trend following.",《Trader Vic：華爾街大師的方法》（1991）；參考來源：https://thepatternsite.com/2B.html,Trader Vic: Methods of a Wall Street Master (1991); Reference source: https://thepatternsite.com/2B.html,2 筆研究材料；2 個不同來源；1 筆高證據等級；書籍 1 筆；論文/文章 0 筆。,2 research materials; 2 distinct sources; 1 high-evidence records; 1 book records; 0 paper/article records.
relative-strength,相對強弱 / 強勢股篩選,Relative Strength,stock_selection,8,1,優勝,Winner,william-j-o-neil,49,威廉・歐尼爾,William J. O'Neil,成長股選股,growth-stock selection,author_practitioner,作者兼實戰交易者,Author-practitioner,74.4,24,3,2,0,1,0,有代表性書籍或教材可追溯；在原創性、資料覆蓋與專屬性綜合評分最高,"supported by traceable books or textbook material; highest combined score for originality, evidence coverage, and indicator specificity",適合搭配優勝者資料交叉驗證；優勝判斷是以本資料庫目前來源與評分規則為基準,best used for cross-checking against the winning authority; winner judgment is based on the current database sources and scoring rules,威廉・歐尼爾的角色是「成長股選股」，重點在股票選股、相對強弱與成長股篩選；圖表型態、價格結構與支撐阻力。,"William J. O'Neil is classified here as growth-stock selection; the focus is stock selection, relative strength, and growth-stock screening; chart patterns, price structure, and support/resistance.",《如何在股票中賺錢》（1988）；參考來源：https://www.fidelity.com/learning-center/trading-investing/technical-analysis/technical-indicator-guide/cup-with-handle；參考來源：https://www.investopedia.com/terms/c/canslim.asp,How to Make Money in Stocks (1988); Reference source: https://www.fidelity.com/learning-center/trading-investing/technical-analysis/technical-indicator-guide/cup-with-handle; Reference source: https://www.investopedia.com/terms/c/canslim.asp,3 筆研究材料；2 個不同來源；0 筆高證據等級；書籍 1 筆；論文/文章 0 筆。,3 research materials; 2 distinct sources; 0 high-evidence records; 1 book records; 0 paper/article records.
relative-strength,相對強弱 / 強勢股篩選,Relative Strength,stock_selection,8,2,重要補充,Important complement,charles-d-kirkpatrick-ii,14,查爾斯・柯克派翠克二世,Charles D. Kirkpatrick II,研究者,researcher,author_researcher,著作與研究兼具,Author-researcher,75.6,22,3,2,3,1,1,有代表性書籍或教材可追溯；有論文或研究文章支撐；高證據等級來源較多,supported by traceable books or textbook material; supported by papers or research articles; has multiple high-evidence sources,適合搭配優勝者資料交叉驗證,best used for cross-checking against the winning authority,查爾斯・柯克派翠克二世的角色是「研究者」，重點在股票選股、相對強弱與成長股篩選；技術分析基本理論與市場趨勢框架。,"Charles D. Kirkpatrick II is classified here as researcher; the focus is stock selection, relative strength, and growth-stock screening; core technical-analysis theory and trend frameworks.",原文題名：Stock Selection: A Test of Relative Stock Values Reported Over 17 1/2 Years（2001）；《技術分析：金融市場技術分析師完整資源》（2006）；參考來源：https://cmtassociation.org/association/award-recognizing/charles-h-dow-award/,Stock Selection: A Test of Relative Stock Values Reported Over 17 1/2 Years (2001); Technical Analysis: The Complete Resource for Financial Market Technicians (2006); Reference source: https://cmtassociation.org/association/award-recognizing/charles-h-dow-award/,3 筆研究材料；2 個不同來源；3 筆高證據等級；書籍 1 筆；論文/文章 1 筆。,3 research materials; 2 distinct sources; 3 high-evidence records; 1 book records; 1 paper/article records.
relative-strength,相對強弱 / 強勢股篩選,Relative Strength,stock_selection,8,3,參考角色,Reference role,gary-antonacci,98,蓋瑞・安東納奇,Gary Antonacci,相對/絕對動量,relative/absolute momentum,researcher_author,研究者兼作者,Researcher-author,65.75,21,3,3,3,1,1,有代表性書籍或教材可追溯；有論文或研究文章支撐；高證據等級來源較多,supported by traceable books or textbook material; supported by papers or research articles; has multiple high-evidence sources,適合搭配優勝者資料交叉驗證,best used for cross-checking against the winning authority,蓋瑞・安東納奇的角色是「相對/絕對動量」，重點在動量、超買超賣、背離與趨勢強弱；趨勢辨識、均線、通道與趨勢跟隨；股票選股、相對強弱與成長股篩選。,"Gary Antonacci is classified here as relative/absolute momentum; the focus is momentum, overbought/oversold conditions, divergence, and trend strength; trend identification, moving averages, channels, and trend following; stock selection, relative strength, and growth-stock screening.",《雙動量投資》（2014）；原文題名：A Century of Profitable Industry Trends（2025）；參考來源：https://cmtassociation.org/association/award-recognizing/charles-h-dow-award/,Dual Momentum Investing (2014); A Century of Profitable Industry Trends (2025); Reference source: https://cmtassociation.org/association/award-recognizing/charles-h-dow-award/,3 筆研究材料；3 個不同來源；3 筆高證據等級；書籍 1 筆；論文/文章 1 筆。,3 research materials; 3 distinct sources; 3 high-evidence records; 1 book records; 1 paper/article records.
relative-strength,相對強弱 / 強勢股篩選,Relative Strength,stock_selection,8,4,參考角色,Reference role,louise-yamada,40,路易絲・山田,Louise Yamada,機構技術研究,機構技術研究,practitioner,實戰交易代表,Market practitioner,63.4,20,3,2,2,1,0,有代表性書籍或教材可追溯；高證據等級來源較多,supported by traceable books or textbook material; has multiple high-evidence sources,適合搭配優勝者資料交叉驗證,best used for cross-checking against the winning authority,路易絲・山田的角色是「機構技術研究」，重點在股票選股、相對強弱與成長股篩選；趨勢辨識、均線、通道與趨勢跟隨；圖表型態、價格結構與支撐阻力。,"Louise Yamada is classified here as 機構技術研究; the focus is stock selection, relative strength, and growth-stock screening; trend identification, moving averages, channels, and trend following; chart patterns, price structure, and support/resistance.",《市場魔法》（1998）；參考來源：https://cmtassociation.org/presenter/louise-yamada/；參考來源：https://www.lyadvisors.com/,Market Magic: Riding the Greatest Bull Market of the Century (1998); Reference source: https://cmtassociation.org/presenter/louise-yamada/; Reference source: https://www.lyadvisors.com/,3 筆研究材料；2 個不同來源；2 筆高證據等級；書籍 1 筆；論文/文章 0 筆。,3 research materials; 2 distinct sources; 2 high-evidence records; 1 book records; 0 paper/article records.
relative-strength,相對強弱 / 強勢股篩選,Relative Strength,stock_selection,8,5,參考角色,Reference role,mark-minervini,50,馬克・米勒維尼,Mark Minervini,SEPA 強勢股,SEPA relative-strength stocks,practitioner_author,實戰交易者兼作者,Practitioner-author,62.45,23,3,2,1,2,0,有代表性書籍或教材可追溯；高證據等級來源較多,supported by traceable books or textbook material; has multiple high-evidence sources,適合搭配優勝者資料交叉驗證,best used for cross-checking against the winning authority,馬克・米勒維尼的角色是「SEPA 強勢股」，重點在圖表型態、價格結構與支撐阻力；股票選股、相對強弱與成長股篩選。,"Mark Minervini is classified here as SEPA relative-strength stocks; the focus is chart patterns, price structure, and support/resistance; stock selection, relative strength, and growth-stock screening.",《像股市魔法師一樣交易》（2013）；《像冠軍一樣思考與交易》（2017）；參考來源：https://trendspider.com/learning-center/volatility-contraction-pattern-vcp/,Trade Like a Stock Market Wizard (2013); Think and Trade Like a Champion (2017); Reference source: https://trendspider.com/learning-center/volatility-contraction-pattern-vcp/,3 筆研究材料；2 個不同來源；1 筆高證據等級；書籍 2 筆；論文/文章 0 筆。,3 research materials; 2 distinct sources; 1 high-evidence records; 2 book records; 0 paper/article records.
relative-strength,相對強弱 / 強勢股篩選,Relative Strength,stock_selection,8,6,參考角色,Reference role,stan-weinstein,48,史坦・溫斯坦,Stan Weinstein,強勢股,relative-strength stocks,author,經典著作作者,Classic author,62.25,21,3,2,0,1,0,有代表性書籍或教材可追溯,supported by traceable books or textbook material,適合搭配優勝者資料交叉驗證,best used for cross-checking against the winning authority,史坦・溫斯坦的角色是「強勢股」，重點在趨勢辨識、均線、通道與趨勢跟隨；股票選股、相對強弱與成長股篩選；量價關係、資金流與供需分析。,"Stan Weinstein is classified here as relative-strength stocks; the focus is trend identification, moving averages, channels, and trend following; stock selection, relative strength, and growth-stock screening; price-volume relationships, money flow, and supply/demand.",《牛熊市場獲利祕訣》（1988）；參考來源：https://www.investopedia.com/articles/investing/070715/trading-stage-analysis.asp；參考來源：https://www.stageanalysis.net/,Secrets for Profiting in Bull and Bear Markets (1988); Reference source: https://www.investopedia.com/articles/investing/070715/trading-stage-analysis.asp; Reference source: https://www.stageanalysis.net/,3 筆研究材料；2 個不同來源；0 筆高證據等級；書籍 1 筆；論文/文章 0 筆。,3 research materials; 2 distinct sources; 0 high-evidence records; 1 book records; 0 paper/article records.
relative-strength,相對強弱 / 強勢股篩選,Relative Strength,stock_selection,8,7,參考角色,Reference role,thomas-j-dorsey,78,湯瑪斯・多爾西,Thomas J. Dorsey,P&F 相對強弱,P&F relative strength,charting_specialist,圖表方法專家,Charting specialist,60.5,20,3,3,1,1,0,有代表性書籍或教材可追溯；高證據等級來源較多,supported by traceable books or textbook material; has multiple high-evidence sources,適合搭配優勝者資料交叉驗證,best used for cross-checking against the winning authority,湯瑪斯・多爾西的角色是「P&F 相對強弱」，重點在圖表型態、價格結構與支撐阻力；股票選股、相對強弱與成長股篩選。,"Thomas J. Dorsey is classified here as P&F relative strength; the focus is chart patterns, price structure, and support/resistance; stock selection, relative strength, and growth-stock screening.",《點數圖分析》（1995）；參考來源：https://oxlive.dorseywright.com/university/faq.html；參考來源：https://www.investopedia.com/terms/p/pointandfigurechart.asp,Point & Figure Charting (1995); Reference source: https://oxlive.dorseywright.com/university/faq.html; Reference source: https://www.investopedia.com/terms/p/pointandfigurechart.asp,3 筆研究材料；3 個不同來源；1 筆高證據等級；書籍 1 筆；論文/文章 0 筆。,3 research materials; 3 distinct sources; 1 high-evidence records; 1 book records; 0 paper/article records.
relative-strength,相對強弱 / 強勢股篩選,Relative Strength,stock_selection,8,8,參考角色,Reference role,nicolas-darvas,51,尼古拉斯・達瓦斯,Nicolas Darvas,強勢股,relative-strength stocks,practitioner_author,實戰交易者兼作者,Practitioner-author,59.7,20,2,2,1,1,0,有代表性書籍或教材可追溯；高證據等級來源較多,supported by traceable books or textbook material; has multiple high-evidence sources,適合搭配優勝者資料交叉驗證,best used for cross-checking against the winning authority,尼古拉斯・達瓦斯的角色是「強勢股」，重點在圖表型態、價格結構與支撐阻力；趨勢辨識、均線、通道與趨勢跟隨；股票選股、相對強弱與成長股篩選。,"Nicolas Darvas is classified here as relative-strength stocks; the focus is chart patterns, price structure, and support/resistance; trend identification, moving averages, channels, and trend following; stock selection, relative strength, and growth-stock screening.",《我如何在股市賺到二百萬美元》（1960）；參考來源：https://en.wikipedia.org/wiki/Nicolas_Darvas,"How I Made $2,000,000 in the Stock Market (1960); Reference source: https://en.wikipedia.org/wiki/Nicolas_Darvas",2 筆研究材料；2 個不同來源；1 筆高證據等級；書籍 1 筆；論文/文章 0 筆。,2 research materials; 2 distinct sources; 1 high-evidence records; 1 book records; 0 paper/article records.
risk,風險 / 回撤,Risk / Drawdown,risk,2,1,並列優勝,Joint winner,peter-g-martin,69,彼得・馬丁,Peter G. Martin,下行風險,downside risk,indicator_creator,技術指標創作者,Indicator creator,67.6,18,2,2,1,1,0,有代表性書籍或教材可追溯；高證據等級來源較多；在原創性、資料覆蓋與專屬性綜合評分最高,"supported by traceable books or textbook material; has multiple high-evidence sources; highest combined score for originality, evidence coverage, and indicator specificity",適合搭配優勝者資料交叉驗證；優勝判斷是以本資料庫目前來源與評分規則為基準,best used for cross-checking against the winning authority; winner judgment is based on the current database sources and scoring rules,彼得・馬丁的角色是「下行風險」，重點在回撤、下行風險與資金管理。,"Peter G. Martin is classified here as downside risk; the focus is drawdown, downside risk, and money management.",《富達基金投資指南》（1989）；參考來源：https://chartschool.stockcharts.com/table-of-contents/technical-indicators-and-overlays/technical-indicators/ulcer-index,The Investor's Guide to Fidelity Funds (1989); Reference source: https://chartschool.stockcharts.com/table-of-contents/technical-indicators-and-overlays/technical-indicators/ulcer-index,2 筆研究材料；2 個不同來源；1 筆高證據等級；書籍 1 筆；論文/文章 0 筆。,2 research materials; 2 distinct sources; 1 high-evidence records; 1 book records; 0 paper/article records.
risk,風險 / 回撤,Risk / Drawdown,risk,2,2,並列優勝,Joint winner,byron-mccann,70,拜倫・麥肯,Byron McCann,下行風險,downside risk,indicator_creator,技術指標創作者,Indicator creator,67.6,18,2,2,1,1,0,有代表性書籍或教材可追溯；高證據等級來源較多；在原創性、資料覆蓋與專屬性綜合評分最高,"supported by traceable books or textbook material; has multiple high-evidence sources; highest combined score for originality, evidence coverage, and indicator specificity",適合搭配優勝者資料交叉驗證；優勝判斷是以本資料庫目前來源與評分規則為基準,best used for cross-checking against the winning authority; winner judgment is based on the current database sources and scoring rules,拜倫・麥肯的角色是「下行風險」，重點在回撤、下行風險與資金管理。,"Byron McCann is classified here as downside risk; the focus is drawdown, downside risk, and money management.",《富達基金投資指南》（1989）；參考來源：https://chartschool.stockcharts.com/table-of-contents/technical-indicators-and-overlays/technical-indicators/ulcer-index,The Investor's Guide to Fidelity Funds (1989); Reference source: https://chartschool.stockcharts.com/table-of-contents/technical-indicators-and-overlays/technical-indicators/ulcer-index,2 筆研究材料；2 個不同來源；1 筆高證據等級；書籍 1 筆；論文/文章 0 筆。,2 research materials; 2 distinct sources; 1 high-evidence records; 1 book records; 0 paper/article records.
rsi,RSI 相對強弱指數,Relative Strength Index,momentum,5,1,優勝,Winner,j-welles-wilder-jr,19,威爾斯・威爾德,J. Welles Wilder Jr.,創始者,creator,indicator_creator,技術指標創作者,Indicator creator,115.55,25,3,2,1,1,0,最接近原始定義，適合作為該指標/方法的基準版本；有代表性書籍或教材可追溯；高證據等級來源較多；在原創性、資料覆蓋與專屬性綜合評分最高,"closest to the original definition and best used as the benchmark version; supported by traceable books or textbook material; has multiple high-evidence sources; highest combined score for originality, evidence coverage, and indicator specificity",原始版本仍需結合後續實證與現代市場條件；優勝判斷是以本資料庫目前來源與評分規則為基準,the original version should still be checked against later evidence and modern markets; winner judgment is based on the current database sources and scoring rules,威爾斯・威爾德的角色是「創始者」，重點在動量、超買超賣、背離與趨勢強弱；趨勢辨識、均線、通道與趨勢跟隨；波動率、通道寬度與風險環境。,"J. Welles Wilder Jr. is classified here as creator; the focus is momentum, overbought/oversold conditions, divergence, and trend strength; trend identification, moving averages, channels, and trend following; volatility, channel width, and risk regimes.",《技術交易系統新概念》（1978）；參考來源：https://books.google.com/books/about/New_Concepts_in_Technical_Trading_System.html?id=WesJAQAAMAAJ；參考來源：https://www.investopedia.com/terms/r/rsi.asp,New Concepts in Technical Trading Systems (1978); Reference source: https://books.google.com/books/about/New_Concepts_in_Technical_Trading_System.html?id=WesJAQAAMAAJ; Reference source: https://www.investopedia.com/terms/r/rsi.asp,3 筆研究材料；2 個不同來源；1 筆高證據等級；書籍 1 筆；論文/文章 0 筆。,3 research materials; 2 distinct sources; 1 high-evidence records; 1 book records; 0 paper/article records.
rsi,RSI 相對強弱指數,Relative Strength Index,momentum,5,2,強力候選,Strong candidate,laurence-a-connors,54,拉倫斯・康納斯,Laurence A. Connors,短線改良,short-term modification,indicator_creator,技術指標創作者,Indicator creator,78.8,22,5,3,1,2,0,有代表性書籍或教材可追溯；高證據等級來源較多,supported by traceable books or textbook material; has multiple high-evidence sources,適合搭配優勝者資料交叉驗證,best used for cross-checking against the winning authority,拉倫斯・康納斯的角色是「短線改良」，重點在動量、超買超賣、背離與趨勢強弱；系統交易、規則設計與回測流程。,"Laurence A. Connors is classified here as short-term modification; the focus is momentum, overbought/oversold conditions, divergence, and trend strength; systematic trading, rule design, and backtesting.",《街頭智慧交易策略》（1996）；《有效的短線交易策略》（2008）；原文題名：ConnorsRSI（2012）,Street Smarts (1996); Short Term Trading Strategies That Work (2008); ConnorsRSI (2012),5 筆研究材料；3 個不同來源；1 筆高證據等級；書籍 2 筆；論文/文章 0 筆。,5 research materials; 3 distinct sources; 1 high-evidence records; 2 book records; 0 paper/article records.
rsi,RSI 相對強弱指數,Relative Strength Index,momentum,5,3,重要補充,Important complement,constance-brown,56,康斯坦絲・布朗,Constance Brown,進階詮釋者,advanced interpreter,indicator_specialist,指標專題專家,Indicator specialist,71.3,20,3,2,1,1,0,有代表性書籍或教材可追溯；高證據等級來源較多,supported by traceable books or textbook material; has multiple high-evidence sources,適合搭配優勝者資料交叉驗證,best used for cross-checking against the winning authority,康斯坦絲・布朗的角色是「進階詮釋者」，重點在動量、超買超賣、背離與趨勢強弱；實證檢驗、規則驗證與資料探勘風險控制。,"Constance Brown is classified here as advanced interpreter; the focus is momentum, overbought/oversold conditions, divergence, and trend strength; empirical testing, rule validation, and data-mining control.",《專業交易者技術分析》（1999）；參考來源：https://www.amazon.com/Technical-Analysis-Trading-Professional-Second/dp/007175914X；參考來源：https://www.barchart.com/education/technical-indicators/cmb-composite-index,Technical Analysis for the Trading Professional (1999); Reference source: https://www.amazon.com/Technical-Analysis-Trading-Professional-Second/dp/007175914X; Reference source: https://www.barchart.com/education/technical-indicators/cmb-composite-index,3 筆研究材料；2 個不同來源；1 筆高證據等級；書籍 1 筆；論文/文章 0 筆。,3 research materials; 2 distinct sources; 1 high-evidence records; 1 book records; 0 paper/article records.
rsi,RSI 相對強弱指數,Relative Strength Index,momentum,5,4,參考角色,Reference role,andrew-cardwell,55,安德魯・卡德威爾,Andrew Cardwell,進階詮釋者,advanced interpreter,indicator_specialist,指標專題專家,Indicator specialist,66.0,16,3,2,0,0,0,可作為該指標/方法的輔助觀點,useful as a complementary view on the indicator/method,適合搭配優勝者資料交叉驗證,best used for cross-checking against the winning authority,安德魯・卡德威爾的角色是「進階詮釋者」，重點在動量、超買超賣、背離與趨勢強弱。,"Andrew Cardwell is classified here as advanced interpreter; the focus is momentum, overbought/oversold conditions, divergence, and trend strength.",原文題名：Cardwell RSI Positive/Negative Reversals；參考來源：https://www.investopedia.com/articles/active-trading/042114/overbought-or-oversold-use-relative-strength-index-find-out.asp；參考來源：https://www.linkedin.com/in/andrew-cardwell-b318099,Cardwell RSI Positive/Negative Reversals; Reference source: https://www.investopedia.com/articles/active-trading/042114/overbought-or-oversold-use-relative-strength-index-find-out.asp; Reference source: https://www.linkedin.com/in/andrew-cardwell-b318099,3 筆研究材料；2 個不同來源；0 筆高證據等級；書籍 0 筆；論文/文章 0 筆。,3 research materials; 2 distinct sources; 0 high-evidence records; 0 book records; 0 paper/article records.
rsi,RSI 相對強弱指數,Relative Strength Index,momentum,5,5,參考角色,Reference role,jeremy-du-plessis,79,傑瑞米・杜普萊西斯,Jeremy du Plessis,P&F 結合指標,P&F-integrated indicator work,charting_specialist,圖表方法專家,Charting specialist,62.3,20,3,2,1,2,0,有代表性書籍或教材可追溯；高證據等級來源較多,supported by traceable books or textbook material; has multiple high-evidence sources,適合搭配優勝者資料交叉驗證,best used for cross-checking against the winning authority,傑瑞米・杜普萊西斯的角色是「P&F 結合指標」，重點在圖表型態、價格結構與支撐阻力；波動率、通道寬度與風險環境；動量、超買超賣、背離與趨勢強弱。,"Jeremy du Plessis is classified here as P&F-integrated indicator work; the focus is chart patterns, price structure, and support/resistance; volatility, channel width, and risk regimes; momentum, overbought/oversold conditions, divergence, and trend strength.",《點數圖權威指南》（2005）；《二十一世紀點數圖》（2015）；參考來源：https://harriman-house.com/authors/jeremy-du-plessis/21st-century-point-and-figure/9780857194428,The Definitive Guide to Point and Figure (2005); 21st Century Point and Figure (2015); Reference source: https://harriman-house.com/authors/jeremy-du-plessis/21st-century-point-and-figure/9780857194428,3 筆研究材料；2 個不同來源；1 筆高證據等級；書籍 2 筆；論文/文章 0 筆。,3 research materials; 2 distinct sources; 1 high-evidence records; 2 book records; 0 paper/article records.
sentiment,市場情緒,Sentiment,sentiment,8,1,優勝,Winner,jason-goepfert,93,傑森・戈普弗特,Jason Goepfert,情緒指標,sentiment indicators,researcher,技術研究者,Technical researcher,72.8,20,2,2,2,0,1,有論文或研究文章支撐；高證據等級來源較多；在原創性、資料覆蓋與專屬性綜合評分最高,"supported by papers or research articles; has multiple high-evidence sources; highest combined score for originality, evidence coverage, and indicator specificity",適合搭配優勝者資料交叉驗證；優勝判斷是以本資料庫目前來源與評分規則為基準,best used for cross-checking against the winning authority; winner judgment is based on the current database sources and scoring rules,傑森・戈普弗特的角色是「情緒指標」，重點在市場情緒、逆向指標與群眾心理；市場寬度、內部強弱與指數健康度判讀；實證檢驗、規則驗證與資料探勘風險控制。,"Jason Goepfert is classified here as sentiment indicators; the focus is sentiment, contrarian indicators, and crowd psychology; market breadth, internal strength, and index health; empirical testing, rule validation, and data-mining control.","原文題名：Mutual Fund Cash Reserves, The Risk-Free Rate, and Stock Market Performance（2004）；參考來源：https://cmtassociation.org/association/award-recognizing/charles-h-dow-award/","Mutual Fund Cash Reserves, The Risk-Free Rate, and Stock Market Performance (2004); Reference source: https://cmtassociation.org/association/award-recognizing/charles-h-dow-award/",2 筆研究材料；2 個不同來源；2 筆高證據等級；書籍 0 筆；論文/文章 1 筆。,2 research materials; 2 distinct sources; 2 high-evidence records; 0 book records; 1 paper/article records.
sentiment,市場情緒,Sentiment,sentiment,8,2,參考角色,Reference role,ned-davis,92,內德・戴維斯,Ned Davis,情緒模型,sentiment models,researcher,技術研究者,Technical researcher,67.0,20,6,4,0,2,0,有代表性書籍或教材可追溯,supported by traceable books or textbook material,適合搭配優勝者資料交叉驗證,best used for cross-checking against the winning authority,內德・戴維斯的角色是「情緒模型」，重點在市場寬度、內部強弱與指數健康度判讀；市場情緒、逆向指標與群眾心理；實證檢驗、規則驗證與資料探勘風險控制。,"Ned Davis is classified here as sentiment models; the focus is market breadth, internal strength, and index health; sentiment, contrarian indicators, and crowd psychology; empirical testing, rule validation, and data-mining control.",《做對判斷或賺到錢》（1991）；《研究驅動型投資者》（2000）；參考來源：https://books.google.com/books/about/Being_Right_or_Making_Money.html?id=wLhYBQAAQBAJ；參考來源：https://info.ndr.com/ndr-signals,Being Right or Making Money (1991); The Research Driven Investor (2000); Reference source: https://books.google.com/books/about/Being_Right_or_Making_Money.html?id=wLhYBQAAQBAJ; Reference source: https://info.ndr.com/ndr-signals,6 筆研究材料；4 個不同來源；0 筆高證據等級；書籍 2 筆；論文/文章 0 筆。,6 research materials; 4 distinct sources; 0 high-evidence records; 2 book records; 0 paper/article records.
sentiment,市場情緒,Sentiment,sentiment,8,3,參考角色,Reference role,edson-gould,45,艾德森・古爾德,Edson Gould,情緒/心理指標,sentiment/psychology indicators,foundation,理論奠基者,Foundational theorist,66.95,19,4,3,0,0,0,可作為該指標/方法的輔助觀點,useful as a complementary view on the indicator/method,適合搭配優勝者資料交叉驗證,best used for cross-checking against the winning authority,艾德森・古爾德的角色是「情緒/心理指標」，重點在市場情緒、逆向指標與群眾心理；市場寬度、內部強弱與指數健康度判讀；趨勢辨識、均線、通道與趨勢跟隨。,"Edson Gould is classified here as sentiment/psychology indicators; the focus is sentiment, contrarian indicators, and crowd psychology; market breadth, internal strength, and index health; trend identification, moving averages, channels, and trend following.",原文題名：Findings & Forecasts；參考來源：https://chartschool.stockcharts.com/table-of-contents/chart-analysis/chart-annotation-tools/speed-resistance-lines；參考來源：https://www.investopedia.com/articles/financial-theory/10/pioneers-technical-analysis.asp；參考來源：https://www.mcoscillator.com/learning_center/weekly_chart/edson_goulds_daily_point_index/,Findings & Forecasts; Reference source: https://chartschool.stockcharts.com/table-of-contents/chart-analysis/chart-annotation-tools/speed-resistance-lines; Reference source: https://www.investopedia.com/articles/financial-theory/10/pioneers-technical-analysis.asp; Reference source: https://www.mcoscillator.com/learning_center/weekly_chart/edson_goulds_daily_point_index/,4 筆研究材料；3 個不同來源；0 筆高證據等級；書籍 0 筆；論文/文章 0 筆。,4 research materials; 3 distinct sources; 0 high-evidence records; 0 book records; 0 paper/article records.
sentiment,市場情緒,Sentiment,sentiment,8,4,參考角色,Reference role,andrew-thrasher,95,安德魯・思拉舍,Andrew Thrasher,市場警訊,market warning signals,researcher,技術研究者,Technical researcher,64.7,20,3,3,3,0,2,有論文或研究文章支撐；高證據等級來源較多,supported by papers or research articles; has multiple high-evidence sources,適合搭配優勝者資料交叉驗證,best used for cross-checking against the winning authority,安德魯・思拉舍的角色是「市場警訊」，重點在波動率、通道寬度與風險環境；市場情緒、逆向指標與群眾心理；市場寬度、內部強弱與指數健康度判讀。,"Andrew Thrasher is classified here as market warning signals; the focus is volatility, channel width, and risk regimes; sentiment, contrarian indicators, and crowd psychology; market breadth, internal strength, and index health.",原文題名：Forecasting a Volatility Tsunami（2017）；原文題名：The 5% Canary（2023）；參考來源：https://cmtassociation.org/association/award-recognizing/charles-h-dow-award/,Forecasting a Volatility Tsunami (2017); The 5% Canary (2023); Reference source: https://cmtassociation.org/association/award-recognizing/charles-h-dow-award/,3 筆研究材料；3 個不同來源；3 筆高證據等級；書籍 0 筆；論文/文章 2 筆。,3 research materials; 3 distinct sources; 3 high-evidence records; 0 book records; 2 paper/article records.
sentiment,市場情緒,Sentiment,sentiment,8,5,參考角色,Reference role,robert-prechter,42,羅伯特・普萊切特,Robert Prechter,社會情緒與市場,social mood and markets,author,經典著作作者,Classic author,63.45,23,3,2,1,1,0,有代表性書籍或教材可追溯；高證據等級來源較多,supported by traceable books or textbook material; has multiple high-evidence sources,適合搭配優勝者資料交叉驗證,best used for cross-checking against the winning authority,羅伯特・普萊切特的角色是「社會情緒與市場」，重點在波浪、分形結構與時間價格路徑；市場情緒、逆向指標與群眾心理。,"Robert Prechter is classified here as social mood and markets; the focus is waves, fractal structure, and time-price paths; sentiment, contrarian indicators, and crowd psychology.",《艾略特波浪原理》（1978）；參考來源：https://en.wikipedia.org/wiki/Robert_Prechter；參考來源：https://www.amazon.com/Elliott-Wave-Principle-Key-Market/dp/1616041374,Elliott Wave Principle (1978); Reference source: https://en.wikipedia.org/wiki/Robert_Prechter; Reference source: https://www.amazon.com/Elliott-Wave-Principle-Key-Market/dp/1616041374,3 筆研究材料；2 個不同來源；1 筆高證據等級；書籍 1 筆；論文/文章 0 筆。,3 research materials; 2 distinct sources; 1 high-evidence records; 1 book records; 0 paper/article records.
sentiment,市場情緒,Sentiment,sentiment,8,6,參考角色,Reference role,walter-deemer,91,華特・迪默,Walter Deemer,市場心理,market psychology,practitioner_author,實戰交易者兼作者,Practitioner-author,63.05,19,4,3,1,1,0,有代表性書籍或教材可追溯；高證據等級來源較多,supported by traceable books or textbook material; has multiple high-evidence sources,適合搭配優勝者資料交叉驗證,best used for cross-checking against the winning authority,華特・迪默的角色是「市場心理」，重點在趨勢辨識、均線、通道與趨勢跟隨；市場寬度、內部強弱與指數健康度判讀；市場情緒、逆向指標與群眾心理。,"Walter Deemer is classified here as market psychology; the focus is trend identification, moving averages, channels, and trend following; market breadth, internal strength, and index health; sentiment, contrarian indicators, and crowd psychology.",原文題名：Market Memos（1966）；《迪默談技術分析》（2012）；參考來源：https://deemermarketmemos.com/；參考來源：https://www.walterdeemer.com/,Market Memos (1966); Deemer on Technical Analysis (2012); Reference source: https://deemermarketmemos.com/; Reference source: https://www.walterdeemer.com/,4 筆研究材料；3 個不同來源；1 筆高證據等級；書籍 1 筆；論文/文章 0 筆。,4 research materials; 3 distinct sources; 1 high-evidence records; 1 book records; 0 paper/article records.
sentiment,市場情緒,Sentiment,sentiment,8,7,參考角色,Reference role,paul-desmond,46,保羅・德斯蒙德,Paul Desmond,市場底部,market bottoms,researcher,技術研究者,Technical researcher,60.8,20,2,2,2,0,1,有論文或研究文章支撐；高證據等級來源較多,supported by papers or research articles; has multiple high-evidence sources,適合搭配優勝者資料交叉驗證,best used for cross-checking against the winning authority,保羅・德斯蒙德的角色是「市場底部」，重點在市場寬度、內部強弱與指數健康度判讀；市場情緒、逆向指標與群眾心理；技術分析基本理論與市場趨勢框架。,"Paul Desmond is classified here as market bottoms; the focus is market breadth, internal strength, and index health; sentiment, contrarian indicators, and crowd psychology; core technical-analysis theory and trend frameworks.",原文題名：Identifying Bear Market Bottoms and New Bull Markets（2002）；參考來源：https://cmtassociation.org/association/award-recognizing/charles-h-dow-award/,Identifying Bear Market Bottoms and New Bull Markets (2002); Reference source: https://cmtassociation.org/association/award-recognizing/charles-h-dow-award/,2 筆研究材料；2 個不同來源；2 筆高證據等級；書籍 0 筆；論文/文章 1 筆。,2 research materials; 2 distinct sources; 2 high-evidence records; 0 book records; 1 paper/article records.
sentiment,市場情緒,Sentiment,sentiment,8,8,參考角色,Reference role,humphrey-b-neill,90,漢弗萊・尼爾,Humphrey B. Neill,逆向思考,contrarian thinking,author,經典著作作者,Classic author,59.3,18,3,2,2,2,0,有代表性書籍或教材可追溯；高證據等級來源較多,supported by traceable books or textbook material; has multiple high-evidence sources,適合搭配優勝者資料交叉驗證,best used for cross-checking against the winning authority,漢弗萊・尼爾的角色是「逆向思考」，重點在圖表型態、價格結構與支撐阻力；市場情緒、逆向指標與群眾心理。,"Humphrey B. Neill is classified here as contrarian thinking; the focus is chart patterns, price structure, and support/resistance; sentiment, contrarian indicators, and crowd psychology.",《讀帶與市場戰術》（1931）；《逆向思考的藝術》（1954）；參考來源：https://books.google.com/books/about/Tape_Reading_and_Market_Tactics.html?id=XuiREQAAQBAJ,Tape Reading and Market Tactics (1931); The Art of Contrary Thinking (1954); Reference source: https://books.google.com/books/about/Tape_Reading_and_Market_Tactics.html?id=XuiREQAAQBAJ,3 筆研究材料；2 個不同來源；2 筆高證據等級；書籍 2 筆；論文/文章 0 筆。,3 research materials; 2 distinct sources; 2 high-evidence records; 2 book records; 0 paper/article records.
stage-analysis,四階段分析,Stage Analysis,trend,1,1,優勝,Winner,stan-weinstein,48,史坦・溫斯坦,Stan Weinstein,創始/推廣者,creator/promoter,author,經典著作作者,Classic author,81.25,21,3,2,0,1,0,最接近原始定義，適合作為該指標/方法的基準版本；有代表性書籍或教材可追溯；在原創性、資料覆蓋與專屬性綜合評分最高,"closest to the original definition and best used as the benchmark version; supported by traceable books or textbook material; highest combined score for originality, evidence coverage, and indicator specificity",原始版本仍需結合後續實證與現代市場條件；優勝判斷是以本資料庫目前來源與評分規則為基準,the original version should still be checked against later evidence and modern markets; winner judgment is based on the current database sources and scoring rules,史坦・溫斯坦的角色是「創始/推廣者」，重點在趨勢辨識、均線、通道與趨勢跟隨；股票選股、相對強弱與成長股篩選；量價關係、資金流與供需分析。,"Stan Weinstein is classified here as creator/promoter; the focus is trend identification, moving averages, channels, and trend following; stock selection, relative strength, and growth-stock screening; price-volume relationships, money flow, and supply/demand.",《牛熊市場獲利祕訣》（1988）；參考來源：https://www.investopedia.com/articles/investing/070715/trading-stage-analysis.asp；參考來源：https://www.stageanalysis.net/,Secrets for Profiting in Bull and Bear Markets (1988); Reference source: https://www.investopedia.com/articles/investing/070715/trading-stage-analysis.asp; Reference source: https://www.stageanalysis.net/,3 筆研究材料；2 個不同來源；0 筆高證據等級；書籍 1 筆；論文/文章 0 筆。,3 research materials; 2 distinct sources; 0 high-evidence records; 1 book records; 0 paper/article records.
stochastic,隨機指標,Stochastic Oscillator,momentum,1,1,優勝,Winner,george-c-lane,22,喬治・藍恩,George C. Lane,創始/推廣者,creator/promoter,indicator_creator,技術指標創作者,Indicator creator,89.25,21,3,2,0,0,0,最接近原始定義，適合作為該指標/方法的基準版本；在原創性、資料覆蓋與專屬性綜合評分最高,"closest to the original definition and best used as the benchmark version; highest combined score for originality, evidence coverage, and indicator specificity",原始版本仍需結合後續實證與現代市場條件；優勝判斷是以本資料庫目前來源與評分規則為基準,the original version should still be checked against later evidence and modern markets; winner judgment is based on the current database sources and scoring rules,喬治・藍恩的角色是「創始/推廣者」，重點在動量、超買超賣、背離與趨勢強弱。,"George C. Lane is classified here as creator/promoter; the focus is momentum, overbought/oversold conditions, divergence, and trend strength.",原文題名：Lane's Stochastics；參考來源：https://chartschool.stockcharts.com/table-of-contents/technical-indicators-and-overlays/technical-indicators/stochastic-oscillator-fast-slow-and-full；參考來源：https://www.investopedia.com/terms/s/stochasticoscillator.asp,Lane's Stochastics; Reference source: https://chartschool.stockcharts.com/table-of-contents/technical-indicators-and-overlays/technical-indicators/stochastic-oscillator-fast-slow-and-full; Reference source: https://www.investopedia.com/terms/s/stochasticoscillator.asp,3 筆研究材料；2 個不同來源；0 筆高證據等級；書籍 0 筆；論文/文章 0 筆。,3 research materials; 2 distinct sources; 0 high-evidence records; 0 book records; 0 paper/article records.
stochastic-rsi,隨機 RSI,Stochastic RSI,momentum,2,1,優勝,Winner,tushar-s-chande,24,圖沙・昌德,Tushar S. Chande,共同創始者,co-creator,indicator_creator,技術指標創作者,Indicator creator,116.2,24,4,3,0,1,0,最接近原始定義，適合作為該指標/方法的基準版本；有代表性書籍或教材可追溯；在原創性、資料覆蓋與專屬性綜合評分最高,"closest to the original definition and best used as the benchmark version; supported by traceable books or textbook material; highest combined score for originality, evidence coverage, and indicator specificity",原始版本仍需結合後續實證與現代市場條件；優勝判斷是以本資料庫目前來源與評分規則為基準,the original version should still be checked against later evidence and modern markets; winner judgment is based on the current database sources and scoring rules,圖沙・昌德的角色是「共同創始者」，重點在趨勢辨識、均線、通道與趨勢跟隨；動量、超買超賣、背離與趨勢強弱。,"Tushar S. Chande is classified here as co-creator; the focus is trend identification, moving averages, channels, and trend following; momentum, overbought/oversold conditions, divergence, and trend strength.",《新技術交易者》（1994）；參考來源：https://chartschool.stockcharts.com/table-of-contents/technical-indicators-and-overlays/technical-indicators/aroon；參考來源：https://www.fidelity.com/learning-center/trading-investing/technical-analysis/technical-indicator-guide/cmo；參考來源：https://www.investopedia.com/terms/s/stochrsi.asp,The New Technical Trader (1994); Reference source: https://chartschool.stockcharts.com/table-of-contents/technical-indicators-and-overlays/technical-indicators/aroon; Reference source: https://www.fidelity.com/learning-center/trading-investing/technical-analysis/technical-indicator-guide/cmo; Reference source: https://www.investopedia.com/terms/s/stochrsi.asp,4 筆研究材料；3 個不同來源；0 筆高證據等級；書籍 1 筆；論文/文章 0 筆。,4 research materials; 3 distinct sources; 0 high-evidence records; 1 book records; 0 paper/article records.
stochastic-rsi,隨機 RSI,Stochastic RSI,momentum,2,2,強力候選,Strong candidate,stanley-kroll,25,史丹利・克羅爾,Stanley Kroll,共同創始者,co-creator,indicator_creator,技術指標創作者,Indicator creator,95.1,18,3,2,0,1,0,最接近原始定義，適合作為該指標/方法的基準版本；有代表性書籍或教材可追溯,closest to the original definition and best used as the benchmark version; supported by traceable books or textbook material,原始版本仍需結合後續實證與現代市場條件,the original version should still be checked against later evidence and modern markets,史丹利・克羅爾的角色是「共同創始者」，重點在動量、超買超賣、背離與趨勢強弱；趨勢辨識、均線、通道與趨勢跟隨；系統交易、規則設計與回測流程。,"Stanley Kroll is classified here as co-creator; the focus is momentum, overbought/oversold conditions, divergence, and trend strength; trend identification, moving averages, channels, and trend following; systematic trading, rule design, and backtesting.",《新技術交易者》（1994）；參考來源：https://www.fxcorporate.com/help/MS/LOGOUT/i_Vidya.html；參考來源：https://www.investopedia.com/terms/s/stochrsi.asp,The New Technical Trader (1994); Reference source: https://www.fxcorporate.com/help/MS/LOGOUT/i_Vidya.html; Reference source: https://www.investopedia.com/terms/s/stochrsi.asp,3 筆研究材料；2 個不同來源；0 筆高證據等級；書籍 1 筆；論文/文章 0 筆。,3 research materials; 2 distinct sources; 0 high-evidence records; 1 book records; 0 paper/article records.
stock_selection,股票選股,Stock Selection,stock_selection,1,1,優勝,Winner,charles-d-kirkpatrick-ii,14,查爾斯・柯克派翠克二世,Charles D. Kirkpatrick II,選股研究,stock-selection research,author_researcher,著作與研究兼具,Author-researcher,76.6,22,3,2,3,1,1,有代表性書籍或教材可追溯；有論文或研究文章支撐；高證據等級來源較多；在原創性、資料覆蓋與專屬性綜合評分最高,"supported by traceable books or textbook material; supported by papers or research articles; has multiple high-evidence sources; highest combined score for originality, evidence coverage, and indicator specificity",適合搭配優勝者資料交叉驗證；優勝判斷是以本資料庫目前來源與評分規則為基準,best used for cross-checking against the winning authority; winner judgment is based on the current database sources and scoring rules,查爾斯・柯克派翠克二世的角色是「選股研究」，重點在股票選股、相對強弱與成長股篩選；技術分析基本理論與市場趨勢框架。,"Charles D. Kirkpatrick II is classified here as stock-selection research; the focus is stock selection, relative strength, and growth-stock screening; core technical-analysis theory and trend frameworks.",原文題名：Stock Selection: A Test of Relative Stock Values Reported Over 17 1/2 Years（2001）；《技術分析：金融市場技術分析師完整資源》（2006）；參考來源：https://cmtassociation.org/association/award-recognizing/charles-h-dow-award/,Stock Selection: A Test of Relative Stock Values Reported Over 17 1/2 Years (2001); Technical Analysis: The Complete Resource for Financial Market Technicians (2006); Reference source: https://cmtassociation.org/association/award-recognizing/charles-h-dow-award/,3 筆研究材料；2 個不同來源；3 筆高證據等級；書籍 1 筆；論文/文章 1 筆。,3 research materials; 2 distinct sources; 3 high-evidence records; 1 book records; 1 paper/article records.
supertrend,SuperTrend,SuperTrend,trend,1,1,優勝,Winner,olivier-seban,73,奧利維耶・塞班,Olivier Seban,創始者,creator,indicator_creator,技術指標創作者,Indicator creator,99.15,19,3,2,0,0,0,最接近原始定義，適合作為該指標/方法的基準版本；在原創性、資料覆蓋與專屬性綜合評分最高,"closest to the original definition and best used as the benchmark version; highest combined score for originality, evidence coverage, and indicator specificity",原始版本仍需結合後續實證與現代市場條件；優勝判斷是以本資料庫目前來源與評分規則為基準,the original version should still be checked against later evidence and modern markets; winner judgment is based on the current database sources and scoring rules,奧利維耶・塞班的角色是「創始者」，重點在趨勢辨識、均線、通道與趨勢跟隨；波動率、通道寬度與風險環境。,"Olivier Seban is classified here as creator; the focus is trend identification, moving averages, channels, and trend following; volatility, channel width, and risk regimes.",原文題名：SuperTrend（2009）；參考來源：https://www.investopedia.com/supertrend-indicator-7976167；參考來源：https://www.tradingview.com/support/solutions/43000634738-supertrend/,SuperTrend (2009); Reference source: https://www.investopedia.com/supertrend-indicator-7976167; Reference source: https://www.tradingview.com/support/solutions/43000634738-supertrend/,3 筆研究材料；2 個不同來源；0 筆高證據等級；書籍 0 筆；論文/文章 0 筆。,3 research materials; 2 distinct sources; 0 high-evidence records; 0 book records; 0 paper/article records.
support-resistance,支撐阻力,Support and Resistance,charting,12,1,並列優勝,Joint winner,robert-d-edwards,9,羅伯特・愛德華茲,Robert D. Edwards,型態分析,pattern analysis,author,經典著作作者,Classic author,76.4,22,3,2,1,1,0,有代表性書籍或教材可追溯；高證據等級來源較多；在原創性、資料覆蓋與專屬性綜合評分最高,"supported by traceable books or textbook material; has multiple high-evidence sources; highest combined score for originality, evidence coverage, and indicator specificity",適合搭配優勝者資料交叉驗證；優勝判斷是以本資料庫目前來源與評分規則為基準,best used for cross-checking against the winning authority; winner judgment is based on the current database sources and scoring rules,羅伯特・愛德華茲的角色是「型態分析」，重點在圖表型態、價格結構與支撐阻力。,"Robert D. Edwards is classified here as pattern analysis; the focus is chart patterns, price structure, and support/resistance.",《股票趨勢技術分析》（1948）；參考來源：https://www.amazon.com/Technical-Analysis-Stock-Trends-Edwards/dp/113806941X；參考來源：https://www.investopedia.com/articles/personal-finance/090916/top-5-books-learn-technical-analysis.asp,Technical Analysis of Stock Trends (1948); Reference source: https://www.amazon.com/Technical-Analysis-Stock-Trends-Edwards/dp/113806941X; Reference source: https://www.investopedia.com/articles/personal-finance/090916/top-5-books-learn-technical-analysis.asp,3 筆研究材料；2 個不同來源；1 筆高證據等級；書籍 1 筆；論文/文章 0 筆。,3 research materials; 2 distinct sources; 1 high-evidence records; 1 book records; 0 paper/article records.
support-resistance,支撐阻力,Support and Resistance,charting,12,2,並列優勝,Joint winner,john-magee,10,約翰・麥基,John Magee,型態分析,pattern analysis,author,經典著作作者,Classic author,76.4,22,3,2,1,1,0,有代表性書籍或教材可追溯；高證據等級來源較多；在原創性、資料覆蓋與專屬性綜合評分最高,"supported by traceable books or textbook material; has multiple high-evidence sources; highest combined score for originality, evidence coverage, and indicator specificity",適合搭配優勝者資料交叉驗證；優勝判斷是以本資料庫目前來源與評分規則為基準,best used for cross-checking against the winning authority; winner judgment is based on the current database sources and scoring rules,約翰・麥基的角色是「型態分析」，重點在圖表型態、價格結構與支撐阻力。,"John Magee is classified here as pattern analysis; the focus is chart patterns, price structure, and support/resistance.",《股票趨勢技術分析》（1948）；參考來源：https://www.amazon.com/Technical-Analysis-Stock-Trends-Edwards/dp/113806941X；參考來源：https://www.investopedia.com/articles/financial-theory/10/pioneers-technical-analysis.asp,Technical Analysis of Stock Trends (1948); Reference source: https://www.amazon.com/Technical-Analysis-Stock-Trends-Edwards/dp/113806941X; Reference source: https://www.investopedia.com/articles/financial-theory/10/pioneers-technical-analysis.asp,3 筆研究材料；2 個不同來源；1 筆高證據等級；書籍 1 筆；論文/文章 0 筆。,3 research materials; 2 distinct sources; 1 high-evidence records; 1 book records; 0 paper/article records.
support-resistance,支撐阻力,Support and Resistance,charting,12,3,重要補充,Important complement,w-d-gann,6,威廉・江恩,W. D. Gann,角度/價位,angles/price levels,foundation,理論奠基者,Foundational theorist,70.7,22,3,3,2,2,0,有代表性書籍或教材可追溯；高證據等級來源較多,supported by traceable books or textbook material; has multiple high-evidence sources,適合搭配優勝者資料交叉驗證,best used for cross-checking against the winning authority,威廉・江恩的角色是「角度/價位」，重點在週期、時間窗口與市場節奏判讀；圖表型態、價格結構與支撐阻力。,"W. D. Gann is classified here as angles/price levels; the focus is cycles, timing windows, and market rhythm; chart patterns, price structure, and support/resistance.",《股市讀帶真相》（1923）；《華爾街四十五年》（1941）；參考來源：https://en.wikipedia.org/wiki/William_Delbert_Gann,Truth of the Stock Tape (1923); 45 Years in Wall Street (1941); Reference source: https://en.wikipedia.org/wiki/William_Delbert_Gann,3 筆研究材料；3 個不同來源；2 筆高證據等級；書籍 2 筆；論文/文章 0 筆。,3 research materials; 3 distinct sources; 2 high-evidence records; 2 book records; 0 paper/article records.
support-resistance,支撐阻力,Support and Resistance,charting,12,4,重要補充,Important complement,j-peter-steidlmayer,80,彼得・史戴梅爾,J. Peter Steidlmayer,價值區,value area,indicator_creator,技術指標創作者,Indicator creator,70.4,22,3,2,1,2,0,有代表性書籍或教材可追溯；高證據等級來源較多,supported by traceable books or textbook material; has multiple high-evidence sources,適合搭配優勝者資料交叉驗證,best used for cross-checking against the winning authority,彼得・史戴梅爾的角色是「價值區」，重點在拍賣市場結構、價值區與成交分佈判讀；量價關係、資金流與供需分析；圖表型態、價格結構與支撐阻力。,"J. Peter Steidlmayer is classified here as value area; the focus is auction-market structure, value areas, and distribution analysis; price-volume relationships, money flow, and supply/demand; chart patterns, price structure, and support/resistance.",《市場與市場邏輯》（1986）；《史戴梅爾談市場》（1989）；參考來源：https://www.profiletrading.com/about/,Markets and Market Logic (1986); Steidlmayer on Markets (1989); Reference source: https://www.profiletrading.com/about/,3 筆研究材料；2 個不同來源；1 筆高證據等級；書籍 2 筆；論文/文章 0 筆。,3 research materials; 2 distinct sources; 1 high-evidence records; 2 book records; 0 paper/article records.
support-resistance,支撐阻力,Support and Resistance,charting,12,5,參考角色,Reference role,alan-andrews,88,艾倫・安德魯斯,Alan Andrews,中線/通道,median lines/channels,indicator_creator,技術指標創作者,Indicator creator,66.15,19,3,2,0,0,0,可作為該指標/方法的輔助觀點,useful as a complementary view on the indicator/method,適合搭配優勝者資料交叉驗證,best used for cross-checking against the winning authority,艾倫・安德魯斯的角色是「中線/通道」，重點在價格水平、通道、費波納契與支撐阻力；圖表型態、價格結構與支撐阻力。,"Alan Andrews is classified here as median lines/channels; the focus is price levels, channels, Fibonacci work, and support/resistance; chart patterns, price structure, and support/resistance.",原文題名：Andrews' Pitchfork；參考來源：https://www.investopedia.com/articles/forex/05/andrewspitchfork.asp；參考來源：https://www.optuma.com/blog/pitchforks-part-1,Andrews' Pitchfork; Reference source: https://www.investopedia.com/articles/forex/05/andrewspitchfork.asp; Reference source: https://www.optuma.com/blog/pitchforks-part-1,3 筆研究材料；2 個不同來源；0 筆高證據等級；書籍 0 筆；論文/文章 0 筆。,3 research materials; 2 distinct sources; 0 high-evidence records; 0 book records; 0 paper/article records.
support-resistance,支撐阻力,Support and Resistance,charting,12,6,參考角色,Reference role,joe-dinapoli,87,喬・迪納波利,Joe DiNapoli,價格叢集,price clusters,indicator_specialist,指標專題專家,Indicator specialist,63.95,19,4,3,0,1,0,有代表性書籍或教材可追溯,supported by traceable books or textbook material,適合搭配優勝者資料交叉驗證,best used for cross-checking against the winning authority,喬・迪納波利的角色是「價格叢集」，重點在價格水平、通道、費波納契與支撐阻力；圖表型態、價格結構與支撐阻力。,"Joe DiNapoli is classified here as price clusters; the focus is price levels, channels, Fibonacci work, and support/resistance; chart patterns, price structure, and support/resistance.",《DiNapoli 水平》（1998）；參考來源：https://www.amazon.com/DiNapoli-Levels-Practical-Application-Investment/dp/1891159046；參考來源：https://www.moneyshow.com/expert/2160spk/；參考來源：https://www.mql5.com/en/articles/3061,DiNapoli Levels (1998); Reference source: https://www.amazon.com/DiNapoli-Levels-Practical-Application-Investment/dp/1891159046; Reference source: https://www.moneyshow.com/expert/2160spk/; Reference source: https://www.mql5.com/en/articles/3061,4 筆研究材料；3 個不同來源；0 筆高證據等級；書籍 1 筆；論文/文章 0 筆。,4 research materials; 3 distinct sources; 0 high-evidence records; 1 book records; 0 paper/article records.
support-resistance,支撐阻力,Support and Resistance,charting,12,7,參考角色,Reference role,mark-b-fisher,82,馬克・費雪,Mark B. Fisher,Pivot range,Pivot range,practitioner_author,實戰交易者兼作者,Practitioner-author,61.55,21,3,3,1,1,0,有代表性書籍或教材可追溯；高證據等級來源較多,supported by traceable books or textbook material; has multiple high-evidence sources,適合搭配優勝者資料交叉驗證,best used for cross-checking against the winning authority,馬克・費雪的角色是「Pivot range」，重點在突破、波動擴張與開盤區間交易；圖表型態、價格結構與支撐阻力。,"Mark B. Fisher is classified here as Pivot range; the focus is breakouts, volatility expansion, and opening-range trading; chart patterns, price structure, and support/resistance.",《邏輯交易者》（2002）；參考來源：https://www.investopedia.com/articles/technical/04/032404.asp；參考來源：https://www.investopedia.com/articles/technical/04/040704.asp,The Logical Trader (2002); Reference source: https://www.investopedia.com/articles/technical/04/032404.asp; Reference source: https://www.investopedia.com/articles/technical/04/040704.asp,3 筆研究材料；3 個不同來源；1 筆高證據等級；書籍 1 筆；論文/文章 0 筆。,3 research materials; 3 distinct sources; 1 high-evidence records; 1 book records; 0 paper/article records.
support-resistance,支撐阻力,Support and Resistance,charting,12,8,參考角色,Reference role,brian-shannon,52,布萊恩・香農,Brian Shannon,市場結構,market structure,author_practitioner,作者兼實戰交易者,Author-practitioner,60.4,20,3,2,2,2,0,有代表性書籍或教材可追溯；高證據等級來源較多,supported by traceable books or textbook material; has multiple high-evidence sources,適合搭配優勝者資料交叉驗證,best used for cross-checking against the winning authority,布萊恩・香農的角色是「市場結構」，重點在量價關係、資金流與供需分析；圖表型態、價格結構與支撐阻力。,"Brian Shannon is classified here as market structure; the focus is price-volume relationships, money flow, and supply/demand; chart patterns, price structure, and support/resistance.",《多時間框架技術分析》（2008）；《用 Anchored VWAP 提高交易收益》（2023）；參考來源：https://books.google.com/books/about/Maximum_Trading_Gains_With_Anchored_VWAP.html?id=p3aCzwEACAAJ,Technical Analysis Using Multiple Timeframes (2008); Maximum Trading Gains with Anchored VWAP (2023); Reference source: https://books.google.com/books/about/Maximum_Trading_Gains_With_Anchored_VWAP.html?id=p3aCzwEACAAJ,3 筆研究材料；2 個不同來源；2 筆高證據等級；書籍 2 筆；論文/文章 0 筆。,3 research materials; 2 distinct sources; 2 high-evidence records; 2 book records; 0 paper/article records.
support-resistance,支撐阻力,Support and Resistance,charting,12,9,參考角色,Reference role,richard-w-schabacker,8,理查・沙巴克,Richard W. Schabacker,型態與趨勢線,patterns and trendlines,author,經典著作作者,Classic author,60.25,21,3,2,0,1,0,有代表性書籍或教材可追溯,supported by traceable books or textbook material,適合搭配優勝者資料交叉驗證,best used for cross-checking against the winning authority,理查・沙巴克的角色是「型態與趨勢線」，重點在圖表型態、價格結構與支撐阻力。,"Richard W. Schabacker is classified here as patterns and trendlines; the focus is chart patterns, price structure, and support/resistance.",《技術分析與股市獲利》（1932）；參考來源：https://chartschool.stockcharts.com/table-of-contents/chart-analysis/introduction-to-chart-patterns；參考來源：https://harriman-house.com/authors/richard-schabacker/technical-analysis-and-stock-market-profits/9780857199164,Technical Analysis and Stock Market Profits (1932); Reference source: https://chartschool.stockcharts.com/table-of-contents/chart-analysis/introduction-to-chart-patterns; Reference source: https://harriman-house.com/authors/richard-schabacker/technical-analysis-and-stock-market-profits/9780857199164,3 筆研究材料；2 個不同來源；0 筆高證據等級；書籍 1 筆；論文/文章 0 筆。,3 research materials; 2 distinct sources; 0 high-evidence records; 1 book records; 0 paper/article records.
support-resistance,支撐阻力,Support and Resistance,charting,12,10,參考角色,Reference role,carolyn-boroden,86,卡洛琳・波羅登,Carolyn Boroden,價格叢集,price clusters,indicator_specialist,指標專題專家,Indicator specialist,60.1,18,3,2,0,1,0,有代表性書籍或教材可追溯,supported by traceable books or textbook material,適合搭配優勝者資料交叉驗證,best used for cross-checking against the winning authority,卡洛琳・波羅登的角色是「價格叢集」，重點在價格水平、通道、費波納契與支撐阻力；圖表型態、價格結構與支撐阻力；波浪、分形結構與時間價格路徑。,"Carolyn Boroden is classified here as price clusters; the focus is price levels, channels, Fibonacci work, and support/resistance; chart patterns, price structure, and support/resistance; waves, fractal structure, and time-price paths.",《費波納契交易》（2008）；參考來源：https://www.elliottwavetrader.net/analyst/Carolyn-Boroden；參考來源：https://www.moneyshow.com/expert/ote17731/carolyn-boroden/,Fibonacci Trading (2008); Reference source: https://www.elliottwavetrader.net/analyst/Carolyn-Boroden; Reference source: https://www.moneyshow.com/expert/ote17731/carolyn-boroden/,3 筆研究材料；2 個不同來源；0 筆高證據等級；書籍 1 筆；論文/文章 0 筆。,3 research materials; 2 distinct sources; 0 high-evidence records; 1 book records; 0 paper/article records.
support-resistance,支撐阻力,Support and Resistance,charting,12,11,參考角色,Reference role,louise-yamada,40,路易絲・山田,Louise Yamada,長期底部/頂部,long-term tops/bottoms,practitioner,實戰交易代表,Market practitioner,59.4,20,3,2,2,1,0,有代表性書籍或教材可追溯；高證據等級來源較多,supported by traceable books or textbook material; has multiple high-evidence sources,適合搭配優勝者資料交叉驗證,best used for cross-checking against the winning authority,路易絲・山田的角色是「長期底部/頂部」，重點在股票選股、相對強弱與成長股篩選；趨勢辨識、均線、通道與趨勢跟隨；圖表型態、價格結構與支撐阻力。,"Louise Yamada is classified here as long-term tops/bottoms; the focus is stock selection, relative strength, and growth-stock screening; trend identification, moving averages, channels, and trend following; chart patterns, price structure, and support/resistance.",《市場魔法》（1998）；參考來源：https://cmtassociation.org/presenter/louise-yamada/；參考來源：https://www.lyadvisors.com/,Market Magic: Riding the Greatest Bull Market of the Century (1998); Reference source: https://cmtassociation.org/presenter/louise-yamada/; Reference source: https://www.lyadvisors.com/,3 筆研究材料；2 個不同來源；2 筆高證據等級；書籍 1 筆；論文/文章 0 筆。,3 research materials; 2 distinct sources; 2 high-evidence records; 1 book records; 0 paper/article records.
support-resistance,支撐阻力,Support and Resistance,charting,12,12,參考角色,Reference role,victor-sperandeo,84,維克多・斯佩蘭迪奧,Victor Sperandeo,趨勢線,trendlines,practitioner_author,實戰交易者兼作者,Practitioner-author,56.65,19,2,2,1,1,0,有代表性書籍或教材可追溯；高證據等級來源較多,supported by traceable books or textbook material; has multiple high-evidence sources,適合搭配優勝者資料交叉驗證,best used for cross-checking against the winning authority,維克多・斯佩蘭迪奧的角色是「趨勢線」，重點在圖表型態、價格結構與支撐阻力；趨勢辨識、均線、通道與趨勢跟隨。,"Victor Sperandeo is classified here as trendlines; the focus is chart patterns, price structure, and support/resistance; trend identification, moving averages, channels, and trend following.",《Trader Vic：華爾街大師的方法》（1991）；參考來源：https://thepatternsite.com/2B.html,Trader Vic: Methods of a Wall Street Master (1991); Reference source: https://thepatternsite.com/2B.html,2 筆研究材料；2 個不同來源；1 筆高證據等級；書籍 1 筆；論文/文章 0 筆。,2 research materials; 2 distinct sources; 1 high-evidence records; 1 book records; 0 paper/article records.
systems-trading,交易系統,Trading Systems,systems,15,1,優勝,Winner,perry-j-kaufman,18,佩里・考夫曼,Perry J. Kaufman,系統交易作者,systematic-trading author,system_developer,交易系統開發者,Trading-system developer,84.75,23,3,3,2,2,0,有代表性書籍或教材可追溯；高證據等級來源較多；在原創性、資料覆蓋與專屬性綜合評分最高,"supported by traceable books or textbook material; has multiple high-evidence sources; highest combined score for originality, evidence coverage, and indicator specificity",偏整理或推廣，原創性通常低於指標創作者；優勝判斷是以本資料庫目前來源與評分規則為基準,"more synthetic/promotional, usually less original than the indicator creator; winner judgment is based on the current database sources and scoring rules",佩里・考夫曼的角色是「系統交易作者」，重點在趨勢辨識、均線、通道與趨勢跟隨；系統交易、規則設計與回測流程。,"Perry J. Kaufman is classified here as systematic-trading author; the focus is trend identification, moving averages, channels, and trend following; systematic trading, rule design, and backtesting.",《交易系統與方法》（1978）；《更聰明的交易》（1995）；參考來源：https://trendspider.com/learning-center/what-is-the-kaufman-adaptive-moving-average/,Trading Systems and Methods (1978); Smarter Trading (1995); Reference source: https://trendspider.com/learning-center/what-is-the-kaufman-adaptive-moving-average/,3 筆研究材料；3 個不同來源；2 筆高證據等級；書籍 2 筆；論文/文章 0 筆。,3 research materials; 3 distinct sources; 2 high-evidence records; 2 book records; 0 paper/article records.
systems-trading,交易系統,Trading Systems,systems,15,2,重要補充,Important complement,laurence-a-connors,54,拉倫斯・康納斯,Laurence A. Connors,短線均值回歸,short-term mean reversion,indicator_creator,技術指標創作者,Indicator creator,74.8,22,5,3,1,2,0,有代表性書籍或教材可追溯；高證據等級來源較多,supported by traceable books or textbook material; has multiple high-evidence sources,適合搭配優勝者資料交叉驗證,best used for cross-checking against the winning authority,拉倫斯・康納斯的角色是「短線均值回歸」，重點在動量、超買超賣、背離與趨勢強弱；系統交易、規則設計與回測流程。,"Laurence A. Connors is classified here as short-term mean reversion; the focus is momentum, overbought/oversold conditions, divergence, and trend strength; systematic trading, rule design, and backtesting.",《街頭智慧交易策略》（1996）；《有效的短線交易策略》（2008）；原文題名：ConnorsRSI（2012）,Street Smarts (1996); Short Term Trading Strategies That Work (2008); ConnorsRSI (2012),5 筆研究材料；3 個不同來源；1 筆高證據等級；書籍 2 筆；論文/文章 0 筆。,5 research materials; 3 distinct sources; 1 high-evidence records; 2 book records; 0 paper/article records.
systems-trading,交易系統,Trading Systems,systems,15,3,重要補充,Important complement,john-f-ehlers,57,約翰・艾勒斯,John F. Ehlers,自適應指標,adaptive indicators,indicator_creator,技術指標創作者,Indicator creator,72.5,24,3,2,1,2,0,有代表性書籍或教材可追溯；高證據等級來源較多,supported by traceable books or textbook material; has multiple high-evidence sources,適合搭配優勝者資料交叉驗證,best used for cross-checking against the winning authority,約翰・艾勒斯的角色是「自適應指標」，重點在週期、時間窗口與市場節奏判讀；系統交易、規則設計與回測流程。,"John F. Ehlers is classified here as adaptive indicators; the focus is cycles, timing windows, and market rhythm; systematic trading, rule design, and backtesting.",《交易者的火箭科學》（2001）；《股票與期貨控制論分析》（2004）；參考來源：https://www.mesasoftware.com/TechnicalArticles.htm,Rocket Science for Traders (2001); Cybernetic Analysis for Stocks and Futures (2004); Reference source: https://www.mesasoftware.com/TechnicalArticles.htm,3 筆研究材料；2 個不同來源；1 筆高證據等級；書籍 2 筆；論文/文章 0 筆。,3 research materials; 2 distinct sources; 1 high-evidence records; 2 book records; 0 paper/article records.
systems-trading,交易系統,Trading Systems,systems,15,4,重要補充,Important complement,stanley-kroll,25,史丹利・克羅爾,Stanley Kroll,交易系統,trading systems,indicator_creator,技術指標創作者,Indicator creator,72.1,18,3,2,0,1,0,有代表性書籍或教材可追溯,supported by traceable books or textbook material,實戰價值高，但公開可驗證研究材料可能較少,"strong practical value, but fewer publicly verifiable research records",史丹利・克羅爾的角色是「交易系統」，重點在動量、超買超賣、背離與趨勢強弱；趨勢辨識、均線、通道與趨勢跟隨；系統交易、規則設計與回測流程。,"Stanley Kroll is classified here as trading systems; the focus is momentum, overbought/oversold conditions, divergence, and trend strength; trend identification, moving averages, channels, and trend following; systematic trading, rule design, and backtesting.",《新技術交易者》（1994）；參考來源：https://www.fxcorporate.com/help/MS/LOGOUT/i_Vidya.html；參考來源：https://www.investopedia.com/terms/s/stochrsi.asp,The New Technical Trader (1994); Reference source: https://www.fxcorporate.com/help/MS/LOGOUT/i_Vidya.html; Reference source: https://www.investopedia.com/terms/s/stochrsi.asp,3 筆研究材料；2 個不同來源；0 筆高證據等級；書籍 1 筆；論文/文章 0 筆。,3 research materials; 2 distinct sources; 0 high-evidence records; 1 book records; 0 paper/article records.
systems-trading,交易系統,Trading Systems,systems,15,5,重要補充,Important complement,alexander-elder,35,亞歷山大・艾爾德,Alexander Elder,Triple Screen,Triple Screen,indicator_creator,技術指標創作者,Indicator creator,70.9,24,2,2,1,1,0,有代表性書籍或教材可追溯；高證據等級來源較多,supported by traceable books or textbook material; has multiple high-evidence sources,適合搭配優勝者資料交叉驗證,best used for cross-checking against the winning authority,亞歷山大・艾爾德的角色是「Triple Screen」，重點在動量、超買超賣、背離與趨勢強弱；量價關係、資金流與供需分析；系統交易、規則設計與回測流程。,"Alexander Elder is classified here as Triple Screen; the focus is momentum, overbought/oversold conditions, divergence, and trend strength; price-volume relationships, money flow, and supply/demand; systematic trading, rule design, and backtesting.",《以交易為生》（1993）；參考來源：https://www.investopedia.com/articles/trading/03/022603.asp,Trading for a Living (1993); Reference source: https://www.investopedia.com/articles/trading/03/022603.asp,2 筆研究材料；2 個不同來源；1 筆高證據等級；書籍 1 筆；論文/文章 0 筆。,2 research materials; 2 distinct sources; 1 high-evidence records; 1 book records; 0 paper/article records.
systems-trading,交易系統,Trading Systems,systems,15,6,參考角色,Reference role,ralph-vince,97,拉爾夫・文斯,Ralph Vince,資金管理,money management,researcher_author,研究者兼作者,Researcher-author,66.8,22,3,3,3,1,1,有代表性書籍或教材可追溯；有論文或研究文章支撐；高證據等級來源較多,supported by traceable books or textbook material; supported by papers or research articles; has multiple high-evidence sources,適合搭配優勝者資料交叉驗證,best used for cross-checking against the winning authority,拉爾夫・文斯的角色是「資金管理」，重點在市場寬度、內部強弱與指數健康度判讀；系統交易、規則設計與回測流程；實證檢驗、規則驗證與資料探勘風險控制。,"Ralph Vince is classified here as money management; the focus is market breadth, internal strength, and index health; systematic trading, rule design, and backtesting; empirical testing, rule validation, and data-mining control.",《資金管理數學》（1992）；原文題名：The Ripple Effect of Daily New Lows（2024）；參考來源：https://cmtassociation.org/association/award-recognizing/charles-h-dow-award/,The Mathematics of Money Management (1992); The Ripple Effect of Daily New Lows (2024); Reference source: https://cmtassociation.org/association/award-recognizing/charles-h-dow-award/,3 筆研究材料；3 個不同來源；3 筆高證據等級；書籍 1 筆；論文/文章 1 筆。,3 research materials; 3 distinct sources; 3 high-evidence records; 1 book records; 1 paper/article records.
systems-trading,交易系統,Trading Systems,systems,15,7,參考角色,Reference role,howard-bandy,60,霍華德・班迪,Howard Bandy,交易系統,trading systems,system_developer,交易系統開發者,Trading-system developer,65.2,18,3,2,1,2,0,有代表性書籍或教材可追溯；高證據等級來源較多,supported by traceable books or textbook material; has multiple high-evidence sources,實戰價值高，但公開可驗證研究材料可能較少,"strong practical value, but fewer publicly verifiable research records",霍華德・班迪的角色是「交易系統」，重點在系統交易、規則設計與回測流程；實證檢驗、規則驗證與資料探勘風險控制。,"Howard Bandy is classified here as trading systems; the focus is systematic trading, rule design, and backtesting; empirical testing, rule validation, and data-mining control.",《量化交易系統》（2007）；《交易系統績效建模》（2011）；參考來源：https://guides.newman.baruch.cuny.edu/c.php?g=188442&p=1243542,Quantitative Trading Systems (2007); Modeling Trading System Performance (2011); Reference source: https://guides.newman.baruch.cuny.edu/c.php?g=188442&p=1243542,3 筆研究材料；2 個不同來源；1 筆高證據等級；書籍 2 筆；論文/文章 0 筆。,3 research materials; 2 distinct sources; 1 high-evidence records; 2 book records; 0 paper/article records.
systems-trading,交易系統,Trading Systems,systems,15,8,參考角色,Reference role,jack-d-schwager,13,傑克・施瓦格,Jack D. Schwager,交易方法整理,trading-method compilation,author,經典著作作者,Classic author,64.2,20,4,3,2,2,0,有代表性書籍或教材可追溯；高證據等級來源較多,supported by traceable books or textbook material; has multiple high-evidence sources,實戰價值高，但公開可驗證研究材料可能較少,"strong practical value, but fewer publicly verifiable research records",傑克・施瓦格的角色是「交易方法整理」，重點在圖表型態、價格結構與支撐阻力；系統交易、規則設計與回測流程。,"Jack D. Schwager is classified here as trading-method compilation; the focus is chart patterns, price structure, and support/resistance; systematic trading, rule design, and backtesting.",原文題名：Market Wizards（1989）；《技術分析入門》（1999）；參考來源：https://www.amazon.com/Getting-Started-Technical-Analysis-Schwager/dp/0471295426；參考來源：https://www.investopedia.com/articles/personal-finance/090916/top-5-books-learn-technical-analysis.asp,Market Wizards (1989); Getting Started in Technical Analysis (1999); Reference source: https://www.amazon.com/Getting-Started-Technical-Analysis-Schwager/dp/0471295426; Reference source: https://www.investopedia.com/articles/personal-finance/090916/top-5-books-learn-technical-analysis.asp,4 筆研究材料；3 個不同來源；2 筆高證據等級；書籍 2 筆；論文/文章 0 筆。,4 research materials; 3 distinct sources; 2 high-evidence records; 2 book records; 0 paper/article records.
systems-trading,交易系統,Trading Systems,systems,15,9,參考角色,Reference role,murray-a-ruggiero-jr,58,穆雷・魯傑羅,Murray A. Ruggiero Jr.,交易系統,trading systems,system_developer,交易系統開發者,Trading-system developer,63.6,18,2,2,1,1,0,有代表性書籍或教材可追溯；高證據等級來源較多,supported by traceable books or textbook material; has multiple high-evidence sources,實戰價值高，但公開可驗證研究材料可能較少,"strong practical value, but fewer publicly verifiable research records",穆雷・魯傑羅的角色是「交易系統」，重點在系統交易、規則設計與回測流程；實證檢驗、規則驗證與資料探勘風險控制。,"Murray A. Ruggiero Jr. is classified here as trading systems; the focus is systematic trading, rule design, and backtesting; empirical testing, rule validation, and data-mining control.",《控制論交易策略》（1997）；參考來源：https://guides.newman.baruch.cuny.edu/c.php?g=188442&p=1243542,Cybernetic Trading Strategies (1997); Reference source: https://guides.newman.baruch.cuny.edu/c.php?g=188442&p=1243542,2 筆研究材料；2 個不同來源；1 筆高證據等級；書籍 1 筆；論文/文章 0 筆。,2 research materials; 2 distinct sources; 1 high-evidence records; 1 book records; 0 paper/article records.
systems-trading,交易系統,Trading Systems,systems,15,10,參考角色,Reference role,robert-pardo,59,羅伯特・帕多,Robert Pardo,交易系統,trading systems,system_developer,交易系統開發者,Trading-system developer,63.6,18,2,2,1,1,0,有代表性書籍或教材可追溯；高證據等級來源較多,supported by traceable books or textbook material; has multiple high-evidence sources,實戰價值高，但公開可驗證研究材料可能較少,"strong practical value, but fewer publicly verifiable research records",羅伯特・帕多的角色是「交易系統」，重點在實證檢驗、規則驗證與資料探勘風險控制；系統交易、規則設計與回測流程。,"Robert Pardo is classified here as trading systems; the focus is empirical testing, rule validation, and data-mining control; systematic trading, rule design, and backtesting.",《交易系統設計、測試與最佳化》（1992）；參考來源：https://guides.newman.baruch.cuny.edu/c.php?g=188442&p=1243542,"Design, Testing, and Optimization of Trading Systems (1992); Reference source: https://guides.newman.baruch.cuny.edu/c.php?g=188442&p=1243542",2 筆研究材料；2 個不同來源；1 筆高證據等級；書籍 1 筆；論文/文章 0 筆。,2 research materials; 2 distinct sources; 1 high-evidence records; 1 book records; 0 paper/article records.
systems-trading,交易系統,Trading Systems,systems,15,11,參考角色,Reference role,glenn-neely,44,格倫・尼利,Glenn Neely,波浪規則,wave rules,author,經典著作作者,Classic author,63.1,20,4,3,1,1,0,有代表性書籍或教材可追溯；高證據等級來源較多,supported by traceable books or textbook material; has multiple high-evidence sources,適合搭配優勝者資料交叉驗證,best used for cross-checking against the winning authority,格倫・尼利的角色是「波浪規則」，重點在波浪、分形結構與時間價格路徑；系統交易、規則設計與回測流程。,"Glenn Neely is classified here as wave rules; the focus is waves, fractal structure, and time-price paths; systematic trading, rule design, and backtesting.",《精通艾略特波浪》（1990）；參考來源：https://glennneely.com/；參考來源：https://www.amazon.com/Mastering-Elliott-Wave-Glenn-Neely/dp/0930233441；參考來源：https://www.neowave.com/product-book.asp,Mastering Elliott Wave (1990); Reference source: https://glennneely.com/; Reference source: https://www.amazon.com/Mastering-Elliott-Wave-Glenn-Neely/dp/0930233441; Reference source: https://www.neowave.com/product-book.asp,4 筆研究材料；3 個不同來源；1 筆高證據等級；書籍 1 筆；論文/文章 0 筆。,4 research materials; 3 distinct sources; 1 high-evidence records; 1 book records; 0 paper/article records.
systems-trading,交易系統,Trading Systems,systems,15,12,參考角色,Reference role,thomas-stridsman,61,湯瑪斯・史翠茲曼,Thomas Stridsman,交易系統,trading systems,system_developer,交易系統開發者,Trading-system developer,62.55,17,2,2,1,1,0,有代表性書籍或教材可追溯；高證據等級來源較多,supported by traceable books or textbook material; has multiple high-evidence sources,實戰價值高，但公開可驗證研究材料可能較少,"strong practical value, but fewer publicly verifiable research records",湯瑪斯・史翠茲曼的角色是「交易系統」，重點在系統交易、規則設計與回測流程；實證檢驗、規則驗證與資料探勘風險控制；趨勢辨識、均線、通道與趨勢跟隨。,"Thomas Stridsman is classified here as trading systems; the focus is systematic trading, rule design, and backtesting; empirical testing, rule validation, and data-mining control; trend identification, moving averages, channels, and trend following.",《有效的交易系統》（2000）；參考來源：https://guides.newman.baruch.cuny.edu/c.php?g=188442&p=1243542,Trading Systems That Work (2000); Reference source: https://guides.newman.baruch.cuny.edu/c.php?g=188442&p=1243542,2 筆研究材料；2 個不同來源；1 筆高證據等級；書籍 1 筆；論文/文章 0 筆。,2 research materials; 2 distinct sources; 1 high-evidence records; 1 book records; 0 paper/article records.
systems-trading,交易系統,Trading Systems,systems,15,13,參考角色,Reference role,david-aronson,100,大衛・阿隆森,David Aronson,客觀規則,objective rules,academic_practitioner,學術與實務研究者,Academic-practitioner,62.25,21,3,2,0,1,0,有代表性書籍或教材可追溯,supported by traceable books or textbook material,適合搭配優勝者資料交叉驗證,best used for cross-checking against the winning authority,大衛・阿隆森的角色是「客觀規則」，重點在實證檢驗、規則驗證與資料探勘風險控制；系統交易、規則設計與回測流程。,"David Aronson is classified here as objective rules; the focus is empirical testing, rule validation, and data-mining control; systematic trading, rule design, and backtesting.",《實證技術分析》（2006）；參考來源：https://www.amazon.com/Evidence-Based-Technical-Analysis-Scientific-Statistical/dp/0470008741；參考來源：https://www.wiley.com/en-ca/Evidence-Based%2BTechnical%2BAnalysis%3A%2BApplying%2Bthe%2BScientific%2BMethod%2Band%2BStatistical%2BInference%2Bto%2BTrading%2BSignals-p-9780470008744,Evidence-Based Technical Analysis (2006); Reference source: https://www.amazon.com/Evidence-Based-Technical-Analysis-Scientific-Statistical/dp/0470008741; Reference source: https://www.wiley.com/en-ca/Evidence-Based%2BTechnical%2BAnalysis%3A%2BApplying%2Bthe%2BScientific%2BMethod%2Band%2BStatistical%2BInference%2Bto%2BTrading%2BSignals-p-9780470008744,3 筆研究材料；2 個不同來源；0 筆高證據等級；書籍 1 筆；論文/文章 0 筆。,3 research materials; 2 distinct sources; 0 high-evidence records; 1 book records; 0 paper/article records.
systems-trading,交易系統,Trading Systems,systems,15,14,參考角色,Reference role,hank-pruden,74,漢克・普魯登,Hank Pruden,三大交易技能,three trading skills,educator,技術分析教育者,Technical-analysis educator,61.55,21,3,3,1,1,0,有代表性書籍或教材可追溯；高證據等級來源較多,supported by traceable books or textbook material; has multiple high-evidence sources,實戰價值高，但公開可驗證研究材料可能較少,"strong practical value, but fewer publicly verifiable research records",漢克・普魯登的角色是「三大交易技能」，重點在量價關係、資金流與供需分析；系統交易、規則設計與回測流程。,"Hank Pruden is classified here as three trading skills; the focus is price-volume relationships, money flow, and supply/demand; systematic trading, rule design, and backtesting.",《頂尖交易的三項技能》（2007）；參考來源：https://chartschool.stockcharts.com/table-of-contents/market-analysis/wyckoff-analysis-articles/the-wyckoff-method-a-tutorial；參考來源：https://www.wyckoffanalytics.com/hank-pruden/,The Three Skills of Top Trading (2007); Reference source: https://chartschool.stockcharts.com/table-of-contents/market-analysis/wyckoff-analysis-articles/the-wyckoff-method-a-tutorial; Reference source: https://www.wyckoffanalytics.com/hank-pruden/,3 筆研究材料；3 個不同來源；1 筆高證據等級；書籍 1 筆；論文/文章 0 筆。,3 research materials; 3 distinct sources; 1 high-evidence records; 1 book records; 0 paper/article records.
systems-trading,交易系統,Trading Systems,systems,15,15,參考角色,Reference role,linda-bradford-raschke,53,琳達・布拉德福德・拉什克,Linda Bradford Raschke,高勝率策略,high-probability strategies,practitioner_author,實戰交易者兼作者,Practitioner-author,60.35,21,3,2,1,1,0,有代表性書籍或教材可追溯；高證據等級來源較多,supported by traceable books or textbook material; has multiple high-evidence sources,適合搭配優勝者資料交叉驗證,best used for cross-checking against the winning authority,琳達・布拉德福德・拉什克的角色是「高勝率策略」，重點在圖表型態、價格結構與支撐阻力；突破、波動擴張與開盤區間交易；系統交易、規則設計與回測流程。,"Linda Bradford Raschke is classified here as high-probability strategies; the focus is chart patterns, price structure, and support/resistance; breakouts, volatility expansion, and opening-range trading; systematic trading, rule design, and backtesting.",《街頭智慧交易策略》（1996）；參考來源：https://lindaraschke.net/recommended-reading/；參考來源：https://www.amazon.com/Street-Smarts-Probability-Short-Term-Strategies/dp/0965046109,Street Smarts (1996); Reference source: https://lindaraschke.net/recommended-reading/; Reference source: https://www.amazon.com/Street-Smarts-Probability-Short-Term-Strategies/dp/0965046109,3 筆研究材料；2 個不同來源；1 筆高證據等級；書籍 1 筆；論文/文章 0 筆。,3 research materials; 2 distinct sources; 1 high-evidence records; 1 book records; 0 paper/article records.
tape-reading,讀帶 / 盤口判讀,Tape Reading,charting,3,1,優勝,Winner,jesse-livermore,5,傑西・李佛摩,Jesse Livermore,代表性實踐者,representative practitioner,practitioner,實戰交易代表,Market practitioner,74.65,19,2,2,1,1,0,有代表性書籍或教材可追溯；高證據等級來源較多；在原創性、資料覆蓋與專屬性綜合評分最高,"supported by traceable books or textbook material; has multiple high-evidence sources; highest combined score for originality, evidence coverage, and indicator specificity",實戰價值高，但公開可驗證研究材料可能較少；優勝判斷是以本資料庫目前來源與評分規則為基準,"strong practical value, but fewer publicly verifiable research records; winner judgment is based on the current database sources and scoring rules",傑西・李佛摩的角色是「代表性實踐者」，重點在圖表型態、價格結構與支撐阻力；趨勢辨識、均線、通道與趨勢跟隨。,"Jesse Livermore is classified here as representative practitioner; the focus is chart patterns, price structure, and support/resistance; trend identification, moving averages, channels, and trend following.",《如何交易股票》（1940）；參考來源：https://en.wikipedia.org/wiki/Jesse_Livermore,How to Trade in Stocks (1940); Reference source: https://en.wikipedia.org/wiki/Jesse_Livermore,2 筆研究材料；2 個不同來源；1 筆高證據等級；書籍 1 筆；論文/文章 0 筆。,2 research materials; 2 distinct sources; 1 high-evidence records; 1 book records; 0 paper/article records.
tape-reading,讀帶 / 盤口判讀,Tape Reading,charting,3,2,重要補充,Important complement,richard-d-wyckoff,4,理查・威科夫,Richard D. Wyckoff,讀帶,tape reading,foundation,理論奠基者,Foundational theorist,72.8,24,3,3,2,2,0,有代表性書籍或教材可追溯；高證據等級來源較多,supported by traceable books or textbook material; has multiple high-evidence sources,適合搭配優勝者資料交叉驗證,best used for cross-checking against the winning authority,理查・威科夫的角色是「讀帶」，重點在量價關係、資金流與供需分析；圖表型態、價格結構與支撐阻力。,"Richard D. Wyckoff is classified here as tape reading; the focus is price-volume relationships, money flow, and supply/demand; chart patterns, price structure, and support/resistance.",《讀帶研究》（1910）；《我如何交易與投資股票和債券》（1924）；參考來源：https://chartschool.stockcharts.com/table-of-contents/market-analysis/wyckoff-analysis-articles/the-wyckoff-method-a-tutorial,Studies in Tape Reading (1910); How I Trade and Invest in Stocks and Bonds (1924); Reference source: https://chartschool.stockcharts.com/table-of-contents/market-analysis/wyckoff-analysis-articles/the-wyckoff-method-a-tutorial,3 筆研究材料；3 個不同來源；2 筆高證據等級；書籍 2 筆；論文/文章 0 筆。,3 research materials; 3 distinct sources; 2 high-evidence records; 2 book records; 0 paper/article records.
tape-reading,讀帶 / 盤口判讀,Tape Reading,charting,3,3,重要補充,Important complement,humphrey-b-neill,90,漢弗萊・尼爾,Humphrey B. Neill,經典作者,classic author,author,經典著作作者,Classic author,70.3,18,3,2,2,2,0,有代表性書籍或教材可追溯；高證據等級來源較多,supported by traceable books or textbook material; has multiple high-evidence sources,偏整理或推廣，原創性通常低於指標創作者,"more synthetic/promotional, usually less original than the indicator creator",漢弗萊・尼爾的角色是「經典作者」，重點在圖表型態、價格結構與支撐阻力；市場情緒、逆向指標與群眾心理。,"Humphrey B. Neill is classified here as classic author; the focus is chart patterns, price structure, and support/resistance; sentiment, contrarian indicators, and crowd psychology.",《讀帶與市場戰術》（1931）；《逆向思考的藝術》（1954）；參考來源：https://books.google.com/books/about/Tape_Reading_and_Market_Tactics.html?id=XuiREQAAQBAJ,Tape Reading and Market Tactics (1931); The Art of Contrary Thinking (1954); Reference source: https://books.google.com/books/about/Tape_Reading_and_Market_Tactics.html?id=XuiREQAAQBAJ,3 筆研究材料；2 個不同來源；2 筆高證據等級；書籍 2 筆；論文/文章 0 筆。,3 research materials; 2 distinct sources; 2 high-evidence records; 2 book records; 0 paper/article records.
tema-dema,DEMA / TEMA,Double/Triple Exponential Moving Average,trend,1,1,優勝,Winner,patrick-g-mulloy,65,派翠克・馬洛伊,Patrick G. Mulloy,創始者,creator,indicator_creator,技術指標創作者,Indicator creator,101.45,19,3,3,1,0,1,最接近原始定義，適合作為該指標/方法的基準版本；有論文或研究文章支撐；高證據等級來源較多；在原創性、資料覆蓋與專屬性綜合評分最高,"closest to the original definition and best used as the benchmark version; supported by papers or research articles; has multiple high-evidence sources; highest combined score for originality, evidence coverage, and indicator specificity",原始版本仍需結合後續實證與現代市場條件；優勝判斷是以本資料庫目前來源與評分規則為基準,the original version should still be checked against later evidence and modern markets; winner judgment is based on the current database sources and scoring rules,派翠克・馬洛伊的角色是「創始者」，重點在趨勢辨識、均線、通道與趨勢跟隨。,"Patrick G. Mulloy is classified here as creator; the focus is trend identification, moving averages, channels, and trend following.",原文題名：Smoothing Data with Faster Moving Averages（1994）；參考來源：https://chartschool.stockcharts.com/table-of-contents/technical-indicators-and-overlays/technical-overlays/triple-exponential-moving-average-tema；參考來源：https://www.investopedia.com/ask/answers/041315/why-triple-exponential-moving-average-tema-important-traders-and-analysts.asp,Smoothing Data with Faster Moving Averages (1994); Reference source: https://chartschool.stockcharts.com/table-of-contents/technical-indicators-and-overlays/technical-overlays/triple-exponential-moving-average-tema; Reference source: https://www.investopedia.com/ask/answers/041315/why-triple-exponential-moving-average-tema-important-traders-and-analysts.asp,3 筆研究材料；3 個不同來源；1 筆高證據等級；書籍 0 筆；論文/文章 1 筆。,3 research materials; 3 distinct sources; 1 high-evidence records; 0 book records; 1 paper/article records.
trend-following,趨勢跟隨,Trend Following,trend,20,1,優勝,Winner,richard-donchian,23,理查・唐奇安,Richard Donchian,趨勢跟隨先驅,trend-following pioneer,indicator_creator,技術指標創作者,Indicator creator,97.3,22,3,2,0,0,0,在原創性、資料覆蓋與專屬性綜合評分最高,"highest combined score for originality, evidence coverage, and indicator specificity",適合搭配優勝者資料交叉驗證；優勝判斷是以本資料庫目前來源與評分規則為基準,best used for cross-checking against the winning authority; winner judgment is based on the current database sources and scoring rules,理查・唐奇安的角色是「趨勢跟隨先驅」，重點在趨勢辨識、均線、通道與趨勢跟隨。,"Richard Donchian is classified here as trend-following pioneer; the focus is trend identification, moving averages, channels, and trend following.",原文題名：Commodity Trend Timing（1960）；參考來源：https://en.wikipedia.org/wiki/Richard_Donchian；參考來源：https://www.investopedia.com/donchian-channels-formula-8415235,Commodity Trend Timing (1960); Reference source: https://en.wikipedia.org/wiki/Richard_Donchian; Reference source: https://www.investopedia.com/donchian-channels-formula-8415235,3 筆研究材料；2 個不同來源；0 筆高證據等級；書籍 0 筆；論文/文章 0 筆。,3 research materials; 2 distinct sources; 0 high-evidence records; 0 book records; 0 paper/article records.
trend-following,趨勢跟隨,Trend Following,trend,20,2,重要補充,Important complement,william-peter-hamilton,2,威廉・彼得・漢密爾頓,William Peter Hamilton,趨勢判讀,trend interpretation,foundation,理論奠基者,Foundational theorist,71.05,21,4,3,0,1,0,有代表性書籍或教材可追溯,supported by traceable books or textbook material,適合搭配優勝者資料交叉驗證,best used for cross-checking against the winning authority,威廉・彼得・漢密爾頓的角色是「趨勢判讀」，重點在技術分析基本理論與市場趨勢框架；趨勢辨識、均線、通道與趨勢跟隨。,"William Peter Hamilton is classified here as trend interpretation; the focus is core technical-analysis theory and trend frameworks; trend identification, moving averages, channels, and trend following.",《股票市場晴雨表》（1922）；參考來源：https://archive.org/details/stockmarketbarom00hami；參考來源：https://openlibrary.org/books/OL7031671M/The_stock_market_barometer；參考來源：https://papers.ssrn.com/sol3/papers.cfm?abstract_id=58690,The Stock Market Barometer (1922); Reference source: https://archive.org/details/stockmarketbarom00hami; Reference source: https://openlibrary.org/books/OL7031671M/The_stock_market_barometer; Reference source: https://papers.ssrn.com/sol3/papers.cfm?abstract_id=58690,4 筆研究材料；3 個不同來源；0 筆高證據等級；書籍 1 筆；論文/文章 0 筆。,4 research materials; 3 distinct sources; 0 high-evidence records; 1 book records; 0 paper/article records.
trend-following,趨勢跟隨,Trend Following,trend,20,3,重要補充,Important complement,daryl-guppy,62,達利・古比,Daryl Guppy,趨勢判讀,trend interpretation,indicator_creator,技術指標創作者,Indicator creator,69.75,21,2,2,1,1,0,有代表性書籍或教材可追溯；高證據等級來源較多,supported by traceable books or textbook material; has multiple high-evidence sources,適合搭配優勝者資料交叉驗證,best used for cross-checking against the winning authority,達利・古比的角色是「趨勢判讀」，重點在趨勢辨識、均線、通道與趨勢跟隨。,"Daryl Guppy is classified here as trend interpretation; the focus is trend identification, moving averages, channels, and trend following.",《交易戰術》（1997）；參考來源：https://www.investopedia.com/terms/g/guppy-multiple-moving-average.asp,Trading Tactics (1997); Reference source: https://www.investopedia.com/terms/g/guppy-multiple-moving-average.asp,2 筆研究材料；2 個不同來源；1 筆高證據等級；書籍 1 筆；論文/文章 0 筆。,2 research materials; 2 distinct sources; 1 high-evidence records; 1 book records; 0 paper/article records.
trend-following,趨勢跟隨,Trend Following,trend,20,4,重要補充,Important complement,etienne-botes,71,艾蒂安・博特斯,Etienne Botes,趨勢反轉,trend reversal,indicator_creator,技術指標創作者,Indicator creator,69.5,20,3,3,1,0,1,有論文或研究文章支撐；高證據等級來源較多,supported by papers or research articles; has multiple high-evidence sources,適合搭配優勝者資料交叉驗證,best used for cross-checking against the winning authority,艾蒂安・博特斯的角色是「趨勢反轉」，重點在趨勢辨識、均線、通道與趨勢跟隨。,"Etienne Botes is classified here as trend reversal; the focus is trend identification, moving averages, channels, and trend following.",《Vortex 指標》（2010）；參考來源：https://traders.com/documentation/feedbk_docs/2010/01/Botes.html；參考來源：https://www.investopedia.com/terms/v/vortex-indicator-vi.asp,The Vortex Indicator (2010); Reference source: https://traders.com/documentation/feedbk_docs/2010/01/Botes.html; Reference source: https://www.investopedia.com/terms/v/vortex-indicator-vi.asp,3 筆研究材料；3 個不同來源；1 筆高證據等級；書籍 0 筆；論文/文章 1 筆。,3 research materials; 3 distinct sources; 1 high-evidence records; 0 book records; 1 paper/article records.
trend-following,趨勢跟隨,Trend Following,trend,20,5,重要補充,Important complement,douglas-siepman,72,道格拉斯・西普曼,Douglas Siepman,趨勢反轉,trend reversal,indicator_creator,技術指標創作者,Indicator creator,69.5,20,3,3,1,0,1,有論文或研究文章支撐；高證據等級來源較多,supported by papers or research articles; has multiple high-evidence sources,適合搭配優勝者資料交叉驗證,best used for cross-checking against the winning authority,道格拉斯・西普曼的角色是「趨勢反轉」，重點在趨勢辨識、均線、通道與趨勢跟隨。,"Douglas Siepman is classified here as trend reversal; the focus is trend identification, moving averages, channels, and trend following.",《Vortex 指標》（2010）；參考來源：https://traders.com/documentation/feedbk_docs/2010/01/Botes.html；參考來源：https://www.investopedia.com/terms/v/vortex-indicator-vi.asp,The Vortex Indicator (2010); Reference source: https://traders.com/documentation/feedbk_docs/2010/01/Botes.html; Reference source: https://www.investopedia.com/terms/v/vortex-indicator-vi.asp,3 筆研究材料；3 個不同來源；1 筆高證據等級；書籍 0 筆；論文/文章 1 筆。,3 research materials; 3 distinct sources; 1 high-evidence records; 0 book records; 1 paper/article records.
trend-following,趨勢跟隨,Trend Following,trend,20,6,重要補充,Important complement,robert-rhea,3,羅伯特・里亞,Robert Rhea,趨勢確認,trend confirmation,foundation,理論奠基者,Foundational theorist,69.35,21,3,2,1,1,0,有代表性書籍或教材可追溯；高證據等級來源較多,supported by traceable books or textbook material; has multiple high-evidence sources,適合搭配優勝者資料交叉驗證,best used for cross-checking against the winning authority,羅伯特・里亞的角色是「趨勢確認」，重點在技術分析基本理論與市場趨勢框架；趨勢辨識、均線、通道與趨勢跟隨。,"Robert Rhea is classified here as trend confirmation; the focus is core technical-analysis theory and trend frameworks; trend identification, moving averages, channels, and trend following.",《道氏理論》（1932）；參考來源：https://books.google.com/books/about/The_Dow_Theory.html?id=FO65ngEACAAJ；參考來源：https://openlibrary.org/books/OL6279382M/The_Dow_theory,The Dow Theory (1932); Reference source: https://books.google.com/books/about/The_Dow_Theory.html?id=FO65ngEACAAJ; Reference source: https://openlibrary.org/books/OL6279382M/The_Dow_theory,3 筆研究材料；2 個不同來源；1 筆高證據等級；書籍 1 筆；論文/文章 0 筆。,3 research materials; 2 distinct sources; 1 high-evidence records; 1 book records; 0 paper/article records.
trend-following,趨勢跟隨,Trend Following,trend,20,7,重要補充,Important complement,goichi-hosoda,37,細田悟一,Goichi Hosoda,趨勢/支撐阻力,trend and support/resistance,indicator_creator,技術指標創作者,Indicator creator,69.3,22,3,2,0,1,0,有代表性書籍或教材可追溯,supported by traceable books or textbook material,適合搭配優勝者資料交叉驗證,best used for cross-checking against the winning authority,細田悟一的角色是「趨勢/支撐阻力」，重點在趨勢辨識、均線、通道與趨勢跟隨。,"Goichi Hosoda is classified here as trend and support/resistance; the focus is trend identification, moving averages, channels, and trend following.",《一目均衡表》（1969）；參考來源：https://www.investopedia.com/terms/i/ichimoku-cloud.asp；參考來源：https://www.swissquote.com/en-ch/private/inspire/blog/technical-analysis/what-ichimoku-kinko-hyo-trading-method,Ichimoku Kinko Hyo (1969); Reference source: https://www.investopedia.com/terms/i/ichimoku-cloud.asp; Reference source: https://www.swissquote.com/en-ch/private/inspire/blog/technical-analysis/what-ichimoku-kinko-hyo-trading-method,3 筆研究材料；2 個不同來源；0 筆高證據等級；書籍 1 筆；論文/文章 0 筆。,3 research materials; 2 distinct sources; 0 high-evidence records; 1 book records; 0 paper/article records.
trend-following,趨勢跟隨,Trend Following,trend,20,8,重要補充,Important complement,charles-h-dow,1,查爾斯・道,Charles H. Dow,早期趨勢概念,early trend concept,foundation,理論奠基者,Foundational theorist,68.35,23,3,2,0,0,0,可作為該指標/方法的輔助觀點,useful as a complementary view on the indicator/method,適合搭配優勝者資料交叉驗證,best used for cross-checking against the winning authority,查爾斯・道的角色是「早期趨勢概念」，重點在技術分析基本理論與市場趨勢框架；趨勢辨識、均線、通道與趨勢跟隨。,"Charles H. Dow is classified here as early trend concept; the focus is core technical-analysis theory and trend frameworks; trend identification, moving averages, channels, and trend following.",《華爾街日報》市場平均指數評論（1899）；參考來源：https://www.investopedia.com/articles/financial-theory/10/pioneers-technical-analysis.asp；參考來源：https://www.investopedia.com/terms/d/dowtheory.asp,Wall Street Journal editorials on market averages (1899); Reference source: https://www.investopedia.com/articles/financial-theory/10/pioneers-technical-analysis.asp; Reference source: https://www.investopedia.com/terms/d/dowtheory.asp,3 筆研究材料；2 個不同來源；0 筆高證據等級；書籍 0 筆；論文/文章 0 筆。,3 research materials; 2 distinct sources; 0 high-evidence records; 0 book records; 0 paper/article records.
trend-following,趨勢跟隨,Trend Following,trend,20,9,參考角色,Reference role,edson-gould,45,艾德森・古爾德,Edson Gould,長期市場判斷,long-term market judgment,foundation,理論奠基者,Foundational theorist,66.95,19,4,3,0,0,0,可作為該指標/方法的輔助觀點,useful as a complementary view on the indicator/method,適合搭配優勝者資料交叉驗證,best used for cross-checking against the winning authority,艾德森・古爾德的角色是「長期市場判斷」，重點在市場情緒、逆向指標與群眾心理；市場寬度、內部強弱與指數健康度判讀；趨勢辨識、均線、通道與趨勢跟隨。,"Edson Gould is classified here as long-term market judgment; the focus is sentiment, contrarian indicators, and crowd psychology; market breadth, internal strength, and index health; trend identification, moving averages, channels, and trend following.",原文題名：Findings & Forecasts；參考來源：https://chartschool.stockcharts.com/table-of-contents/chart-analysis/chart-annotation-tools/speed-resistance-lines；參考來源：https://www.investopedia.com/articles/financial-theory/10/pioneers-technical-analysis.asp；參考來源：https://www.mcoscillator.com/learning_center/weekly_chart/edson_goulds_daily_point_index/,Findings & Forecasts; Reference source: https://chartschool.stockcharts.com/table-of-contents/chart-analysis/chart-annotation-tools/speed-resistance-lines; Reference source: https://www.investopedia.com/articles/financial-theory/10/pioneers-technical-analysis.asp; Reference source: https://www.mcoscillator.com/learning_center/weekly_chart/edson_goulds_daily_point_index/,4 筆研究材料；3 個不同來源；0 筆高證據等級；書籍 0 筆；論文/文章 0 筆。,4 research materials; 3 distinct sources; 0 high-evidence records; 0 book records; 0 paper/article records.
trend-following,趨勢跟隨,Trend Following,trend,20,10,參考角色,Reference role,olivier-seban,73,奧利維耶・塞班,Olivier Seban,趨勢跟隨,trend following,indicator_creator,技術指標創作者,Indicator creator,66.15,19,3,2,0,0,0,可作為該指標/方法的輔助觀點,useful as a complementary view on the indicator/method,適合搭配優勝者資料交叉驗證,best used for cross-checking against the winning authority,奧利維耶・塞班的角色是「趨勢跟隨」，重點在趨勢辨識、均線、通道與趨勢跟隨；波動率、通道寬度與風險環境。,"Olivier Seban is classified here as trend following; the focus is trend identification, moving averages, channels, and trend following; volatility, channel width, and risk regimes.",原文題名：SuperTrend（2009）；參考來源：https://www.investopedia.com/supertrend-indicator-7976167；參考來源：https://www.tradingview.com/support/solutions/43000634738-supertrend/,SuperTrend (2009); Reference source: https://www.investopedia.com/supertrend-indicator-7976167; Reference source: https://www.tradingview.com/support/solutions/43000634738-supertrend/,3 筆研究材料；2 個不同來源；0 筆高證據等級；書籍 0 筆；論文/文章 0 筆。,3 research materials; 2 distinct sources; 0 high-evidence records; 0 book records; 0 paper/article records.
trend-following,趨勢跟隨,Trend Following,trend,20,11,參考角色,Reference role,gary-antonacci,98,蓋瑞・安東納奇,Gary Antonacci,產業趨勢,industry trends,researcher_author,研究者兼作者,Researcher-author,65.75,21,3,3,3,1,1,有代表性書籍或教材可追溯；有論文或研究文章支撐；高證據等級來源較多,supported by traceable books or textbook material; supported by papers or research articles; has multiple high-evidence sources,適合搭配優勝者資料交叉驗證,best used for cross-checking against the winning authority,蓋瑞・安東納奇的角色是「產業趨勢」，重點在動量、超買超賣、背離與趨勢強弱；趨勢辨識、均線、通道與趨勢跟隨；股票選股、相對強弱與成長股篩選。,"Gary Antonacci is classified here as industry trends; the focus is momentum, overbought/oversold conditions, divergence, and trend strength; trend identification, moving averages, channels, and trend following; stock selection, relative strength, and growth-stock screening.",《雙動量投資》（2014）；原文題名：A Century of Profitable Industry Trends（2025）；參考來源：https://cmtassociation.org/association/award-recognizing/charles-h-dow-award/,Dual Momentum Investing (2014); A Century of Profitable Industry Trends (2025); Reference source: https://cmtassociation.org/association/award-recognizing/charles-h-dow-award/,3 筆研究材料；3 個不同來源；3 筆高證據等級；書籍 1 筆；論文/文章 1 筆。,3 research materials; 3 distinct sources; 3 high-evidence records; 1 book records; 1 paper/article records.
trend-following,趨勢跟隨,Trend Following,trend,20,12,參考角色,Reference role,martin-j-pring,12,馬丁・普林格,Martin J. Pring,趨勢判讀,trend interpretation,author,經典著作作者,Classic author,65.45,23,3,2,1,1,0,有代表性書籍或教材可追溯；高證據等級來源較多,supported by traceable books or textbook material; has multiple high-evidence sources,適合搭配優勝者資料交叉驗證,best used for cross-checking against the winning authority,馬丁・普林格的角色是「趨勢判讀」，重點在動量、超買超賣、背離與趨勢強弱；週期、時間窗口與市場節奏判讀；趨勢辨識、均線、通道與趨勢跟隨。,"Martin J. Pring is classified here as trend interpretation; the focus is momentum, overbought/oversold conditions, divergence, and trend strength; cycles, timing windows, and market rhythm; trend identification, moving averages, channels, and trend following.",《技術分析詳解》（1980）；參考來源：https://www.amazon.com/Technical-Analysis-Explained-Successful-Investment/dp/1260466020；參考來源：https://www.investopedia.com/articles/personal-finance/090916/top-5-books-learn-technical-analysis.asp,Technical Analysis Explained (1980); Reference source: https://www.amazon.com/Technical-Analysis-Explained-Successful-Investment/dp/1260466020; Reference source: https://www.investopedia.com/articles/personal-finance/090916/top-5-books-learn-technical-analysis.asp,3 筆研究材料；2 個不同來源；1 筆高證據等級；書籍 1 筆；論文/文章 0 筆。,3 research materials; 2 distinct sources; 1 high-evidence records; 1 book records; 0 paper/article records.
trend-following,趨勢跟隨,Trend Following,trend,20,13,參考角色,Reference role,walter-deemer,91,華特・迪默,Walter Deemer,市場時機,market timing,practitioner_author,實戰交易者兼作者,Practitioner-author,63.05,19,4,3,1,1,0,有代表性書籍或教材可追溯；高證據等級來源較多,supported by traceable books or textbook material; has multiple high-evidence sources,適合搭配優勝者資料交叉驗證,best used for cross-checking against the winning authority,華特・迪默的角色是「市場時機」，重點在趨勢辨識、均線、通道與趨勢跟隨；市場寬度、內部強弱與指數健康度判讀；市場情緒、逆向指標與群眾心理。,"Walter Deemer is classified here as market timing; the focus is trend identification, moving averages, channels, and trend following; market breadth, internal strength, and index health; sentiment, contrarian indicators, and crowd psychology.",原文題名：Market Memos（1966）；《迪默談技術分析》（2012）；參考來源：https://deemermarketmemos.com/；參考來源：https://www.walterdeemer.com/,Market Memos (1966); Deemer on Technical Analysis (2012); Reference source: https://deemermarketmemos.com/; Reference source: https://www.walterdeemer.com/,4 筆研究材料；3 個不同來源；1 筆高證據等級；書籍 1 筆；論文/文章 0 筆。,4 research materials; 3 distinct sources; 1 high-evidence records; 1 book records; 0 paper/article records.
trend-following,趨勢跟隨,Trend Following,trend,20,14,參考角色,Reference role,thomas-stridsman,61,湯瑪斯・史翠茲曼,Thomas Stridsman,系統化趨勢,systematic trend analysis,system_developer,交易系統開發者,Trading-system developer,61.55,17,2,2,1,1,0,有代表性書籍或教材可追溯；高證據等級來源較多,supported by traceable books or textbook material; has multiple high-evidence sources,適合搭配優勝者資料交叉驗證,best used for cross-checking against the winning authority,湯瑪斯・史翠茲曼的角色是「系統化趨勢」，重點在系統交易、規則設計與回測流程；實證檢驗、規則驗證與資料探勘風險控制；趨勢辨識、均線、通道與趨勢跟隨。,"Thomas Stridsman is classified here as systematic trend analysis; the focus is systematic trading, rule design, and backtesting; empirical testing, rule validation, and data-mining control; trend identification, moving averages, channels, and trend following.",《有效的交易系統》（2000）；參考來源：https://guides.newman.baruch.cuny.edu/c.php?g=188442&p=1243542,Trading Systems That Work (2000); Reference source: https://guides.newman.baruch.cuny.edu/c.php?g=188442&p=1243542,2 筆研究材料；2 個不同來源；1 筆高證據等級；書籍 1 筆；論文/文章 0 筆。,2 research materials; 2 distinct sources; 1 high-evidence records; 1 book records; 0 paper/article records.
trend-following,趨勢跟隨,Trend Following,trend,20,15,參考角色,Reference role,louise-yamada,40,路易絲・山田,Louise Yamada,長期趨勢,long-term trend analysis,practitioner,實戰交易代表,Market practitioner,59.4,20,3,2,2,1,0,有代表性書籍或教材可追溯；高證據等級來源較多,supported by traceable books or textbook material; has multiple high-evidence sources,適合搭配優勝者資料交叉驗證,best used for cross-checking against the winning authority,路易絲・山田的角色是「長期趨勢」，重點在股票選股、相對強弱與成長股篩選；趨勢辨識、均線、通道與趨勢跟隨；圖表型態、價格結構與支撐阻力。,"Louise Yamada is classified here as long-term trend analysis; the focus is stock selection, relative strength, and growth-stock screening; trend identification, moving averages, channels, and trend following; chart patterns, price structure, and support/resistance.",《市場魔法》（1998）；參考來源：https://cmtassociation.org/presenter/louise-yamada/；參考來源：https://www.lyadvisors.com/,Market Magic: Riding the Greatest Bull Market of the Century (1998); Reference source: https://cmtassociation.org/presenter/louise-yamada/; Reference source: https://www.lyadvisors.com/,3 筆研究材料；2 個不同來源；2 筆高證據等級；書籍 1 筆；論文/文章 0 筆。,3 research materials; 2 distinct sources; 2 high-evidence records; 1 book records; 0 paper/article records.
trend-following,趨勢跟隨,Trend Following,trend,20,16,參考角色,Reference role,richard-russell,47,理查・羅素,Richard Russell,市場趨勢,market trend analysis,practitioner,實戰交易代表,Market practitioner,58.95,19,4,3,0,0,0,可作為該指標/方法的輔助觀點,useful as a complementary view on the indicator/method,適合搭配優勝者資料交叉驗證,best used for cross-checking against the winning authority,理查・羅素的角色是「市場趨勢」，重點在技術分析基本理論與市場趨勢框架；趨勢辨識、均線、通道與趨勢跟隨。,"Richard Russell is classified here as market trend analysis; the focus is core technical-analysis theory and trend frameworks; trend identification, moving averages, channels, and trend following.",原文題名：Dow Theory Letters（1958）；參考來源：https://en.wikipedia.org/wiki/Richard_Russell_(Dow_Theory)；參考來源：https://www.fa-mag.com/news/richard-russell--publisher-of-dow-theory-letters--dies-at-91-23996.html?print=；參考來源：https://www.trendfollowing.com/2013/03/16/ep-109-richard-russell-and-dow-theory-with-michael-covel-on-trend-following-radio/,Dow Theory Letters (1958); Reference source: https://en.wikipedia.org/wiki/Richard_Russell_(Dow_Theory); Reference source: https://www.fa-mag.com/news/richard-russell--publisher-of-dow-theory-letters--dies-at-91-23996.html?print=; Reference source: https://www.trendfollowing.com/2013/03/16/ep-109-richard-russell-and-dow-theory-with-michael-covel-on-trend-following-radio/,4 筆研究材料；3 個不同來源；0 筆高證據等級；書籍 0 筆；論文/文章 0 筆。,4 research materials; 3 distinct sources; 0 high-evidence records; 0 book records; 0 paper/article records.
trend-following,趨勢跟隨,Trend Following,trend,20,17,參考角色,Reference role,nicolas-darvas,51,尼古拉斯・達瓦斯,Nicolas Darvas,突破交易,breakout trading,practitioner_author,實戰交易者兼作者,Practitioner-author,57.7,20,2,2,1,1,0,有代表性書籍或教材可追溯；高證據等級來源較多,supported by traceable books or textbook material; has multiple high-evidence sources,實戰價值高，但公開可驗證研究材料可能較少,"strong practical value, but fewer publicly verifiable research records",尼古拉斯・達瓦斯的角色是「突破交易」，重點在圖表型態、價格結構與支撐阻力；趨勢辨識、均線、通道與趨勢跟隨；股票選股、相對強弱與成長股篩選。,"Nicolas Darvas is classified here as breakout trading; the focus is chart patterns, price structure, and support/resistance; trend identification, moving averages, channels, and trend following; stock selection, relative strength, and growth-stock screening.",《我如何在股市賺到二百萬美元》（1960）；參考來源：https://en.wikipedia.org/wiki/Nicolas_Darvas,"How I Made $2,000,000 in the Stock Market (1960); Reference source: https://en.wikipedia.org/wiki/Nicolas_Darvas",2 筆研究材料；2 個不同來源；1 筆高證據等級；書籍 1 筆；論文/文章 0 筆。,2 research materials; 2 distinct sources; 1 high-evidence records; 1 book records; 0 paper/article records.
trend-following,趨勢跟隨,Trend Following,trend,20,18,參考角色,Reference role,ralph-acampora,41,拉爾夫・阿坎波拉,Ralph Acampora,市場歷史,market history,practitioner,實戰交易代表,Market practitioner,56.7,20,2,2,1,1,0,有代表性書籍或教材可追溯；高證據等級來源較多,supported by traceable books or textbook material; has multiple high-evidence sources,適合搭配優勝者資料交叉驗證,best used for cross-checking against the winning authority,拉爾夫・阿坎波拉的角色是「市場歷史」，重點在趨勢辨識、均線、通道與趨勢跟隨；圖表型態、價格結構與支撐阻力；技術分析基本理論與市場趨勢框架。,"Ralph Acampora is classified here as market history; the focus is trend identification, moving averages, channels, and trend following; chart patterns, price structure, and support/resistance; core technical-analysis theory and trend frameworks.",《第四次超級市場》（2000）；參考來源：https://www.nyif.com/faculties/acampora-ralph,The Fourth Mega-Market (2000); Reference source: https://www.nyif.com/faculties/acampora-ralph,2 筆研究材料；2 個不同來源；1 筆高證據等級；書籍 1 筆；論文/文章 0 筆。,2 research materials; 2 distinct sources; 1 high-evidence records; 1 book records; 0 paper/article records.
trend-following,趨勢跟隨,Trend Following,trend,20,19,參考角色,Reference role,victor-sperandeo,84,維克多・斯佩蘭迪奧,Victor Sperandeo,1-2-3 反轉,1-2-3 reversal,practitioner_author,實戰交易者兼作者,Practitioner-author,56.65,19,2,2,1,1,0,有代表性書籍或教材可追溯；高證據等級來源較多,supported by traceable books or textbook material; has multiple high-evidence sources,適合搭配優勝者資料交叉驗證,best used for cross-checking against the winning authority,維克多・斯佩蘭迪奧的角色是「1-2-3 反轉」，重點在圖表型態、價格結構與支撐阻力；趨勢辨識、均線、通道與趨勢跟隨。,"Victor Sperandeo is classified here as 1-2-3 reversal; the focus is chart patterns, price structure, and support/resistance; trend identification, moving averages, channels, and trend following.",《Trader Vic：華爾街大師的方法》（1991）；參考來源：https://thepatternsite.com/2B.html,Trader Vic: Methods of a Wall Street Master (1991); Reference source: https://thepatternsite.com/2B.html,2 筆研究材料；2 個不同來源；1 筆高證據等級；書籍 1 筆；論文/文章 0 筆。,2 research materials; 2 distinct sources; 1 high-evidence records; 1 book records; 0 paper/article records.
trend-following,趨勢跟隨,Trend Following,trend,20,20,參考角色,Reference role,jesse-livermore,5,傑西・李佛摩,Jesse Livermore,趨勢交易,trend trading,practitioner,實戰交易代表,Market practitioner,55.65,19,2,2,1,1,0,有代表性書籍或教材可追溯；高證據等級來源較多,supported by traceable books or textbook material; has multiple high-evidence sources,實戰價值高，但公開可驗證研究材料可能較少,"strong practical value, but fewer publicly verifiable research records",傑西・李佛摩的角色是「趨勢交易」，重點在圖表型態、價格結構與支撐阻力；趨勢辨識、均線、通道與趨勢跟隨。,"Jesse Livermore is classified here as trend trading; the focus is chart patterns, price structure, and support/resistance; trend identification, moving averages, channels, and trend following.",《如何交易股票》（1940）；參考來源：https://en.wikipedia.org/wiki/Jesse_Livermore,How to Trade in Stocks (1940); Reference source: https://en.wikipedia.org/wiki/Jesse_Livermore,2 筆研究材料；2 個不同來源；1 筆高證據等級；書籍 1 筆；論文/文章 0 筆。,2 research materials; 2 distinct sources; 1 high-evidence records; 1 book records; 0 paper/article records.
trin-arms-index,TRIN / Arms Index,Arms Index,breadth,1,1,優勝,Winner,richard-w-arms-jr,32,理查・阿姆斯,Richard W. Arms Jr.,創始者,creator,indicator_creator,技術指標創作者,Indicator creator,100.2,20,3,2,0,0,0,最接近原始定義，適合作為該指標/方法的基準版本；在原創性、資料覆蓋與專屬性綜合評分最高,"closest to the original definition and best used as the benchmark version; highest combined score for originality, evidence coverage, and indicator specificity",原始版本仍需結合後續實證與現代市場條件；優勝判斷是以本資料庫目前來源與評分規則為基準,the original version should still be checked against later evidence and modern markets; winner judgment is based on the current database sources and scoring rules,理查・阿姆斯的角色是「創始者」，重點在市場寬度、內部強弱與指數健康度判讀；量價關係、資金流與供需分析。,"Richard W. Arms Jr. is classified here as creator; the focus is market breadth, internal strength, and index health; price-volume relationships, money flow, and supply/demand.",原文題名：The Arms Index（1967）；參考來源：https://chartschool.stockcharts.com/table-of-contents/market-indicators/arms-index-trin；參考來源：https://www.investopedia.com/terms/a/arms.asp,The Arms Index (1967); Reference source: https://chartschool.stockcharts.com/table-of-contents/market-indicators/arms-index-trin; Reference source: https://www.investopedia.com/terms/a/arms.asp,3 筆研究材料；2 個不同來源；0 筆高證據等級；書籍 0 筆；論文/文章 0 筆。,3 research materials; 2 distinct sources; 0 high-evidence records; 0 book records; 0 paper/article records.
trix,TRIX,Triple Exponential Average,momentum,1,1,優勝,Winner,jack-k-hutson,66,傑克・哈特森,Jack K. Hutson,創始者,creator,indicator_creator,技術指標創作者,Indicator creator,98.65,19,2,2,1,0,1,最接近原始定義，適合作為該指標/方法的基準版本；有論文或研究文章支撐；高證據等級來源較多；在原創性、資料覆蓋與專屬性綜合評分最高,"closest to the original definition and best used as the benchmark version; supported by papers or research articles; has multiple high-evidence sources; highest combined score for originality, evidence coverage, and indicator specificity",原始版本仍需結合後續實證與現代市場條件；優勝判斷是以本資料庫目前來源與評分規則為基準,the original version should still be checked against later evidence and modern markets; winner judgment is based on the current database sources and scoring rules,傑克・哈特森的角色是「創始者」，重點在動量、超買超賣、背離與趨勢強弱。,"Jack K. Hutson is classified here as creator; the focus is momentum, overbought/oversold conditions, divergence, and trend strength.",原文題名：Good TRIX（1980）；參考來源：https://chartschool.stockcharts.com/table-of-contents/technical-indicators-and-overlays/technical-indicators/trix,Good TRIX (1980); Reference source: https://chartschool.stockcharts.com/table-of-contents/technical-indicators-and-overlays/technical-indicators/trix,2 筆研究材料；2 個不同來源；1 筆高證據等級；書籍 0 筆；論文/文章 1 筆。,2 research materials; 2 distinct sources; 1 high-evidence records; 0 book records; 1 paper/article records.
ulcer-index,Ulcer Index,Ulcer Index,risk,2,1,並列優勝,Joint winner,peter-g-martin,69,彼得・馬丁,Peter G. Martin,共同創始者,co-creator,indicator_creator,技術指標創作者,Indicator creator,106.6,18,2,2,1,1,0,最接近原始定義，適合作為該指標/方法的基準版本；有代表性書籍或教材可追溯；高證據等級來源較多；在原創性、資料覆蓋與專屬性綜合評分最高,"closest to the original definition and best used as the benchmark version; supported by traceable books or textbook material; has multiple high-evidence sources; highest combined score for originality, evidence coverage, and indicator specificity",原始版本仍需結合後續實證與現代市場條件；優勝判斷是以本資料庫目前來源與評分規則為基準,the original version should still be checked against later evidence and modern markets; winner judgment is based on the current database sources and scoring rules,彼得・馬丁的角色是「共同創始者」，重點在回撤、下行風險與資金管理。,"Peter G. Martin is classified here as co-creator; the focus is drawdown, downside risk, and money management.",《富達基金投資指南》（1989）；參考來源：https://chartschool.stockcharts.com/table-of-contents/technical-indicators-and-overlays/technical-indicators/ulcer-index,The Investor's Guide to Fidelity Funds (1989); Reference source: https://chartschool.stockcharts.com/table-of-contents/technical-indicators-and-overlays/technical-indicators/ulcer-index,2 筆研究材料；2 個不同來源；1 筆高證據等級；書籍 1 筆；論文/文章 0 筆。,2 research materials; 2 distinct sources; 1 high-evidence records; 1 book records; 0 paper/article records.
ulcer-index,Ulcer Index,Ulcer Index,risk,2,2,並列優勝,Joint winner,byron-mccann,70,拜倫・麥肯,Byron McCann,共同創始者,co-creator,indicator_creator,技術指標創作者,Indicator creator,106.6,18,2,2,1,1,0,最接近原始定義，適合作為該指標/方法的基準版本；有代表性書籍或教材可追溯；高證據等級來源較多；在原創性、資料覆蓋與專屬性綜合評分最高,"closest to the original definition and best used as the benchmark version; supported by traceable books or textbook material; has multiple high-evidence sources; highest combined score for originality, evidence coverage, and indicator specificity",原始版本仍需結合後續實證與現代市場條件；優勝判斷是以本資料庫目前來源與評分規則為基準,the original version should still be checked against later evidence and modern markets; winner judgment is based on the current database sources and scoring rules,拜倫・麥肯的角色是「共同創始者」，重點在回撤、下行風險與資金管理。,"Byron McCann is classified here as co-creator; the focus is drawdown, downside risk, and money management.",《富達基金投資指南》（1989）；參考來源：https://chartschool.stockcharts.com/table-of-contents/technical-indicators-and-overlays/technical-indicators/ulcer-index,The Investor's Guide to Fidelity Funds (1989); Reference source: https://chartschool.stockcharts.com/table-of-contents/technical-indicators-and-overlays/technical-indicators/ulcer-index,2 筆研究材料；2 個不同來源；1 筆高證據等級；書籍 1 筆；論文/文章 0 筆。,2 research materials; 2 distinct sources; 1 high-evidence records; 1 book records; 0 paper/article records.
vcp,VCP 波動收縮形態,Volatility Contraction Pattern,charting,1,1,優勝,Winner,mark-minervini,50,馬克・米勒維尼,Mark Minervini,創始/推廣者,creator/promoter,practitioner_author,實戰交易者兼作者,Practitioner-author,83.45,23,3,2,1,2,0,最接近原始定義，適合作為該指標/方法的基準版本；有代表性書籍或教材可追溯；高證據等級來源較多；在原創性、資料覆蓋與專屬性綜合評分最高,"closest to the original definition and best used as the benchmark version; supported by traceable books or textbook material; has multiple high-evidence sources; highest combined score for originality, evidence coverage, and indicator specificity",原始版本仍需結合後續實證與現代市場條件；優勝判斷是以本資料庫目前來源與評分規則為基準,the original version should still be checked against later evidence and modern markets; winner judgment is based on the current database sources and scoring rules,馬克・米勒維尼的角色是「創始/推廣者」，重點在圖表型態、價格結構與支撐阻力；股票選股、相對強弱與成長股篩選。,"Mark Minervini is classified here as creator/promoter; the focus is chart patterns, price structure, and support/resistance; stock selection, relative strength, and growth-stock screening.",《像股市魔法師一樣交易》（2013）；《像冠軍一樣思考與交易》（2017）；參考來源：https://trendspider.com/learning-center/volatility-contraction-pattern-vcp/,Trade Like a Stock Market Wizard (2013); Think and Trade Like a Champion (2017); Reference source: https://trendspider.com/learning-center/volatility-contraction-pattern-vcp/,3 筆研究材料；2 個不同來源；1 筆高證據等級；書籍 2 筆；論文/文章 0 筆。,3 research materials; 2 distinct sources; 1 high-evidence records; 2 book records; 0 paper/article records.
vidya,VIDYA 動態平均,Variable Index Dynamic Average,trend,2,1,優勝,Winner,tushar-s-chande,24,圖沙・昌德,Tushar S. Chande,創始者,creator,indicator_creator,技術指標創作者,Indicator creator,119.2,24,4,3,0,1,0,最接近原始定義，適合作為該指標/方法的基準版本；有代表性書籍或教材可追溯；在原創性、資料覆蓋與專屬性綜合評分最高,"closest to the original definition and best used as the benchmark version; supported by traceable books or textbook material; highest combined score for originality, evidence coverage, and indicator specificity",原始版本仍需結合後續實證與現代市場條件；優勝判斷是以本資料庫目前來源與評分規則為基準,the original version should still be checked against later evidence and modern markets; winner judgment is based on the current database sources and scoring rules,圖沙・昌德的角色是「創始者」，重點在趨勢辨識、均線、通道與趨勢跟隨；動量、超買超賣、背離與趨勢強弱。,"Tushar S. Chande is classified here as creator; the focus is trend identification, moving averages, channels, and trend following; momentum, overbought/oversold conditions, divergence, and trend strength.",《新技術交易者》（1994）；參考來源：https://chartschool.stockcharts.com/table-of-contents/technical-indicators-and-overlays/technical-indicators/aroon；參考來源：https://www.fidelity.com/learning-center/trading-investing/technical-analysis/technical-indicator-guide/cmo；參考來源：https://www.investopedia.com/terms/s/stochrsi.asp,The New Technical Trader (1994); Reference source: https://chartschool.stockcharts.com/table-of-contents/technical-indicators-and-overlays/technical-indicators/aroon; Reference source: https://www.fidelity.com/learning-center/trading-investing/technical-analysis/technical-indicator-guide/cmo; Reference source: https://www.investopedia.com/terms/s/stochrsi.asp,4 筆研究材料；3 個不同來源；0 筆高證據等級；書籍 1 筆；論文/文章 0 筆。,4 research materials; 3 distinct sources; 0 high-evidence records; 1 book records; 0 paper/article records.
vidya,VIDYA 動態平均,Variable Index Dynamic Average,trend,2,2,重要補充,Important complement,stanley-kroll,25,史丹利・克羅爾,Stanley Kroll,共同作者,co-author,indicator_creator,技術指標創作者,Indicator creator,76.1,18,3,2,0,1,0,有代表性書籍或教材可追溯,supported by traceable books or textbook material,偏整理或推廣，原創性通常低於指標創作者,"more synthetic/promotional, usually less original than the indicator creator",史丹利・克羅爾的角色是「共同作者」，重點在動量、超買超賣、背離與趨勢強弱；趨勢辨識、均線、通道與趨勢跟隨；系統交易、規則設計與回測流程。,"Stanley Kroll is classified here as co-author; the focus is momentum, overbought/oversold conditions, divergence, and trend strength; trend identification, moving averages, channels, and trend following; systematic trading, rule design, and backtesting.",《新技術交易者》（1994）；參考來源：https://www.fxcorporate.com/help/MS/LOGOUT/i_Vidya.html；參考來源：https://www.investopedia.com/terms/s/stochrsi.asp,The New Technical Trader (1994); Reference source: https://www.fxcorporate.com/help/MS/LOGOUT/i_Vidya.html; Reference source: https://www.investopedia.com/terms/s/stochrsi.asp,3 筆研究材料；2 個不同來源；0 筆高證據等級；書籍 1 筆；論文/文章 0 筆。,3 research materials; 2 distinct sources; 0 high-evidence records; 1 book records; 0 paper/article records.
volatility,波動率,Volatility,volatility,4,1,優勝,Winner,john-bollinger,21,約翰・布林格,John Bollinger,波動通道,volatility bands,indicator_creator,技術指標創作者,Indicator creator,85.7,24,3,3,1,1,0,有代表性書籍或教材可追溯；高證據等級來源較多；在原創性、資料覆蓋與專屬性綜合評分最高,"supported by traceable books or textbook material; has multiple high-evidence sources; highest combined score for originality, evidence coverage, and indicator specificity",適合搭配優勝者資料交叉驗證；優勝判斷是以本資料庫目前來源與評分規則為基準,best used for cross-checking against the winning authority; winner judgment is based on the current database sources and scoring rules,約翰・布林格的角色是「波動通道」，重點在波動率、通道寬度與風險環境。,"John Bollinger is classified here as volatility bands; the focus is volatility, channel width, and risk regimes.",《布林格談布林通道》（2001）；參考來源：https://www.bollingerbands.com/；參考來源：https://www.bollingercapital.com/team,Bollinger on Bollinger Bands (2001); Reference source: https://www.bollingerbands.com/; Reference source: https://www.bollingercapital.com/team,3 筆研究材料；3 個不同來源；1 筆高證據等級；書籍 1 筆；論文/文章 0 筆。,3 research materials; 3 distinct sources; 1 high-evidence records; 1 book records; 0 paper/article records.
volatility,波動率,Volatility,volatility,4,2,參考角色,Reference role,andrew-thrasher,95,安德魯・思拉舍,Andrew Thrasher,波動/風險,volatility/risk,researcher,技術研究者,Technical researcher,64.7,20,3,3,3,0,2,有論文或研究文章支撐；高證據等級來源較多,supported by papers or research articles; has multiple high-evidence sources,適合搭配優勝者資料交叉驗證,best used for cross-checking against the winning authority,安德魯・思拉舍的角色是「波動/風險」，重點在波動率、通道寬度與風險環境；市場情緒、逆向指標與群眾心理；市場寬度、內部強弱與指數健康度判讀。,"Andrew Thrasher is classified here as volatility/risk; the focus is volatility, channel width, and risk regimes; sentiment, contrarian indicators, and crowd psychology; market breadth, internal strength, and index health.",原文題名：Forecasting a Volatility Tsunami（2017）；原文題名：The 5% Canary（2023）；參考來源：https://cmtassociation.org/association/award-recognizing/charles-h-dow-award/,Forecasting a Volatility Tsunami (2017); The 5% Canary (2023); Reference source: https://cmtassociation.org/association/award-recognizing/charles-h-dow-award/,3 筆研究材料；3 個不同來源；3 筆高證據等級；書籍 0 筆；論文/文章 2 筆。,3 research materials; 3 distinct sources; 3 high-evidence records; 0 book records; 2 paper/article records.
volatility,波動率,Volatility,volatility,4,3,參考角色,Reference role,alex-spiroglou,96,亞歷克斯・斯皮羅格魯,Alex Spiroglou,波動標準化動量,volatility-normalized momentum,researcher,技術研究者,Technical researcher,61.85,21,2,2,2,0,1,有論文或研究文章支撐；高證據等級來源較多,supported by papers or research articles; has multiple high-evidence sources,適合搭配優勝者資料交叉驗證,best used for cross-checking against the winning authority,亞歷克斯・斯皮羅格魯的角色是「波動標準化動量」，重點在動量、超買超賣、背離與趨勢強弱；波動率、通道寬度與風險環境。,"Alex Spiroglou is classified here as volatility-normalized momentum; the focus is momentum, overbought/oversold conditions, divergence, and trend strength; volatility, channel width, and risk regimes.",原文題名：MACD-V: Volatility Normalised Momentum（2022）；參考來源：https://cmtassociation.org/association/award-recognizing/charles-h-dow-award/,MACD-V: Volatility Normalised Momentum (2022); Reference source: https://cmtassociation.org/association/award-recognizing/charles-h-dow-award/,2 筆研究材料；2 個不同來源；2 筆高證據等級；書籍 0 筆；論文/文章 1 筆。,2 research materials; 2 distinct sources; 2 high-evidence records; 0 book records; 1 paper/article records.
volatility,波動率,Volatility,volatility,4,4,參考角色,Reference role,toby-crabel,83,托比・克拉貝爾,Toby Crabel,波動擴張,volatility expansion,practitioner_author,實戰交易者兼作者,Practitioner-author,57.7,20,2,2,1,1,0,有代表性書籍或教材可追溯；高證據等級來源較多,supported by traceable books or textbook material; has multiple high-evidence sources,適合搭配優勝者資料交叉驗證,best used for cross-checking against the winning authority,托比・克拉貝爾的角色是「波動擴張」，重點在突破、波動擴張與開盤區間交易；圖表型態、價格結構與支撐阻力；波動率、通道寬度與風險環境。,"Toby Crabel is classified here as volatility expansion; the focus is breakouts, volatility expansion, and opening-range trading; chart patterns, price structure, and support/resistance; volatility, channel width, and risk regimes.",《短線價格型態與開盤區間突破日內交易》（1990）；參考來源：https://oxfordstrat.com/trading-strategies/toby-crabel-narrow-range-1/,Day Trading with Short Term Price Patterns and Opening Range Breakout (1990); Reference source: https://oxfordstrat.com/trading-strategies/toby-crabel-narrow-range-1/,2 筆研究材料；2 個不同來源；1 筆高證據等級；書籍 1 筆；論文/文章 0 筆。,2 research materials; 2 distinct sources; 1 high-evidence records; 1 book records; 0 paper/article records.
volume-analysis,成交量分析,Volume Analysis,volume,13,1,優勝,Winner,richard-d-wyckoff,4,理查・威科夫,Richard D. Wyckoff,量價分析,price-volume analysis,foundation,理論奠基者,Foundational theorist,87.8,24,3,3,2,2,0,有代表性書籍或教材可追溯；高證據等級來源較多；在原創性、資料覆蓋與專屬性綜合評分最高,"supported by traceable books or textbook material; has multiple high-evidence sources; highest combined score for originality, evidence coverage, and indicator specificity",適合搭配優勝者資料交叉驗證；優勝判斷是以本資料庫目前來源與評分規則為基準,best used for cross-checking against the winning authority; winner judgment is based on the current database sources and scoring rules,理查・威科夫的角色是「量價分析」，重點在量價關係、資金流與供需分析；圖表型態、價格結構與支撐阻力。,"Richard D. Wyckoff is classified here as price-volume analysis; the focus is price-volume relationships, money flow, and supply/demand; chart patterns, price structure, and support/resistance.",《讀帶研究》（1910）；《我如何交易與投資股票和債券》（1924）；參考來源：https://chartschool.stockcharts.com/table-of-contents/market-analysis/wyckoff-analysis-articles/the-wyckoff-method-a-tutorial,Studies in Tape Reading (1910); How I Trade and Invest in Stocks and Bonds (1924); Reference source: https://chartschool.stockcharts.com/table-of-contents/market-analysis/wyckoff-analysis-articles/the-wyckoff-method-a-tutorial,3 筆研究材料；3 個不同來源；2 筆高證據等級；書籍 2 筆；論文/文章 0 筆。,3 research materials; 3 distinct sources; 2 high-evidence records; 2 book records; 0 paper/article records.
volume-analysis,成交量分析,Volume Analysis,volume,13,2,重要補充,Important complement,joseph-granville,29,約瑟夫・格蘭維爾,Joseph Granville,量價分析,price-volume analysis,indicator_creator,技術指標創作者,Indicator creator,75.1,22,4,3,0,1,0,有代表性書籍或教材可追溯,supported by traceable books or textbook material,適合搭配優勝者資料交叉驗證,best used for cross-checking against the winning authority,約瑟夫・格蘭維爾的角色是「量價分析」，重點在量價關係、資金流與供需分析。,"Joseph Granville is classified here as price-volume analysis; the focus is price-volume relationships, money flow, and supply/demand.",《格蘭維爾股市獲利新鑰》（1963）；參考來源：https://books.google.com/books/about/New_Key_to_Stock_Market_Profits.html?id=Z8xl5AAACAAJ；參考來源：https://openlibrary.org/works/OL3510350W/New_key_to_stock_market_profits；參考來源：https://www.investopedia.com/terms/o/onbalancevolume.asp,Granville's New Key to Stock Market Profits (1963); Reference source: https://books.google.com/books/about/New_Key_to_Stock_Market_Profits.html?id=Z8xl5AAACAAJ; Reference source: https://openlibrary.org/works/OL3510350W/New_key_to_stock_market_profits; Reference source: https://www.investopedia.com/terms/o/onbalancevolume.asp,4 筆研究材料；3 個不同來源；0 筆高證據等級；書籍 1 筆；論文/文章 0 筆。,4 research materials; 3 distinct sources; 0 high-evidence records; 1 book records; 0 paper/article records.
volume-analysis,成交量分析,Volume Analysis,volume,13,3,重要補充,Important complement,buff-dormeier,94,巴夫・多米爾,Buff Dormeier,量價研究,price-volume research,researcher_author,研究者兼作者,Researcher-author,71.8,22,3,3,3,1,1,有代表性書籍或教材可追溯；有論文或研究文章支撐；高證據等級來源較多,supported by traceable books or textbook material; supported by papers or research articles; has multiple high-evidence sources,適合搭配優勝者資料交叉驗證,best used for cross-checking against the winning authority,巴夫・多米爾的角色是「量價研究」，重點在量價關係、資金流與供需分析；市場寬度、內部強弱與指數健康度判讀；實證檢驗、規則驗證與資料探勘風險控制。,"Buff Dormeier is classified here as price-volume research; the focus is price-volume relationships, money flow, and supply/demand; market breadth, internal strength, and index health; empirical testing, rule validation, and data-mining control.",原文題名：Price and Volume: Digging Deeper（2007）；《成交量分析投資法》（2011）；參考來源：https://cmtassociation.org/association/award-recognizing/charles-h-dow-award/,Price and Volume: Digging Deeper (2007); Investing with Volume Analysis (2011); Reference source: https://cmtassociation.org/association/award-recognizing/charles-h-dow-award/,3 筆研究材料；3 個不同來源；3 筆高證據等級；書籍 1 筆；論文/文章 1 筆。,3 research materials; 3 distinct sources; 3 high-evidence records; 1 book records; 1 paper/article records.
volume-analysis,成交量分析,Volume Analysis,volume,13,4,重要補充,Important complement,j-peter-steidlmayer,80,彼得・史戴梅爾,J. Peter Steidlmayer,價格時間分佈,time-price distribution,indicator_creator,技術指標創作者,Indicator creator,70.4,22,3,2,1,2,0,有代表性書籍或教材可追溯；高證據等級來源較多,supported by traceable books or textbook material; has multiple high-evidence sources,適合搭配優勝者資料交叉驗證,best used for cross-checking against the winning authority,彼得・史戴梅爾的角色是「價格時間分佈」，重點在拍賣市場結構、價值區與成交分佈判讀；量價關係、資金流與供需分析；圖表型態、價格結構與支撐阻力。,"J. Peter Steidlmayer is classified here as time-price distribution; the focus is auction-market structure, value areas, and distribution analysis; price-volume relationships, money flow, and supply/demand; chart patterns, price structure, and support/resistance.",《市場與市場邏輯》（1986）；《史戴梅爾談市場》（1989）；參考來源：https://www.profiletrading.com/about/,Markets and Market Logic (1986); Steidlmayer on Markets (1989); Reference source: https://www.profiletrading.com/about/,3 筆研究材料；2 個不同來源；1 筆高證據等級；書籍 2 筆；論文/文章 0 筆。,3 research materials; 2 distinct sources; 1 high-evidence records; 2 book records; 0 paper/article records.
volume-analysis,成交量分析,Volume Analysis,volume,13,5,參考角色,Reference role,steven-b-achelis,16,史蒂文・阿契利斯,Steven B. Achelis,百科作者,encyclopedia author,author,經典著作作者,Classic author,67.65,19,2,2,1,1,0,有代表性書籍或教材可追溯；高證據等級來源較多,supported by traceable books or textbook material; has multiple high-evidence sources,偏整理或推廣，原創性通常低於指標創作者,"more synthetic/promotional, usually less original than the indicator creator",史蒂文・阿契利斯的角色是「百科作者」，重點在趨勢辨識、均線、通道與趨勢跟隨；動量、超買超賣、背離與趨勢強弱；量價關係、資金流與供需分析。,"Steven B. Achelis is classified here as encyclopedia author; the focus is trend identification, moving averages, channels, and trend following; momentum, overbought/oversold conditions, divergence, and trend strength; price-volume relationships, money flow, and supply/demand.",《技術分析 A 到 Z》（1995）；參考來源：https://guides.newman.baruch.cuny.edu/c.php?g=188442&p=1243542,Technical Analysis from A to Z (1995); Reference source: https://guides.newman.baruch.cuny.edu/c.php?g=188442&p=1243542,2 筆研究材料；2 個不同來源；1 筆高證據等級；書籍 1 筆；論文/文章 0 筆。,2 research materials; 2 distinct sources; 1 high-evidence records; 1 book records; 0 paper/article records.
volume-analysis,成交量分析,Volume Analysis,volume,13,6,參考角色,Reference role,marc-chaikin,28,馬克・柴金,Marc Chaikin,量價/資金流,price-volume / money-flow analysis,indicator_creator,技術指標創作者,Indicator creator,67.2,20,3,2,0,0,0,可作為該指標/方法的輔助觀點,useful as a complementary view on the indicator/method,適合搭配優勝者資料交叉驗證,best used for cross-checking against the winning authority,馬克・柴金的角色是「量價/資金流」，重點在量價關係、資金流與供需分析。,"Marc Chaikin is classified here as price-volume / money-flow analysis; the focus is price-volume relationships, money flow, and supply/demand.",原文題名：Chaikin Money Flow；參考來源：https://chaikinanalytics.com/；參考來源：https://www.fidelity.com/learning-center/trading-investing/technical-analysis/technical-indicator-guide/cmf,Chaikin Money Flow; Reference source: https://chaikinanalytics.com/; Reference source: https://www.fidelity.com/learning-center/trading-investing/technical-analysis/technical-indicator-guide/cmf,3 筆研究材料；2 個不同來源；0 筆高證據等級；書籍 0 筆；論文/文章 0 筆。,3 research materials; 2 distinct sources; 0 high-evidence records; 0 book records; 0 paper/article records.
volume-analysis,成交量分析,Volume Analysis,volume,13,7,參考角色,Reference role,richard-w-arms-jr,32,理查・阿姆斯,Richard W. Arms Jr.,成交量廣度,volume breadth,indicator_creator,技術指標創作者,Indicator creator,67.2,20,3,2,0,0,0,可作為該指標/方法的輔助觀點,useful as a complementary view on the indicator/method,適合搭配優勝者資料交叉驗證,best used for cross-checking against the winning authority,理查・阿姆斯的角色是「成交量廣度」，重點在市場寬度、內部強弱與指數健康度判讀；量價關係、資金流與供需分析。,"Richard W. Arms Jr. is classified here as volume breadth; the focus is market breadth, internal strength, and index health; price-volume relationships, money flow, and supply/demand.",原文題名：The Arms Index（1967）；參考來源：https://chartschool.stockcharts.com/table-of-contents/market-indicators/arms-index-trin；參考來源：https://www.investopedia.com/terms/a/arms.asp,The Arms Index (1967); Reference source: https://chartschool.stockcharts.com/table-of-contents/market-indicators/arms-index-trin; Reference source: https://www.investopedia.com/terms/a/arms.asp,3 筆研究材料；2 個不同來源；0 筆高證據等級；書籍 0 筆；論文/文章 0 筆。,3 research materials; 2 distinct sources; 0 high-evidence records; 0 book records; 0 paper/article records.
volume-analysis,成交量分析,Volume Analysis,volume,13,8,參考角色,Reference role,gene-quong,67,金・匡,Gene Quong,量價動量,price-volume momentum,indicator_creator,技術指標創作者,Indicator creator,66.85,17,4,3,0,0,0,可作為該指標/方法的輔助觀點,useful as a complementary view on the indicator/method,適合搭配優勝者資料交叉驗證,best used for cross-checking against the winning authority,金・匡的角色是「量價動量」，重點在量價關係、資金流與供需分析。,"Gene Quong is classified here as price-volume momentum; the focus is price-volume relationships, money flow, and supply/demand.",原文題名：Money Flow Index（1989）；參考來源：https://help.stockstrader.com/en/support/solutions/articles/33000210228-money-flow-index-mfi-；參考來源：https://library.tradingtechnologies.com/trade/chrt-ti-money-flow-index.html；參考來源：https://www.tradingview.com/support/solutions/43000502348-money-flow-mfi/,Money Flow Index (1989); Reference source: https://help.stockstrader.com/en/support/solutions/articles/33000210228-money-flow-index-mfi-; Reference source: https://library.tradingtechnologies.com/trade/chrt-ti-money-flow-index.html; Reference source: https://www.tradingview.com/support/solutions/43000502348-money-flow-mfi/,4 筆研究材料；3 個不同來源；0 筆高證據等級；書籍 0 筆；論文/文章 0 筆。,4 research materials; 3 distinct sources; 0 high-evidence records; 0 book records; 0 paper/article records.
volume-analysis,成交量分析,Volume Analysis,volume,13,9,參考角色,Reference role,avrum-soudack,68,阿夫魯姆・蘇達克,Avrum Soudack,量價動量,price-volume momentum,indicator_creator,技術指標創作者,Indicator creator,66.85,17,4,3,0,0,0,可作為該指標/方法的輔助觀點,useful as a complementary view on the indicator/method,適合搭配優勝者資料交叉驗證,best used for cross-checking against the winning authority,阿夫魯姆・蘇達克的角色是「量價動量」，重點在量價關係、資金流與供需分析。,"Avrum Soudack is classified here as price-volume momentum; the focus is price-volume relationships, money flow, and supply/demand.",原文題名：Money Flow Index（1989）；參考來源：https://help.stockstrader.com/en/support/solutions/articles/33000210228-money-flow-index-mfi-；參考來源：https://library.tradingtechnologies.com/trade/chrt-ti-money-flow-index.html；參考來源：https://www.tradingview.com/support/solutions/43000502348-money-flow-mfi/,Money Flow Index (1989); Reference source: https://help.stockstrader.com/en/support/solutions/articles/33000210228-money-flow-index-mfi-; Reference source: https://library.tradingtechnologies.com/trade/chrt-ti-money-flow-index.html; Reference source: https://www.tradingview.com/support/solutions/43000502348-money-flow-mfi/,4 筆研究材料；3 個不同來源；0 筆高證據等級；書籍 0 筆；論文/文章 0 筆。,4 research materials; 3 distinct sources; 0 high-evidence records; 0 book records; 0 paper/article records.
volume-analysis,成交量分析,Volume Analysis,volume,13,10,參考角色,Reference role,tom-williams,76,湯姆・威廉斯,Tom Williams,量價差,volume-spread analysis,indicator_specialist,指標專題專家,Indicator specialist,62.4,18,3,3,1,1,0,有代表性書籍或教材可追溯；高證據等級來源較多,supported by traceable books or textbook material; has multiple high-evidence sources,適合搭配優勝者資料交叉驗證,best used for cross-checking against the winning authority,湯姆・威廉斯的角色是「量價差」，重點在量價關係、資金流與供需分析。,"Tom Williams is classified here as volume-spread analysis; the focus is price-volume relationships, money flow, and supply/demand.",《掌握市場》（1993）；參考來源：https://www.acmetrades.com/tom-williams；參考來源：https://www.tradeguider.com/resource_center1.asp,Master the Markets (1993); Reference source: https://www.acmetrades.com/tom-williams; Reference source: https://www.tradeguider.com/resource_center1.asp,3 筆研究材料；3 個不同來源；1 筆高證據等級；書籍 1 筆；論文/文章 0 筆。,3 research materials; 3 distinct sources; 1 high-evidence records; 1 book records; 0 paper/article records.
volume-analysis,成交量分析,Volume Analysis,volume,13,11,參考角色,Reference role,hank-pruden,74,漢克・普魯登,Hank Pruden,供需/量價,supply/demand and price-volume work,educator,技術分析教育者,Technical-analysis educator,61.55,21,3,3,1,1,0,有代表性書籍或教材可追溯；高證據等級來源較多,supported by traceable books or textbook material; has multiple high-evidence sources,適合搭配優勝者資料交叉驗證,best used for cross-checking against the winning authority,漢克・普魯登的角色是「供需/量價」，重點在量價關係、資金流與供需分析；系統交易、規則設計與回測流程。,"Hank Pruden is classified here as supply/demand and price-volume work; the focus is price-volume relationships, money flow, and supply/demand; systematic trading, rule design, and backtesting.",《頂尖交易的三項技能》（2007）；參考來源：https://chartschool.stockcharts.com/table-of-contents/market-analysis/wyckoff-analysis-articles/the-wyckoff-method-a-tutorial；參考來源：https://www.wyckoffanalytics.com/hank-pruden/,The Three Skills of Top Trading (2007); Reference source: https://chartschool.stockcharts.com/table-of-contents/market-analysis/wyckoff-analysis-articles/the-wyckoff-method-a-tutorial; Reference source: https://www.wyckoffanalytics.com/hank-pruden/,3 筆研究材料；3 個不同來源；1 筆高證據等級；書籍 1 筆；論文/文章 0 筆。,3 research materials; 3 distinct sources; 1 high-evidence records; 1 book records; 0 paper/article records.
volume-analysis,成交量分析,Volume Analysis,volume,13,12,參考角色,Reference role,stan-weinstein,48,史坦・溫斯坦,Stan Weinstein,突破量能,breakout volume,author,經典著作作者,Classic author,60.25,21,3,2,0,1,0,有代表性書籍或教材可追溯,supported by traceable books or textbook material,適合搭配優勝者資料交叉驗證,best used for cross-checking against the winning authority,史坦・溫斯坦的角色是「突破量能」，重點在趨勢辨識、均線、通道與趨勢跟隨；股票選股、相對強弱與成長股篩選；量價關係、資金流與供需分析。,"Stan Weinstein is classified here as breakout volume; the focus is trend identification, moving averages, channels, and trend following; stock selection, relative strength, and growth-stock screening; price-volume relationships, money flow, and supply/demand.",《牛熊市場獲利祕訣》（1988）；參考來源：https://www.investopedia.com/articles/investing/070715/trading-stage-analysis.asp；參考來源：https://www.stageanalysis.net/,Secrets for Profiting in Bull and Bear Markets (1988); Reference source: https://www.investopedia.com/articles/investing/070715/trading-stage-analysis.asp; Reference source: https://www.stageanalysis.net/,3 筆研究材料；2 個不同來源；0 筆高證據等級；書籍 1 筆；論文/文章 0 筆。,3 research materials; 2 distinct sources; 0 high-evidence records; 1 book records; 0 paper/article records.
volume-analysis,成交量分析,Volume Analysis,volume,13,13,參考角色,Reference role,david-weis,75,大衛・韋斯,David Weis,Weis Wave,Weis Wave,educator,技術分析教育者,Technical-analysis educator,59.3,20,3,2,1,1,0,有代表性書籍或教材可追溯；高證據等級來源較多,supported by traceable books or textbook material; has multiple high-evidence sources,適合搭配優勝者資料交叉驗證,best used for cross-checking against the winning authority,大衛・韋斯的角色是「Weis Wave」，重點在量價關係、資金流與供需分析；圖表型態、價格結構與支撐阻力。,"David Weis is classified here as Weis Wave; the focus is price-volume relationships, money flow, and supply/demand; chart patterns, price structure, and support/resistance.",《即將發生的交易》（2013）；參考來源：https://books.google.com/books/about/Trades_About_to_Happen.html?id=IPw1CgAAQBAJ；參考來源：https://www.wyckoffanalytics.com/david-weis/,Trades About to Happen (2013); Reference source: https://books.google.com/books/about/Trades_About_to_Happen.html?id=IPw1CgAAQBAJ; Reference source: https://www.wyckoffanalytics.com/david-weis/,3 筆研究材料；2 個不同來源；1 筆高證據等級；書籍 1 筆；論文/文章 0 筆。,3 research materials; 2 distinct sources; 1 high-evidence records; 1 book records; 0 paper/article records.
volume-spread-analysis,VSA 量價差分析,Volume Spread Analysis,volume,1,1,優勝,Winner,tom-williams,76,湯姆・威廉斯,Tom Williams,創始/推廣者,creator/promoter,indicator_specialist,指標專題專家,Indicator specialist,83.4,18,3,3,1,1,0,最接近原始定義，適合作為該指標/方法的基準版本；有代表性書籍或教材可追溯；高證據等級來源較多；在原創性、資料覆蓋與專屬性綜合評分最高,"closest to the original definition and best used as the benchmark version; supported by traceable books or textbook material; has multiple high-evidence sources; highest combined score for originality, evidence coverage, and indicator specificity",原始版本仍需結合後續實證與現代市場條件；優勝判斷是以本資料庫目前來源與評分規則為基準,the original version should still be checked against later evidence and modern markets; winner judgment is based on the current database sources and scoring rules,湯姆・威廉斯的角色是「創始/推廣者」，重點在量價關係、資金流與供需分析。,"Tom Williams is classified here as creator/promoter; the focus is price-volume relationships, money flow, and supply/demand.",《掌握市場》（1993）；參考來源：https://www.acmetrades.com/tom-williams；參考來源：https://www.tradeguider.com/resource_center1.asp,Master the Markets (1993); Reference source: https://www.acmetrades.com/tom-williams; Reference source: https://www.tradeguider.com/resource_center1.asp,3 筆研究材料；3 個不同來源；1 筆高證據等級；書籍 1 筆；論文/文章 0 筆。,3 research materials; 3 distinct sources; 1 high-evidence records; 1 book records; 0 paper/article records.
vortex-indicator,Vortex 指標,Vortex Indicator,trend,2,1,並列優勝,Joint winner,etienne-botes,71,艾蒂安・博特斯,Etienne Botes,共同創始者,co-creator,indicator_creator,技術指標創作者,Indicator creator,111.5,20,3,3,1,0,1,最接近原始定義，適合作為該指標/方法的基準版本；有論文或研究文章支撐；高證據等級來源較多；在原創性、資料覆蓋與專屬性綜合評分最高,"closest to the original definition and best used as the benchmark version; supported by papers or research articles; has multiple high-evidence sources; highest combined score for originality, evidence coverage, and indicator specificity",原始版本仍需結合後續實證與現代市場條件；優勝判斷是以本資料庫目前來源與評分規則為基準,the original version should still be checked against later evidence and modern markets; winner judgment is based on the current database sources and scoring rules,艾蒂安・博特斯的角色是「共同創始者」，重點在趨勢辨識、均線、通道與趨勢跟隨。,"Etienne Botes is classified here as co-creator; the focus is trend identification, moving averages, channels, and trend following.",《Vortex 指標》（2010）；參考來源：https://traders.com/documentation/feedbk_docs/2010/01/Botes.html；參考來源：https://www.investopedia.com/terms/v/vortex-indicator-vi.asp,The Vortex Indicator (2010); Reference source: https://traders.com/documentation/feedbk_docs/2010/01/Botes.html; Reference source: https://www.investopedia.com/terms/v/vortex-indicator-vi.asp,3 筆研究材料；3 個不同來源；1 筆高證據等級；書籍 0 筆；論文/文章 1 筆。,3 research materials; 3 distinct sources; 1 high-evidence records; 0 book records; 1 paper/article records.
vortex-indicator,Vortex 指標,Vortex Indicator,trend,2,2,並列優勝,Joint winner,douglas-siepman,72,道格拉斯・西普曼,Douglas Siepman,共同創始者,co-creator,indicator_creator,技術指標創作者,Indicator creator,111.5,20,3,3,1,0,1,最接近原始定義，適合作為該指標/方法的基準版本；有論文或研究文章支撐；高證據等級來源較多；在原創性、資料覆蓋與專屬性綜合評分最高,"closest to the original definition and best used as the benchmark version; supported by papers or research articles; has multiple high-evidence sources; highest combined score for originality, evidence coverage, and indicator specificity",原始版本仍需結合後續實證與現代市場條件；優勝判斷是以本資料庫目前來源與評分規則為基準,the original version should still be checked against later evidence and modern markets; winner judgment is based on the current database sources and scoring rules,道格拉斯・西普曼的角色是「共同創始者」，重點在趨勢辨識、均線、通道與趨勢跟隨。,"Douglas Siepman is classified here as co-creator; the focus is trend identification, moving averages, channels, and trend following.",《Vortex 指標》（2010）；參考來源：https://traders.com/documentation/feedbk_docs/2010/01/Botes.html；參考來源：https://www.investopedia.com/terms/v/vortex-indicator-vi.asp,The Vortex Indicator (2010); Reference source: https://traders.com/documentation/feedbk_docs/2010/01/Botes.html; Reference source: https://www.investopedia.com/terms/v/vortex-indicator-vi.asp,3 筆研究材料；3 個不同來源；1 筆高證據等級；書籍 0 筆；論文/文章 1 筆。,3 research materials; 3 distinct sources; 1 high-evidence records; 0 book records; 1 paper/article records.
vwap,VWAP / Anchored VWAP,VWAP / Anchored VWAP,volume,1,1,優勝,Winner,brian-shannon,52,布萊恩・香農,Brian Shannon,Anchored VWAP 推廣者,Anchored VWAP promoter,author_practitioner,作者兼實戰交易者,Author-practitioner,71.4,20,3,2,2,2,0,有代表性書籍或教材可追溯；高證據等級來源較多；在原創性、資料覆蓋與專屬性綜合評分最高,"supported by traceable books or textbook material; has multiple high-evidence sources; highest combined score for originality, evidence coverage, and indicator specificity",偏整理或推廣，原創性通常低於指標創作者；優勝判斷是以本資料庫目前來源與評分規則為基準,"more synthetic/promotional, usually less original than the indicator creator; winner judgment is based on the current database sources and scoring rules",布萊恩・香農的角色是「Anchored VWAP 推廣者」，重點在量價關係、資金流與供需分析；圖表型態、價格結構與支撐阻力。,"Brian Shannon is classified here as Anchored VWAP promoter; the focus is price-volume relationships, money flow, and supply/demand; chart patterns, price structure, and support/resistance.",《多時間框架技術分析》（2008）；《用 Anchored VWAP 提高交易收益》（2023）；參考來源：https://books.google.com/books/about/Maximum_Trading_Gains_With_Anchored_VWAP.html?id=p3aCzwEACAAJ,Technical Analysis Using Multiple Timeframes (2008); Maximum Trading Gains with Anchored VWAP (2023); Reference source: https://books.google.com/books/about/Maximum_Trading_Gains_With_Anchored_VWAP.html?id=p3aCzwEACAAJ,3 筆研究材料；2 個不同來源；2 筆高證據等級；書籍 2 筆；論文/文章 0 筆。,3 research materials; 2 distinct sources; 2 high-evidence records; 2 book records; 0 paper/article records.
williams-r,Williams %R,Williams %R,momentum,1,1,優勝,Winner,larry-williams,27,拉瑞・威廉斯,Larry Williams,創始者,creator,indicator_creator,技術指標創作者,Indicator creator,109.4,24,4,3,2,1,1,最接近原始定義，適合作為該指標/方法的基準版本；有代表性書籍或教材可追溯；有論文或研究文章支撐；高證據等級來源較多；在原創性、資料覆蓋與專屬性綜合評分最高,"closest to the original definition and best used as the benchmark version; supported by traceable books or textbook material; supported by papers or research articles; has multiple high-evidence sources; highest combined score for originality, evidence coverage, and indicator specificity",原始版本仍需結合後續實證與現代市場條件；優勝判斷是以本資料庫目前來源與評分規則為基準,the original version should still be checked against later evidence and modern markets; winner judgment is based on the current database sources and scoring rules,拉瑞・威廉斯的角色是「創始者」，重點在動量、超買超賣、背離與趨勢強弱；市場寬度、內部強弱與指數健康度判讀。,"Larry Williams is classified here as creator; the focus is momentum, overbought/oversold conditions, divergence, and trend strength; market breadth, internal strength, and index health.",《我去年如何交易商品賺進一百萬美元》（1979）；原文題名：The Ripple Effect of Daily New Lows（2024）；參考來源：https://cmtassociation.org/association/award-recognizing/charles-h-dow-award/；參考來源：https://www.fidelity.com/learning-center/trading-investing/technical-analysis/technical-indicator-guide/williams-r,How I Made One Million Dollars Last Year Trading Commodities (1979); The Ripple Effect of Daily New Lows (2024); Reference source: https://cmtassociation.org/association/award-recognizing/charles-h-dow-award/; Reference source: https://www.fidelity.com/learning-center/trading-investing/technical-analysis/technical-indicator-guide/williams-r,4 筆研究材料；3 個不同來源；2 筆高證據等級；書籍 1 筆；論文/文章 1 筆。,4 research materials; 3 distinct sources; 2 high-evidence records; 1 book records; 1 paper/article records.
wyckoff-method,威科夫方法,Wyckoff Method,volume,4,1,優勝,Winner,richard-d-wyckoff,4,理查・威科夫,Richard D. Wyckoff,創始者,creator,foundation,理論奠基者,Foundational theorist,114.8,24,3,3,2,2,0,最接近原始定義，適合作為該指標/方法的基準版本；有代表性書籍或教材可追溯；高證據等級來源較多；在原創性、資料覆蓋與專屬性綜合評分最高,"closest to the original definition and best used as the benchmark version; supported by traceable books or textbook material; has multiple high-evidence sources; highest combined score for originality, evidence coverage, and indicator specificity",原始版本仍需結合後續實證與現代市場條件；優勝判斷是以本資料庫目前來源與評分規則為基準,the original version should still be checked against later evidence and modern markets; winner judgment is based on the current database sources and scoring rules,理查・威科夫的角色是「創始者」，重點在量價關係、資金流與供需分析；圖表型態、價格結構與支撐阻力。,"Richard D. Wyckoff is classified here as creator; the focus is price-volume relationships, money flow, and supply/demand; chart patterns, price structure, and support/resistance.",《讀帶研究》（1910）；《我如何交易與投資股票和債券》（1924）；參考來源：https://chartschool.stockcharts.com/table-of-contents/market-analysis/wyckoff-analysis-articles/the-wyckoff-method-a-tutorial,Studies in Tape Reading (1910); How I Trade and Invest in Stocks and Bonds (1924); Reference source: https://chartschool.stockcharts.com/table-of-contents/market-analysis/wyckoff-analysis-articles/the-wyckoff-method-a-tutorial,3 筆研究材料；3 個不同來源；2 筆高證據等級；書籍 2 筆；論文/文章 0 筆。,3 research materials; 3 distinct sources; 2 high-evidence records; 2 book records; 0 paper/article records.
wyckoff-method,威科夫方法,Wyckoff Method,volume,4,2,重要補充,Important complement,david-weis,75,大衛・韋斯,David Weis,現代改編者,modern adapter,educator,技術分析教育者,Technical-analysis educator,70.3,20,3,2,1,1,0,有代表性書籍或教材可追溯；高證據等級來源較多,supported by traceable books or textbook material; has multiple high-evidence sources,適合搭配優勝者資料交叉驗證,best used for cross-checking against the winning authority,大衛・韋斯的角色是「現代改編者」，重點在量價關係、資金流與供需分析；圖表型態、價格結構與支撐阻力。,"David Weis is classified here as modern adapter; the focus is price-volume relationships, money flow, and supply/demand; chart patterns, price structure, and support/resistance.",《即將發生的交易》（2013）；參考來源：https://books.google.com/books/about/Trades_About_to_Happen.html?id=IPw1CgAAQBAJ；參考來源：https://www.wyckoffanalytics.com/david-weis/,Trades About to Happen (2013); Reference source: https://books.google.com/books/about/Trades_About_to_Happen.html?id=IPw1CgAAQBAJ; Reference source: https://www.wyckoffanalytics.com/david-weis/,3 筆研究材料；2 個不同來源；1 筆高證據等級；書籍 1 筆；論文/文章 0 筆。,3 research materials; 2 distinct sources; 1 high-evidence records; 1 book records; 0 paper/article records.
wyckoff-method,威科夫方法,Wyckoff Method,volume,4,3,參考角色,Reference role,hank-pruden,74,漢克・普魯登,Hank Pruden,教育者,educator,educator,技術分析教育者,Technical-analysis educator,66.55,21,3,3,1,1,0,有代表性書籍或教材可追溯；高證據等級來源較多,supported by traceable books or textbook material; has multiple high-evidence sources,適合搭配優勝者資料交叉驗證,best used for cross-checking against the winning authority,漢克・普魯登的角色是「教育者」，重點在量價關係、資金流與供需分析；系統交易、規則設計與回測流程。,"Hank Pruden is classified here as educator; the focus is price-volume relationships, money flow, and supply/demand; systematic trading, rule design, and backtesting.",《頂尖交易的三項技能》（2007）；參考來源：https://chartschool.stockcharts.com/table-of-contents/market-analysis/wyckoff-analysis-articles/the-wyckoff-method-a-tutorial；參考來源：https://www.wyckoffanalytics.com/hank-pruden/,The Three Skills of Top Trading (2007); Reference source: https://chartschool.stockcharts.com/table-of-contents/market-analysis/wyckoff-analysis-articles/the-wyckoff-method-a-tutorial; Reference source: https://www.wyckoffanalytics.com/hank-pruden/,3 筆研究材料；3 個不同來源；1 筆高證據等級；書籍 1 筆；論文/文章 0 筆。,3 research materials; 3 distinct sources; 1 high-evidence records; 1 book records; 0 paper/article records.
wyckoff-method,威科夫方法,Wyckoff Method,volume,4,4,參考角色,Reference role,tom-williams,76,湯姆・威廉斯,Tom Williams,威科夫衍生,Wyckoff-derived method,indicator_specialist,指標專題專家,Indicator specialist,62.4,18,3,3,1,1,0,有代表性書籍或教材可追溯；高證據等級來源較多,supported by traceable books or textbook material; has multiple high-evidence sources,適合搭配優勝者資料交叉驗證,best used for cross-checking against the winning authority,湯姆・威廉斯的角色是「威科夫衍生」，重點在量價關係、資金流與供需分析。,"Tom Williams is classified here as Wyckoff-derived method; the focus is price-volume relationships, money flow, and supply/demand.",《掌握市場》（1993）；參考來源：https://www.acmetrades.com/tom-williams；參考來源：https://www.tradeguider.com/resource_center1.asp,Master the Markets (1993); Reference source: https://www.acmetrades.com/tom-williams; Reference source: https://www.tradeguider.com/resource_center1.asp,3 筆研究材料；3 個不同來源；1 筆高證據等級；書籍 1 筆；論文/文章 0 筆。,3 research materials; 3 distinct sources; 1 high-evidence records; 1 book records; 0 paper/article records.
