expert_rank,expert_zh,expert_en,title,material_type,year,primary_concept,concept_slugs,authors,publisher,container_title,source_url,source_title,source_type,doi,isbn13,openlibrary_key,google_books_id,evidence_level,api_enriched,notes_zh
1,查爾斯・道,Charles H. Dow,Wall Street Journal editorials on market averages,editorials,1899,dow-theory,dow-theory;trend-following,Charles H. Dow,,,https://www.investopedia.com/terms/d/dowtheory.asp,Wall Street Journal editorials on market averages,indicator_reference,,,,,medium,no,技術分析源流人物之一，道氏理論、趨勢確認與量價觀念皆由其市場評論發展而來。
1,查爾斯・道,Charles H. Dow,https://www.investopedia.com/terms/d/dowtheory.asp,source,,dow-theory,dow-theory;trend-following,,,,https://www.investopedia.com/terms/d/dowtheory.asp,https://www.investopedia.com/terms/d/dowtheory.asp,indicator_reference,,,,,medium,seed_source,技術分析源流人物之一，道氏理論、趨勢確認與量價觀念皆由其市場評論發展而來。
1,查爾斯・道,Charles H. Dow,https://www.investopedia.com/articles/financial-theory/10/pioneers-technical-analysis.asp,source,,dow-theory,dow-theory;trend-following,,,,https://www.investopedia.com/articles/financial-theory/10/pioneers-technical-analysis.asp,https://www.investopedia.com/articles/financial-theory/10/pioneers-technical-analysis.asp,indicator_reference,,,,,medium,seed_source,技術分析源流人物之一，道氏理論、趨勢確認與量價觀念皆由其市場評論發展而來。
2,威廉・彼得・漢密爾頓,William Peter Hamilton,The Stock Market Barometer,book,1922,dow-theory,dow-theory;trend-following,William Peter Hamilton,,,https://papers.ssrn.com/sol3/papers.cfm?abstract_id=58690,The Stock Market Barometer,book_reference,,,,,medium,no,把道氏理論用於實際市場評論與投資判斷，是早期技術分析史的重要承接者。
2,威廉・彼得・漢密爾頓,William Peter Hamilton,https://papers.ssrn.com/sol3/papers.cfm?abstract_id=58690,source,,dow-theory,dow-theory;trend-following,,,,https://papers.ssrn.com/sol3/papers.cfm?abstract_id=58690,https://papers.ssrn.com/sol3/papers.cfm?abstract_id=58690,web_reference,,,,,medium,seed_source,把道氏理論用於實際市場評論與投資判斷，是早期技術分析史的重要承接者。
2,威廉・彼得・漢密爾頓,William Peter Hamilton,https://archive.org/details/stockmarketbarom00hami,source,,dow-theory,dow-theory;trend-following,,,,https://archive.org/details/stockmarketbarom00hami,https://archive.org/details/stockmarketbarom00hami,web_reference,,,,,medium,seed_source,把道氏理論用於實際市場評論與投資判斷，是早期技術分析史的重要承接者。
2,威廉・彼得・漢密爾頓,William Peter Hamilton,https://openlibrary.org/books/OL7031671M/The_stock_market_barometer,source,,dow-theory,dow-theory;trend-following,,,,https://openlibrary.org/books/OL7031671M/The_stock_market_barometer,https://openlibrary.org/books/OL7031671M/The_stock_market_barometer,book_catalog,,,,,medium,seed_source,把道氏理論用於實際市場評論與投資判斷，是早期技術分析史的重要承接者。
3,羅伯特・里亞,Robert Rhea,The Dow Theory,book,1932,dow-theory,dow-theory;trend-following,Robert Rhea,,,https://books.google.com/books/about/The_Dow_Theory.html?id=FO65ngEACAAJ,The Dow Theory,book_catalog,,,,,high,no,以《The Dow Theory》整理 Dow 與 Hamilton 的觀念，對後來技術分析教材影響很深。
3,羅伯特・里亞,Robert Rhea,https://books.google.com/books/about/The_Dow_Theory.html?id=FO65ngEACAAJ,source,,dow-theory,dow-theory;trend-following,,,,https://books.google.com/books/about/The_Dow_Theory.html?id=FO65ngEACAAJ,https://books.google.com/books/about/The_Dow_Theory.html?id=FO65ngEACAAJ,book_catalog,,,,,medium,seed_source,以《The Dow Theory》整理 Dow 與 Hamilton 的觀念，對後來技術分析教材影響很深。
3,羅伯特・里亞,Robert Rhea,https://openlibrary.org/books/OL6279382M/The_Dow_theory,source,,dow-theory,dow-theory;trend-following,,,,https://openlibrary.org/books/OL6279382M/The_Dow_theory,https://openlibrary.org/books/OL6279382M/The_Dow_theory,book_catalog,,,,,medium,seed_source,以《The Dow Theory》整理 Dow 與 Hamilton 的觀念，對後來技術分析教材影響很深。
4,理查・威科夫,Richard D. Wyckoff,Studies in Tape Reading,book,1910,wyckoff-method,wyckoff-method;volume-analysis;tape-reading,Rollo Tape Aka Rollo Tape,,,https://openlibrary.org/works/OL17554455W,Studies in Tape Reading,book_catalog,,,/works/OL17554455W,,high,yes,威科夫方法以供需、量價、累積/派發分析股票，是現代價格行為與量價交易的重要基礎。
4,理查・威科夫,Richard D. Wyckoff,How I Trade and Invest in Stocks and Bonds,book,1924,wyckoff-method,wyckoff-method;volume-analysis;tape-reading,"Wyckoff, Richard Demille",,,https://openlibrary.org/works/OL124134W,How I trade and invest in stocks and bonds,book_catalog,,,/works/OL124134W,,high,yes,威科夫方法以供需、量價、累積/派發分析股票，是現代價格行為與量價交易的重要基礎。
4,理查・威科夫,Richard D. Wyckoff,https://chartschool.stockcharts.com/table-of-contents/market-analysis/wyckoff-analysis-articles/the-wyckoff-method-a-tutorial,source,,wyckoff-method,wyckoff-method;volume-analysis;tape-reading,,,,https://chartschool.stockcharts.com/table-of-contents/market-analysis/wyckoff-analysis-articles/the-wyckoff-method-a-tutorial,https://chartschool.stockcharts.com/table-of-contents/market-analysis/wyckoff-analysis-articles/the-wyckoff-method-a-tutorial,indicator_reference,,,,,medium,seed_source,威科夫方法以供需、量價、累積/派發分析股票，是現代價格行為與量價交易的重要基礎。
5,傑西・李佛摩,Jesse Livermore,How to Trade in Stocks,book,1940,tape-reading,tape-reading;price-action;trend-following,Jesse Livermore,,,https://openlibrary.org/works/OL7913587W,How to Trade In Stocks,book_catalog,,,/works/OL7913587W,,high,yes,以價格行為、關鍵價位與趨勢操作聞名，雖非學院派作者，但對後世交易方法影響巨大。
5,傑西・李佛摩,Jesse Livermore,https://en.wikipedia.org/wiki/Jesse_Livermore,source,,tape-reading,tape-reading;price-action;trend-following,,,,https://en.wikipedia.org/wiki/Jesse_Livermore,https://en.wikipedia.org/wiki/Jesse_Livermore,web_reference,,,,,medium,seed_source,以價格行為、關鍵價位與趨勢操作聞名，雖非學院派作者，但對後世交易方法影響巨大。
6,威廉・江恩,W. D. Gann,Truth of the Stock Tape,book,1923,gann,gann;cycle-analysis;support-resistance,William D. Gann,,,https://openlibrary.org/works/OL7423643W,Truth of the Stock Tape,book_catalog,,,/works/OL7423643W,,high,yes,江恩角度、時間循環、價格幾何在技術分析史上具代表性，適合歸於週期與時間價格分析資料。
6,威廉・江恩,W. D. Gann,45 Years in Wall Street,book,1941,gann,gann;cycle-analysis;support-resistance,William D. Gann,,,https://openlibrary.org/works/OL7423632W,45 years in Wall Street,book_catalog,,,/works/OL7423632W,,high,yes,江恩角度、時間循環、價格幾何在技術分析史上具代表性，適合歸於週期與時間價格分析資料。
6,威廉・江恩,W. D. Gann,https://en.wikipedia.org/wiki/William_Delbert_Gann,source,,gann,gann;cycle-analysis;support-resistance,,,,https://en.wikipedia.org/wiki/William_Delbert_Gann,https://en.wikipedia.org/wiki/William_Delbert_Gann,web_reference,,,,,medium,seed_source,江恩角度、時間循環、價格幾何在技術分析史上具代表性，適合歸於週期與時間價格分析資料。
7,拉爾夫・尼爾森・艾略特,Ralph Nelson Elliott,The Wave Principle,book,1938,elliott-wave,elliott-wave;cycle-analysis,Ralph Nelson Elliott,,,https://en.wikipedia.org/wiki/Ralph_Nelson_Elliott,The Wave Principle,book_reference,,,,,medium,no,艾略特波浪是最知名的技術分析分支之一，常用於股票指數、外匯與商品的趨勢結構判讀。
7,拉爾夫・尼爾森・艾略特,Ralph Nelson Elliott,https://en.wikipedia.org/wiki/Ralph_Nelson_Elliott,source,,elliott-wave,elliott-wave;cycle-analysis,,,,https://en.wikipedia.org/wiki/Ralph_Nelson_Elliott,https://en.wikipedia.org/wiki/Ralph_Nelson_Elliott,web_reference,,,,,medium,seed_source,艾略特波浪是最知名的技術分析分支之一，常用於股票指數、外匯與商品的趨勢結構判讀。
7,拉爾夫・尼爾森・艾略特,Ralph Nelson Elliott,https://www.investopedia.com/terms/e/elliottwavetheory.asp,source,,elliott-wave,elliott-wave;cycle-analysis,,,,https://www.investopedia.com/terms/e/elliottwavetheory.asp,https://www.investopedia.com/terms/e/elliottwavetheory.asp,indicator_reference,,,,,medium,seed_source,艾略特波浪是最知名的技術分析分支之一，常用於股票指數、外匯與商品的趨勢結構判讀。
8,理查・沙巴克,Richard W. Schabacker,Technical Analysis and Stock Market Profits,book,1932,chart-patterns,chart-patterns;support-resistance,Richard W. Schabacker,,,https://harriman-house.com/authors/richard-schabacker/technical-analysis-and-stock-market-profits/9780857199164,Technical Analysis and Stock Market Profits,book_reference,,,,,medium,no,把圖表型態、趨勢、支撐阻力整理成完整技術分析體系，並影響 Edwards 與 Magee。
8,理查・沙巴克,Richard W. Schabacker,https://harriman-house.com/authors/richard-schabacker/technical-analysis-and-stock-market-profits/9780857199164,source,,chart-patterns,chart-patterns;support-resistance,,,,https://harriman-house.com/authors/richard-schabacker/technical-analysis-and-stock-market-profits/9780857199164,https://harriman-house.com/authors/richard-schabacker/technical-analysis-and-stock-market-profits/9780857199164,web_reference,,,,,medium,seed_source,把圖表型態、趨勢、支撐阻力整理成完整技術分析體系，並影響 Edwards 與 Magee。
8,理查・沙巴克,Richard W. Schabacker,https://chartschool.stockcharts.com/table-of-contents/chart-analysis/introduction-to-chart-patterns,source,,chart-patterns,chart-patterns;support-resistance,,,,https://chartschool.stockcharts.com/table-of-contents/chart-analysis/introduction-to-chart-patterns,https://chartschool.stockcharts.com/table-of-contents/chart-analysis/introduction-to-chart-patterns,indicator_reference,,,,,medium,seed_source,把圖表型態、趨勢、支撐阻力整理成完整技術分析體系，並影響 Edwards 與 Magee。
9,羅伯特・愛德華茲,Robert D. Edwards,Technical Analysis of Stock Trends,book,1948,chart-patterns,chart-patterns;support-resistance,Robert D. Edwards,,,https://www.amazon.com/Technical-Analysis-Stock-Trends-Edwards/dp/113806941X,Technical Analysis of Stock Trends,book_catalog,,,,,high,no,與 John Magee 合著的《Technical Analysis of Stock Trends》是圖表型態領域最常被引用的經典之一。
9,羅伯特・愛德華茲,Robert D. Edwards,https://www.amazon.com/Technical-Analysis-Stock-Trends-Edwards/dp/113806941X,source,,chart-patterns,chart-patterns;support-resistance,,,,https://www.amazon.com/Technical-Analysis-Stock-Trends-Edwards/dp/113806941X,https://www.amazon.com/Technical-Analysis-Stock-Trends-Edwards/dp/113806941X,book_catalog,,,,,medium,seed_source,與 John Magee 合著的《Technical Analysis of Stock Trends》是圖表型態領域最常被引用的經典之一。
9,羅伯特・愛德華茲,Robert D. Edwards,https://www.investopedia.com/articles/personal-finance/090916/top-5-books-learn-technical-analysis.asp,source,,chart-patterns,chart-patterns;support-resistance,,,,https://www.investopedia.com/articles/personal-finance/090916/top-5-books-learn-technical-analysis.asp,https://www.investopedia.com/articles/personal-finance/090916/top-5-books-learn-technical-analysis.asp,indicator_reference,,,,,medium,seed_source,與 John Magee 合著的《Technical Analysis of Stock Trends》是圖表型態領域最常被引用的經典之一。
10,約翰・麥基,John Magee,Technical Analysis of Stock Trends,book,1948,chart-patterns,chart-patterns;support-resistance,John Magee,,,https://www.amazon.com/Technical-Analysis-Stock-Trends-Edwards/dp/113806941X,Technical Analysis of Stock Trends,book_catalog,,,,,high,no,與 Edwards 共同建立現代圖表型態教材框架，對股票技術分析教育影響深。
10,約翰・麥基,John Magee,https://www.amazon.com/Technical-Analysis-Stock-Trends-Edwards/dp/113806941X,source,,chart-patterns,chart-patterns;support-resistance,,,,https://www.amazon.com/Technical-Analysis-Stock-Trends-Edwards/dp/113806941X,https://www.amazon.com/Technical-Analysis-Stock-Trends-Edwards/dp/113806941X,book_catalog,,,,,medium,seed_source,與 Edwards 共同建立現代圖表型態教材框架，對股票技術分析教育影響深。
10,約翰・麥基,John Magee,https://www.investopedia.com/articles/financial-theory/10/pioneers-technical-analysis.asp,source,,chart-patterns,chart-patterns;support-resistance,,,,https://www.investopedia.com/articles/financial-theory/10/pioneers-technical-analysis.asp,https://www.investopedia.com/articles/financial-theory/10/pioneers-technical-analysis.asp,indicator_reference,,,,,medium,seed_source,與 Edwards 共同建立現代圖表型態教材框架，對股票技術分析教育影響深。
11,約翰・墨菲,John J. Murphy,Technical Analysis of the Financial Markets,book,1999,moving-average,moving-average;chart-patterns;breadth,John J. Murphy,,,https://www.amazon.com/Technical-Analysis-Financial-Markets-Comprehensive/dp/0735200661,Technical Analysis of the Financial Markets,book_catalog,,,/works/OL1957750W,,high,yes,綜合型技術分析教材代表作者，涵蓋趨勢、型態、指標、跨市場分析與期貨/股票應用。
11,約翰・墨菲,John J. Murphy,https://www.amazon.com/Technical-Analysis-Financial-Markets-Comprehensive/dp/0735200661,source,,moving-average,moving-average;chart-patterns;breadth,,,,https://www.amazon.com/Technical-Analysis-Financial-Markets-Comprehensive/dp/0735200661,https://www.amazon.com/Technical-Analysis-Financial-Markets-Comprehensive/dp/0735200661,book_catalog,,,,,medium,seed_source,綜合型技術分析教材代表作者，涵蓋趨勢、型態、指標、跨市場分析與期貨/股票應用。
11,約翰・墨菲,John J. Murphy,https://www.investopedia.com/articles/personal-finance/090916/top-5-books-learn-technical-analysis.asp,source,,moving-average,moving-average;chart-patterns;breadth,,,,https://www.investopedia.com/articles/personal-finance/090916/top-5-books-learn-technical-analysis.asp,https://www.investopedia.com/articles/personal-finance/090916/top-5-books-learn-technical-analysis.asp,indicator_reference,,,,,medium,seed_source,綜合型技術分析教材代表作者，涵蓋趨勢、型態、指標、跨市場分析與期貨/股票應用。
12,馬丁・普林格,Martin J. Pring,Technical Analysis Explained,book,1980,momentum,momentum;cycle-analysis;trend-following,Martin J. Pring,,,https://www.amazon.com/Technical-Analysis-Explained-Successful-Investment/dp/1260466020,Technical Analysis Explained,book_catalog,,,,,high,no,著作廣、教材地位高，特別適合整理動量、週期、趨勢與市場心理指標。
12,馬丁・普林格,Martin J. Pring,https://www.amazon.com/Technical-Analysis-Explained-Successful-Investment/dp/1260466020,source,,momentum,momentum;cycle-analysis;trend-following,,,,https://www.amazon.com/Technical-Analysis-Explained-Successful-Investment/dp/1260466020,https://www.amazon.com/Technical-Analysis-Explained-Successful-Investment/dp/1260466020,book_catalog,,,,,medium,seed_source,著作廣、教材地位高，特別適合整理動量、週期、趨勢與市場心理指標。
12,馬丁・普林格,Martin J. Pring,https://www.investopedia.com/articles/personal-finance/090916/top-5-books-learn-technical-analysis.asp,source,,momentum,momentum;cycle-analysis;trend-following,,,,https://www.investopedia.com/articles/personal-finance/090916/top-5-books-learn-technical-analysis.asp,https://www.investopedia.com/articles/personal-finance/090916/top-5-books-learn-technical-analysis.asp,indicator_reference,,,,,medium,seed_source,著作廣、教材地位高，特別適合整理動量、週期、趨勢與市場心理指標。
13,傑克・施瓦格,Jack D. Schwager,Getting Started in Technical Analysis,book,1999,chart-patterns,chart-patterns;systems-trading;price-action,Jack D. Schwager,,,https://www.amazon.com/Getting-Started-Technical-Analysis-Schwager/dp/0471295426,Getting Started in Technical Analysis,book_catalog,,,,,high,no,技術分析入門書與 Market Wizards 訪談系列讓大量實戰交易方法被系統化保存。
13,傑克・施瓦格,Jack D. Schwager,Market Wizards,book,1989,chart-patterns,chart-patterns;systems-trading;price-action,Jack D. Schwager,,,https://openlibrary.org/works/OL15838199W,Market wizards,book_catalog,,,/works/OL15838199W,,high,yes,技術分析入門書與 Market Wizards 訪談系列讓大量實戰交易方法被系統化保存。
13,傑克・施瓦格,Jack D. Schwager,https://www.amazon.com/Getting-Started-Technical-Analysis-Schwager/dp/0471295426,source,,chart-patterns,chart-patterns;systems-trading;price-action,,,,https://www.amazon.com/Getting-Started-Technical-Analysis-Schwager/dp/0471295426,https://www.amazon.com/Getting-Started-Technical-Analysis-Schwager/dp/0471295426,book_catalog,,,,,medium,seed_source,技術分析入門書與 Market Wizards 訪談系列讓大量實戰交易方法被系統化保存。
13,傑克・施瓦格,Jack D. Schwager,https://www.investopedia.com/articles/personal-finance/090916/top-5-books-learn-technical-analysis.asp,source,,chart-patterns,chart-patterns;systems-trading;price-action,,,,https://www.investopedia.com/articles/personal-finance/090916/top-5-books-learn-technical-analysis.asp,https://www.investopedia.com/articles/personal-finance/090916/top-5-books-learn-technical-analysis.asp,indicator_reference,,,,,medium,seed_source,技術分析入門書與 Market Wizards 訪談系列讓大量實戰交易方法被系統化保存。
14,查爾斯・柯克派翠克二世,Charles D. Kirkpatrick II,Technical Analysis: The Complete Resource for Financial Market Technicians,book,2006,relative-strength,relative-strength;dow-theory;stock_selection,Charles D. Kirkpatrick II,,,https://cmtassociation.org/association/award-recognizing/charles-h-dow-award/,Technical Analysis: The Complete Resource for Financial Market Technicians,award_or_professional,,,,,high,no,兼具 CMT 教材作者與 Charles H. Dow Award 研究紀錄，適合放入相對強弱與股票選股研究。
14,查爾斯・柯克派翠克二世,Charles D. Kirkpatrick II,Stock Selection: A Test of Relative Stock Values Reported Over 17 1/2 Years,paper,2001,relative-strength,relative-strength;dow-theory;stock_selection,Grace Wong Bucchianeri; Talya Miron-Shatz,Elsevier BV,SSRN Electronic Journal,https://doi.org/10.2139/ssrn.1877206,Taking Stock of Housing Wealth: Reported Home Values,academic_paper,10.2139/ssrn.1877206,,,,high,yes,兼具 CMT 教材作者與 Charles H. Dow Award 研究紀錄，適合放入相對強弱與股票選股研究。
14,查爾斯・柯克派翠克二世,Charles D. Kirkpatrick II,https://cmtassociation.org/association/award-recognizing/charles-h-dow-award/,source,,relative-strength,relative-strength;dow-theory;stock_selection,,,,https://cmtassociation.org/association/award-recognizing/charles-h-dow-award/,https://cmtassociation.org/association/award-recognizing/charles-h-dow-award/,award_or_professional,,,,,high,seed_source,兼具 CMT 教材作者與 Charles H. Dow Award 研究紀錄，適合放入相對強弱與股票選股研究。
15,茱莉・達爾奎斯特,Julie R. Dahlquist,Technical Analysis: The Complete Resource for Financial Market Technicians,book,2006,chart-patterns,chart-patterns;backtesting;evidence-based-ta,Julie R. Dahlquist,,,https://cmtassociation.org/association/award-recognizing/charles-h-dow-award/,Technical Analysis: The Complete Resource for Financial Market Technicians,award_or_professional,,,,,high,no,CMT 教材合著者與 Dow Award 得主，適合記錄缺口、教材與技術分析研究方法。
15,茱莉・達爾奎斯特,Julie R. Dahlquist,Analyzing Gaps for Profitable Trading Strategies,paper,2011,chart-patterns,chart-patterns;backtesting;evidence-based-ta,B. Brian Lee; Byeonghee Choi; George Kanaan,Inderscience Publishers,Global Business and Economics Review,https://doi.org/10.1504/gber.2004.006224,Profitable trading strategies using EVA,academic_paper,10.1504/gber.2004.006224,,,,high,yes,CMT 教材合著者與 Dow Award 得主，適合記錄缺口、教材與技術分析研究方法。
15,茱莉・達爾奎斯特,Julie R. Dahlquist,https://cmtassociation.org/association/award-recognizing/charles-h-dow-award/,source,,chart-patterns,chart-patterns;backtesting;evidence-based-ta,,,,https://cmtassociation.org/association/award-recognizing/charles-h-dow-award/,https://cmtassociation.org/association/award-recognizing/charles-h-dow-award/,award_or_professional,,,,,high,seed_source,CMT 教材合著者與 Dow Award 得主，適合記錄缺口、教材與技術分析研究方法。
16,史蒂文・阿契利斯,Steven B. Achelis,Technical Analysis from A to Z,book,1995,moving-average,moving-average;momentum;volume-analysis,Steven B. Achelis,,,https://openlibrary.org/works/OL3180759W,Technical Analysis from A to Z,book_catalog,,,/works/OL3180759W,,high,yes,以指標百科型著作著稱，對建立技術指標資料庫很有參考價值。
16,史蒂文・阿契利斯,Steven B. Achelis,https://guides.newman.baruch.cuny.edu/c.php?g=188442&p=1243542,source,,moving-average,moving-average;momentum;volume-analysis,,,,https://guides.newman.baruch.cuny.edu/c.php?g=188442&p=1243542,https://guides.newman.baruch.cuny.edu/c.php?g=188442&p=1243542,web_reference,,,,,medium,seed_source,以指標百科型著作著稱，對建立技術指標資料庫很有參考價值。
17,羅伯特・科爾比,Robert W. Colby,The Encyclopedia of Technical Market Indicators,book,1988,moving-average,moving-average;momentum;evidence-based-ta,Robert W. Colby,,,https://www.mheducation.com/highered/mhp/product/encyclopedia-technical-market-indicators-second-edition.html,The Encyclopedia of Technical Market Indicators,book_reference,,,,,medium,no,《The Encyclopedia of Technical Market Indicators》彙整大量指標，是資料庫型研究的重要來源。
17,羅伯特・科爾比,Robert W. Colby,https://www.mheducation.com/highered/mhp/product/encyclopedia-technical-market-indicators-second-edition.html,source,,moving-average,moving-average;momentum;evidence-based-ta,,,,https://www.mheducation.com/highered/mhp/product/encyclopedia-technical-market-indicators-second-edition.html,https://www.mheducation.com/highered/mhp/product/encyclopedia-technical-market-indicators-second-edition.html,web_reference,,,,,medium,seed_source,《The Encyclopedia of Technical Market Indicators》彙整大量指標，是資料庫型研究的重要來源。
17,羅伯特・科爾比,Robert W. Colby,https://openlibrary.org/books/OL17060688M/The_encyclopedia_of_technical_market_indicators,source,,moving-average,moving-average;momentum;evidence-based-ta,,,,https://openlibrary.org/books/OL17060688M/The_encyclopedia_of_technical_market_indicators,https://openlibrary.org/books/OL17060688M/The_encyclopedia_of_technical_market_indicators,book_catalog,,,,,medium,seed_source,《The Encyclopedia of Technical Market Indicators》彙整大量指標，是資料庫型研究的重要來源。
17,羅伯特・科爾比,Robert W. Colby,https://books.google.com/books/about/The_Encyclopedia_Of_Technical_Market_Ind.html?id=f82LUFQVGOUC,source,,moving-average,moving-average;momentum;evidence-based-ta,,,,https://books.google.com/books/about/The_Encyclopedia_Of_Technical_Market_Ind.html?id=f82LUFQVGOUC,https://books.google.com/books/about/The_Encyclopedia_Of_Technical_Market_Ind.html?id=f82LUFQVGOUC,book_catalog,,,,,medium,seed_source,《The Encyclopedia of Technical Market Indicators》彙整大量指標，是資料庫型研究的重要來源。
18,佩里・考夫曼,Perry J. Kaufman,Trading Systems and Methods,book,1978,kama,kama;adaptive-moving-average;systems-trading,Perry J. Kaufman,,,https://openlibrary.org/works/OL25697417W,Trading Systems and Methods,book_catalog,,,/works/OL25697417W,,high,yes,在交易系統與自適應均線方面影響大，KAMA 是技術指標資料庫必收項。
18,佩里・考夫曼,Perry J. Kaufman,Smarter Trading,book,1995,kama,kama;adaptive-moving-average;systems-trading,Perry J. Kaufman,,,https://openlibrary.org/works/OL1904518W,Smarter trading,book_catalog,,,/works/OL1904518W,,high,yes,在交易系統與自適應均線方面影響大，KAMA 是技術指標資料庫必收項。
18,佩里・考夫曼,Perry J. Kaufman,https://trendspider.com/learning-center/what-is-the-kaufman-adaptive-moving-average/,source,,kama,kama;adaptive-moving-average;systems-trading,,,,https://trendspider.com/learning-center/what-is-the-kaufman-adaptive-moving-average/,https://trendspider.com/learning-center/what-is-the-kaufman-adaptive-moving-average/,web_reference,,,,,medium,seed_source,在交易系統與自適應均線方面影響大，KAMA 是技術指標資料庫必收項。
19,威爾斯・威爾德,J. Welles Wilder Jr.,New Concepts in Technical Trading Systems,book,1978,rsi,rsi;adx-dmi;atr;parabolic-sar,J. Welles Wilder,,,https://books.google.com/books/about/New_Concepts_in_Technical_Trading_System.html?id=WesJAQAAMAAJ,New concepts in technical trading systems,book_catalog,,,/works/OL5039607W,,high,yes,RSI、ADX/DMI、ATR、Parabolic SAR 等多個核心指標皆出自其 1978 年著作。
19,威爾斯・威爾德,J. Welles Wilder Jr.,https://books.google.com/books/about/New_Concepts_in_Technical_Trading_System.html?id=WesJAQAAMAAJ,source,,rsi,rsi;adx-dmi;atr;parabolic-sar,,,,https://books.google.com/books/about/New_Concepts_in_Technical_Trading_System.html?id=WesJAQAAMAAJ,https://books.google.com/books/about/New_Concepts_in_Technical_Trading_System.html?id=WesJAQAAMAAJ,book_catalog,,,,,medium,seed_source,RSI、ADX/DMI、ATR、Parabolic SAR 等多個核心指標皆出自其 1978 年著作。
19,威爾斯・威爾德,J. Welles Wilder Jr.,https://www.investopedia.com/terms/r/rsi.asp,source,,rsi,rsi;adx-dmi;atr;parabolic-sar,,,,https://www.investopedia.com/terms/r/rsi.asp,https://www.investopedia.com/terms/r/rsi.asp,indicator_reference,,,,,medium,seed_source,RSI、ADX/DMI、ATR、Parabolic SAR 等多個核心指標皆出自其 1978 年著作。
20,傑拉德・阿佩爾,Gerald Appel,Technical Analysis: Power Tools for Active Investors,book,2005,macd,macd;moving-average,Gerald Appel,,,https://cmtassociation.org/presenter/gerald-appel/,Technical Analysis: Power Tools for Active Investors,award_or_professional,,,,,high,no,MACD 創作者，MACD 是全球交易平台中最普及的動量/趨勢指標之一。
20,傑拉德・阿佩爾,Gerald Appel,https://cmtassociation.org/presenter/gerald-appel/,source,,macd,macd;moving-average,,,,https://cmtassociation.org/presenter/gerald-appel/,https://cmtassociation.org/presenter/gerald-appel/,award_or_professional,,,,,high,seed_source,MACD 創作者，MACD 是全球交易平台中最普及的動量/趨勢指標之一。
20,傑拉德・阿佩爾,Gerald Appel,https://traders.com/documentation/feedbk_docs/2003/09/Abstracts_new/Interview/interview.html,source,,macd,macd;moving-average,,,,https://traders.com/documentation/feedbk_docs/2003/09/Abstracts_new/Interview/interview.html,https://traders.com/documentation/feedbk_docs/2003/09/Abstracts_new/Interview/interview.html,web_reference,,,,,medium,seed_source,MACD 創作者，MACD 是全球交易平台中最普及的動量/趨勢指標之一。
20,傑拉德・阿佩爾,Gerald Appel,https://www.investopedia.com/trading/macd/,source,,macd,macd;moving-average,,,,https://www.investopedia.com/trading/macd/,https://www.investopedia.com/trading/macd/,indicator_reference,,,,,medium,seed_source,MACD 創作者，MACD 是全球交易平台中最普及的動量/趨勢指標之一。
21,約翰・布林格,John Bollinger,Bollinger on Bollinger Bands,book,2001,bollinger-bands,bollinger-bands;volatility,John Bollinger,,,https://openlibrary.org/works/OL282159W,Bollinger on Bollinger Bands,book_catalog,,,/works/OL282159W,,high,yes,布林通道創作者，對波動率自適應通道與相對高低位判讀具核心地位。
21,約翰・布林格,John Bollinger,https://www.bollingerbands.com/,source,,bollinger-bands,bollinger-bands;volatility,,,,https://www.bollingerbands.com/,https://www.bollingerbands.com/,web_reference,,,,,medium,seed_source,布林通道創作者，對波動率自適應通道與相對高低位判讀具核心地位。
21,約翰・布林格,John Bollinger,https://www.bollingercapital.com/team,source,,bollinger-bands,bollinger-bands;volatility,,,,https://www.bollingercapital.com/team,https://www.bollingercapital.com/team,web_reference,,,,,medium,seed_source,布林通道創作者，對波動率自適應通道與相對高低位判讀具核心地位。
22,喬治・藍恩,George C. Lane,Lane's Stochastics,indicator,,stochastic,stochastic;momentum,George C. Lane,,,https://www.investopedia.com/terms/s/stochasticoscillator.asp,Lane's Stochastics,indicator_reference,,,,,medium,no,隨機指標代表人物；Stochastic 與 RSI、MACD 同屬最普及動量指標。
22,喬治・藍恩,George C. Lane,https://www.investopedia.com/terms/s/stochasticoscillator.asp,source,,stochastic,stochastic;momentum,,,,https://www.investopedia.com/terms/s/stochasticoscillator.asp,https://www.investopedia.com/terms/s/stochasticoscillator.asp,indicator_reference,,,,,medium,seed_source,隨機指標代表人物；Stochastic 與 RSI、MACD 同屬最普及動量指標。
22,喬治・藍恩,George C. Lane,https://chartschool.stockcharts.com/table-of-contents/technical-indicators-and-overlays/technical-indicators/stochastic-oscillator-fast-slow-and-full,source,,stochastic,stochastic;momentum,,,,https://chartschool.stockcharts.com/table-of-contents/technical-indicators-and-overlays/technical-indicators/stochastic-oscillator-fast-slow-and-full,https://chartschool.stockcharts.com/table-of-contents/technical-indicators-and-overlays/technical-indicators/stochastic-oscillator-fast-slow-and-full,indicator_reference,,,,,medium,seed_source,隨機指標代表人物；Stochastic 與 RSI、MACD 同屬最普及動量指標。
23,理查・唐奇安,Richard Donchian,Commodity Trend Timing,newsletter,1960,donchian-channel,donchian-channel;trend-following,Richard Donchian,,,https://www.investopedia.com/donchian-channels-formula-8415235,Commodity Trend Timing,indicator_reference,,,,,medium,no,被視為趨勢跟隨與管理期貨先驅，唐奇安通道是突破交易和 Turtle 系統的重要基礎。
23,理查・唐奇安,Richard Donchian,https://www.investopedia.com/donchian-channels-formula-8415235,source,,donchian-channel,donchian-channel;trend-following,,,,https://www.investopedia.com/donchian-channels-formula-8415235,https://www.investopedia.com/donchian-channels-formula-8415235,indicator_reference,,,,,medium,seed_source,被視為趨勢跟隨與管理期貨先驅，唐奇安通道是突破交易和 Turtle 系統的重要基礎。
23,理查・唐奇安,Richard Donchian,https://en.wikipedia.org/wiki/Richard_Donchian,source,,donchian-channel,donchian-channel;trend-following,,,,https://en.wikipedia.org/wiki/Richard_Donchian,https://en.wikipedia.org/wiki/Richard_Donchian,web_reference,,,,,medium,seed_source,被視為趨勢跟隨與管理期貨先驅，唐奇安通道是突破交易和 Turtle 系統的重要基礎。
24,圖沙・昌德,Tushar S. Chande,The New Technical Trader,book,1994,aroon,aroon;cmo;vidya;stochastic-rsi,Tushar S. Chande,,,https://chartschool.stockcharts.com/table-of-contents/technical-indicators-and-overlays/technical-indicators/aroon,The New Technical Trader,indicator_reference,,,,,medium,no,Aroon、CMO、VIDYA、StochRSI 等多個指標與其相關，是技術指標資料庫的重點人物。
24,圖沙・昌德,Tushar S. Chande,https://chartschool.stockcharts.com/table-of-contents/technical-indicators-and-overlays/technical-indicators/aroon,source,,aroon,aroon;cmo;vidya;stochastic-rsi,,,,https://chartschool.stockcharts.com/table-of-contents/technical-indicators-and-overlays/technical-indicators/aroon,https://chartschool.stockcharts.com/table-of-contents/technical-indicators-and-overlays/technical-indicators/aroon,indicator_reference,,,,,medium,seed_source,Aroon、CMO、VIDYA、StochRSI 等多個指標與其相關，是技術指標資料庫的重點人物。
24,圖沙・昌德,Tushar S. Chande,https://www.fidelity.com/learning-center/trading-investing/technical-analysis/technical-indicator-guide/cmo,source,,aroon,aroon;cmo;vidya;stochastic-rsi,,,,https://www.fidelity.com/learning-center/trading-investing/technical-analysis/technical-indicator-guide/cmo,https://www.fidelity.com/learning-center/trading-investing/technical-analysis/technical-indicator-guide/cmo,indicator_reference,,,,,medium,seed_source,Aroon、CMO、VIDYA、StochRSI 等多個指標與其相關，是技術指標資料庫的重點人物。
24,圖沙・昌德,Tushar S. Chande,https://www.investopedia.com/terms/s/stochrsi.asp,source,,aroon,aroon;cmo;vidya;stochastic-rsi,,,,https://www.investopedia.com/terms/s/stochrsi.asp,https://www.investopedia.com/terms/s/stochrsi.asp,indicator_reference,,,,,medium,seed_source,Aroon、CMO、VIDYA、StochRSI 等多個指標與其相關，是技術指標資料庫的重點人物。
25,史丹利・克羅爾,Stanley Kroll,The New Technical Trader,book,1994,stochastic-rsi,stochastic-rsi;vidya;systems-trading,Stanley Kroll,,,https://www.investopedia.com/terms/s/stochrsi.asp,The New Technical Trader,indicator_reference,,,,,medium,no,與 Tushar Chande 合作提出 StochRSI 與相關動態指標方法。
25,史丹利・克羅爾,Stanley Kroll,https://www.investopedia.com/terms/s/stochrsi.asp,source,,stochastic-rsi,stochastic-rsi;vidya;systems-trading,,,,https://www.investopedia.com/terms/s/stochrsi.asp,https://www.investopedia.com/terms/s/stochrsi.asp,indicator_reference,,,,,medium,seed_source,與 Tushar Chande 合作提出 StochRSI 與相關動態指標方法。
25,史丹利・克羅爾,Stanley Kroll,https://www.fxcorporate.com/help/MS/LOGOUT/i_Vidya.html,source,,stochastic-rsi,stochastic-rsi;vidya;systems-trading,,,,https://www.fxcorporate.com/help/MS/LOGOUT/i_Vidya.html,https://www.fxcorporate.com/help/MS/LOGOUT/i_Vidya.html,web_reference,,,,,medium,seed_source,與 Tushar Chande 合作提出 StochRSI 與相關動態指標方法。
26,唐納德・蘭伯特,Donald R. Lambert,Commodity Channel Index,article,1980,cci,cci;cycle-analysis,Donald R. Lambert,Oxford University Press (OUP),Insecticide and Acaricide Tests,https://doi.org/10.1093/iat/14.1.419,Commodity Index,academic_paper,10.1093/iat/14.1.419,,,,high,yes,CCI 創作者；CCI 從商品週期工具延伸到股票、ETF、外匯等市場。
26,唐納德・蘭伯特,Donald R. Lambert,https://chartschool.stockcharts.com/table-of-contents/technical-indicators-and-overlays/technical-indicators/commodity-channel-index-cci,source,,cci,cci;cycle-analysis,,,,https://chartschool.stockcharts.com/table-of-contents/technical-indicators-and-overlays/technical-indicators/commodity-channel-index-cci,https://chartschool.stockcharts.com/table-of-contents/technical-indicators-and-overlays/technical-indicators/commodity-channel-index-cci,indicator_reference,,,,,medium,seed_source,CCI 創作者；CCI 從商品週期工具延伸到股票、ETF、外匯等市場。
27,拉瑞・威廉斯,Larry Williams,How I Made One Million Dollars Last Year Trading Commodities,book,1979,williams-r,williams-r;momentum;breadth,Larry Williams,,,https://www.fidelity.com/learning-center/trading-investing/technical-analysis/technical-indicator-guide/williams-r,How I Made One Million Dollars Last Year Trading Commodities,indicator_reference,,,,,medium,no,Williams %R、Ultimate Oscillator 等工具與多本交易著作皆具影響力，亦為 2024 Dow Award 共同得主。
27,拉瑞・威廉斯,Larry Williams,The Ripple Effect of Daily New Lows,paper,2024,williams-r,williams-r;momentum;breadth,Yin-Wong Cheung,Elsevier BV,SSRN Electronic Journal,https://doi.org/10.2139/ssrn.897900,An Empirical Model of Daily Highs and Lows,academic_paper,10.2139/ssrn.897900,,,,high,yes,Williams %R、Ultimate Oscillator 等工具與多本交易著作皆具影響力，亦為 2024 Dow Award 共同得主。
27,拉瑞・威廉斯,Larry Williams,https://www.fidelity.com/learning-center/trading-investing/technical-analysis/technical-indicator-guide/williams-r,source,,williams-r,williams-r;momentum;breadth,,,,https://www.fidelity.com/learning-center/trading-investing/technical-analysis/technical-indicator-guide/williams-r,https://www.fidelity.com/learning-center/trading-investing/technical-analysis/technical-indicator-guide/williams-r,indicator_reference,,,,,medium,seed_source,Williams %R、Ultimate Oscillator 等工具與多本交易著作皆具影響力，亦為 2024 Dow Award 共同得主。
27,拉瑞・威廉斯,Larry Williams,https://cmtassociation.org/association/award-recognizing/charles-h-dow-award/,source,,williams-r,williams-r;momentum;breadth,,,,https://cmtassociation.org/association/award-recognizing/charles-h-dow-award/,https://cmtassociation.org/association/award-recognizing/charles-h-dow-award/,award_or_professional,,,,,high,seed_source,Williams %R、Ultimate Oscillator 等工具與多本交易著作皆具影響力，亦為 2024 Dow Award 共同得主。
28,馬克・柴金,Marc Chaikin,Chaikin Money Flow,indicator,,chaikin-money-flow,chaikin-money-flow;volume-analysis,Marc Chaikin,,,https://www.fidelity.com/learning-center/trading-investing/technical-analysis/technical-indicator-guide/cmf,Chaikin Money Flow,indicator_reference,,,,,medium,no,Chaikin Money Flow 與 Chaikin 系列量價指標被廣泛內建於交易平台。
28,馬克・柴金,Marc Chaikin,https://www.fidelity.com/learning-center/trading-investing/technical-analysis/technical-indicator-guide/cmf,source,,chaikin-money-flow,chaikin-money-flow;volume-analysis,,,,https://www.fidelity.com/learning-center/trading-investing/technical-analysis/technical-indicator-guide/cmf,https://www.fidelity.com/learning-center/trading-investing/technical-analysis/technical-indicator-guide/cmf,indicator_reference,,,,,medium,seed_source,Chaikin Money Flow 與 Chaikin 系列量價指標被廣泛內建於交易平台。
28,馬克・柴金,Marc Chaikin,https://chaikinanalytics.com/,source,,chaikin-money-flow,chaikin-money-flow;volume-analysis,,,,https://chaikinanalytics.com/,https://chaikinanalytics.com/,web_reference,,,,,medium,seed_source,Chaikin Money Flow 與 Chaikin 系列量價指標被廣泛內建於交易平台。
29,約瑟夫・格蘭維爾,Joseph Granville,Granville's New Key to Stock Market Profits,book,1963,obv,obv;volume-analysis,Joseph Granville,,,https://www.investopedia.com/terms/o/onbalancevolume.asp,Granville's New Key to Stock Market Profits,indicator_reference,,,,,medium,no,OBV 創作者，將成交量作為價格先行壓力的概念推廣到股票市場。
29,約瑟夫・格蘭維爾,Joseph Granville,https://www.investopedia.com/terms/o/onbalancevolume.asp,source,,obv,obv;volume-analysis,,,,https://www.investopedia.com/terms/o/onbalancevolume.asp,https://www.investopedia.com/terms/o/onbalancevolume.asp,indicator_reference,,,,,medium,seed_source,OBV 創作者，將成交量作為價格先行壓力的概念推廣到股票市場。
29,約瑟夫・格蘭維爾,Joseph Granville,https://openlibrary.org/works/OL3510350W/New_key_to_stock_market_profits,source,,obv,obv;volume-analysis,,,,https://openlibrary.org/works/OL3510350W/New_key_to_stock_market_profits,https://openlibrary.org/works/OL3510350W/New_key_to_stock_market_profits,book_catalog,,,,,medium,seed_source,OBV 創作者，將成交量作為價格先行壓力的概念推廣到股票市場。
29,約瑟夫・格蘭維爾,Joseph Granville,https://books.google.com/books/about/New_Key_to_Stock_Market_Profits.html?id=Z8xl5AAACAAJ,source,,obv,obv;volume-analysis,,,,https://books.google.com/books/about/New_Key_to_Stock_Market_Profits.html?id=Z8xl5AAACAAJ,https://books.google.com/books/about/New_Key_to_Stock_Market_Profits.html?id=Z8xl5AAACAAJ,book_catalog,,,,,medium,seed_source,OBV 創作者，將成交量作為價格先行壓力的概念推廣到股票市場。
30,謝爾曼・麥克萊倫,Sherman McClellan,Patterns for Profit,book,,mcclellan-oscillator,mcclellan-oscillator;breadth,Sherman McClellan,,,https://www.mcoscillator.com/learning_center/kb/mcclellan_oscillator/the_origin_story_of_the_mcclellan_oscillator/,Patterns for Profit,book_reference,,,,,medium,no,與 Marian McClellan 共同開發 McClellan Oscillator 與 Summation Index。
30,謝爾曼・麥克萊倫,Sherman McClellan,https://www.mcoscillator.com/learning_center/kb/mcclellan_oscillator/the_origin_story_of_the_mcclellan_oscillator/,source,,mcclellan-oscillator,mcclellan-oscillator;breadth,,,,https://www.mcoscillator.com/learning_center/kb/mcclellan_oscillator/the_origin_story_of_the_mcclellan_oscillator/,https://www.mcoscillator.com/learning_center/kb/mcclellan_oscillator/the_origin_story_of_the_mcclellan_oscillator/,web_reference,,,,,medium,seed_source,與 Marian McClellan 共同開發 McClellan Oscillator 與 Summation Index。
30,謝爾曼・麥克萊倫,Sherman McClellan,https://www.investopedia.com/terms/m/mcclellanoscillator.asp,source,,mcclellan-oscillator,mcclellan-oscillator;breadth,,,,https://www.investopedia.com/terms/m/mcclellanoscillator.asp,https://www.investopedia.com/terms/m/mcclellanoscillator.asp,indicator_reference,,,,,medium,seed_source,與 Marian McClellan 共同開發 McClellan Oscillator 與 Summation Index。
31,瑪麗安・麥克萊倫,Marian McClellan,Patterns for Profit,book,,mcclellan-oscillator,mcclellan-oscillator;breadth,Marian McClellan,,,https://www.mcoscillator.com/learning_center/kb/mcclellan_oscillator/the_origin_story_of_the_mcclellan_oscillator/,Patterns for Profit,book_reference,,,,,medium,no,McClellan Oscillator 共同創作者，對廣度動量與市場內部結構研究具代表性。
31,瑪麗安・麥克萊倫,Marian McClellan,https://www.mcoscillator.com/learning_center/kb/mcclellan_oscillator/the_origin_story_of_the_mcclellan_oscillator/,source,,mcclellan-oscillator,mcclellan-oscillator;breadth,,,,https://www.mcoscillator.com/learning_center/kb/mcclellan_oscillator/the_origin_story_of_the_mcclellan_oscillator/,https://www.mcoscillator.com/learning_center/kb/mcclellan_oscillator/the_origin_story_of_the_mcclellan_oscillator/,web_reference,,,,,medium,seed_source,McClellan Oscillator 共同創作者，對廣度動量與市場內部結構研究具代表性。
31,瑪麗安・麥克萊倫,Marian McClellan,https://www.investopedia.com/terms/m/mcclellanoscillator.asp,source,,mcclellan-oscillator,mcclellan-oscillator;breadth,,,,https://www.investopedia.com/terms/m/mcclellanoscillator.asp,https://www.investopedia.com/terms/m/mcclellanoscillator.asp,indicator_reference,,,,,medium,seed_source,McClellan Oscillator 共同創作者，對廣度動量與市場內部結構研究具代表性。
32,理查・阿姆斯,Richard W. Arms Jr.,The Arms Index,indicator,1967,trin-arms-index,trin-arms-index;breadth;volume-analysis,Richard W. Arms Jr.,,,https://chartschool.stockcharts.com/table-of-contents/market-indicators/arms-index-trin,The Arms Index,indicator_reference,,,,,medium,no,TRIN/Arms Index 將漲跌家數與成交量結合，是經典市場寬度與短線情緒工具。
32,理查・阿姆斯,Richard W. Arms Jr.,https://chartschool.stockcharts.com/table-of-contents/market-indicators/arms-index-trin,source,,trin-arms-index,trin-arms-index;breadth;volume-analysis,,,,https://chartschool.stockcharts.com/table-of-contents/market-indicators/arms-index-trin,https://chartschool.stockcharts.com/table-of-contents/market-indicators/arms-index-trin,indicator_reference,,,,,medium,seed_source,TRIN/Arms Index 將漲跌家數與成交量結合，是經典市場寬度與短線情緒工具。
32,理查・阿姆斯,Richard W. Arms Jr.,https://www.investopedia.com/terms/a/arms.asp,source,,trin-arms-index,trin-arms-index;breadth;volume-analysis,,,,https://www.investopedia.com/terms/a/arms.asp,https://www.investopedia.com/terms/a/arms.asp,indicator_reference,,,,,medium,seed_source,TRIN/Arms Index 將漲跌家數與成交量結合，是經典市場寬度與短線情緒工具。
33,艾德溫・科波克,Edwin S. Coppock,Coppock Curve,indicator,1962,coppock-curve,coppock-curve;momentum,Edwin S. Coppock,,,https://en.wikipedia.org/wiki/Coppock_curve,Coppock Curve,web_reference,,,,,medium,no,Coppock Curve 是長期市場底部與月線動量判讀的經典工具。
33,艾德溫・科波克,Edwin S. Coppock,https://en.wikipedia.org/wiki/Coppock_curve,source,,coppock-curve,coppock-curve;momentum,,,,https://en.wikipedia.org/wiki/Coppock_curve,https://en.wikipedia.org/wiki/Coppock_curve,web_reference,,,,,medium,seed_source,Coppock Curve 是長期市場底部與月線動量判讀的經典工具。
33,艾德溫・科波克,Edwin S. Coppock,https://www.investopedia.com/articles/active-trading/031814/using-coppock-curve-generate-stock-trade-signals.asp,source,,coppock-curve,coppock-curve;momentum,,,,https://www.investopedia.com/articles/active-trading/031814/using-coppock-curve-generate-stock-trade-signals.asp,https://www.investopedia.com/articles/active-trading/031814/using-coppock-curve-generate-stock-trade-signals.asp,indicator_reference,,,,,medium,seed_source,Coppock Curve 是長期市場底部與月線動量判讀的經典工具。
33,艾德溫・科波克,Edwin S. Coppock,https://www.incrediblecharts.com/indicators/coppock_indicator.php,source,,coppock-curve,coppock-curve;momentum,,,,https://www.incrediblecharts.com/indicators/coppock_indicator.php,https://www.incrediblecharts.com/indicators/coppock_indicator.php,web_reference,,,,,medium,seed_source,Coppock Curve 是長期市場底部與月線動量判讀的經典工具。
34,湯姆・迪馬克,Tom DeMark,The New Science of Technical Analysis,book,1994,demark-indicators,demark-indicators;market_timing,Tom DeMark,,,https://demark.com/about/,The New Science of Technical Analysis,book_reference,,,,,medium,no,DeMARK 指標系列在機構交易與市場時機判斷中知名度高，官方資料稱其為 DeMARK Indicators 創作者。
34,湯姆・迪馬克,Tom DeMark,DeMARK Indicators,indicator_library,,demark-indicators,demark-indicators;market_timing,Tom DeMark,,,https://demark.com/about/,DeMARK Indicators,web_reference,,,,,medium,no,DeMARK 指標系列在機構交易與市場時機判斷中知名度高，官方資料稱其為 DeMARK Indicators 創作者。
34,湯姆・迪馬克,Tom DeMark,https://demark.com/about/,source,,demark-indicators,demark-indicators;market_timing,,,,https://demark.com/about/,https://demark.com/about/,web_reference,,,,,medium,seed_source,DeMARK 指標系列在機構交易與市場時機判斷中知名度高，官方資料稱其為 DeMARK Indicators 創作者。
34,湯姆・迪馬克,Tom DeMark,https://demark.com/demark-indicators/,source,,demark-indicators,demark-indicators;market_timing,,,,https://demark.com/demark-indicators/,https://demark.com/demark-indicators/,web_reference,,,,,medium,seed_source,DeMARK 指標系列在機構交易與市場時機判斷中知名度高，官方資料稱其為 DeMARK Indicators 創作者。
35,亞歷山大・艾爾德,Alexander Elder,Trading for a Living,book,1993,elder-ray,elder-ray;force-index;systems-trading,Alexander Elder,,,https://openlibrary.org/works/OL1940236W,Trading for a Living,book_catalog,,,/works/OL1940236W,,high,yes,Elder-Ray、Force Index 與 Triple Screen 系統將趨勢、動量、量能與交易心理結合。
35,亞歷山大・艾爾德,Alexander Elder,https://www.investopedia.com/articles/trading/03/022603.asp,source,,elder-ray,elder-ray;force-index;systems-trading,,,,https://www.investopedia.com/articles/trading/03/022603.asp,https://www.investopedia.com/articles/trading/03/022603.asp,indicator_reference,,,,,medium,seed_source,Elder-Ray、Force Index 與 Triple Screen 系統將趨勢、動量、量能與交易心理結合。
36,史蒂夫・尼森,Steve Nison,Japanese Candlestick Charting Techniques,book,1991,candlestick,candlestick;chart-patterns,Steve Nison,,,https://candlecharts.com/about-steve-nison/,Japanese Candlestick Charting Techniques,book_reference,,,,,medium,no,被其官方網站稱為把日本蠟燭圖帶入西方世界的權威，對全球 K 線教材影響極大。
36,史蒂夫・尼森,Steve Nison,https://candlecharts.com/about-steve-nison/,source,,candlestick,candlestick;chart-patterns,,,,https://candlecharts.com/about-steve-nison/,https://candlecharts.com/about-steve-nison/,web_reference,,,,,medium,seed_source,被其官方網站稱為把日本蠟燭圖帶入西方世界的權威，對全球 K 線教材影響極大。
36,史蒂夫・尼森,Steve Nison,https://openlibrary.org/books/OL1864784M/Japanese_candlestick_charting_techniques,source,,candlestick,candlestick;chart-patterns,,,,https://openlibrary.org/books/OL1864784M/Japanese_candlestick_charting_techniques,https://openlibrary.org/books/OL1864784M/Japanese_candlestick_charting_techniques,book_catalog,,,,,medium,seed_source,被其官方網站稱為把日本蠟燭圖帶入西方世界的權威，對全球 K 線教材影響極大。
36,史蒂夫・尼森,Steve Nison,https://www.amazon.com/Japanese-Candlestick-Charting-Techniques-Second/dp/0735201811,source,,candlestick,candlestick;chart-patterns,,,,https://www.amazon.com/Japanese-Candlestick-Charting-Techniques-Second/dp/0735201811,https://www.amazon.com/Japanese-Candlestick-Charting-Techniques-Second/dp/0735201811,book_catalog,,,,,medium,seed_source,被其官方網站稱為把日本蠟燭圖帶入西方世界的權威，對全球 K 線教材影響極大。
37,細田悟一,Goichi Hosoda,Ichimoku Kinko Hyo,book_series,1969,ichimoku,ichimoku;trend-following,Goichi Hosoda,,,https://www.investopedia.com/terms/i/ichimoku-cloud.asp,Ichimoku Kinko Hyo,indicator_reference,,,,,medium,no,一目均衡表創始者，將趨勢、動量、支撐阻力與時間概念整合為完整系統。
37,細田悟一,Goichi Hosoda,https://www.investopedia.com/terms/i/ichimoku-cloud.asp,source,,ichimoku,ichimoku;trend-following,,,,https://www.investopedia.com/terms/i/ichimoku-cloud.asp,https://www.investopedia.com/terms/i/ichimoku-cloud.asp,indicator_reference,,,,,medium,seed_source,一目均衡表創始者，將趨勢、動量、支撐阻力與時間概念整合為完整系統。
37,細田悟一,Goichi Hosoda,https://www.swissquote.com/en-ch/private/inspire/blog/technical-analysis/what-ichimoku-kinko-hyo-trading-method,source,,ichimoku,ichimoku;trend-following,,,,https://www.swissquote.com/en-ch/private/inspire/blog/technical-analysis/what-ichimoku-kinko-hyo-trading-method,https://www.swissquote.com/en-ch/private/inspire/blog/technical-analysis/what-ichimoku-kinko-hyo-trading-method,web_reference,,,,,medium,seed_source,一目均衡表創始者，將趨勢、動量、支撐阻力與時間概念整合為完整系統。
38,本間宗久,Munehisa Homma,Sakata Rules,historical_method,,candlestick,candlestick;price-action,Munehisa Homma,,,https://en.wikipedia.org/wiki/Munehisa_Homma,Sakata Rules,web_reference,,,,,medium,no,常被列為日本 K 線與市場心理分析源流人物；適合記錄在蠟燭圖歷史欄位。
38,本間宗久,Munehisa Homma,https://en.wikipedia.org/wiki/Munehisa_Homma,source,,candlestick,candlestick;price-action,,,,https://en.wikipedia.org/wiki/Munehisa_Homma,https://en.wikipedia.org/wiki/Munehisa_Homma,web_reference,,,,,medium,seed_source,常被列為日本 K 線與市場心理分析源流人物；適合記錄在蠟燭圖歷史欄位。
38,本間宗久,Munehisa Homma,https://www.hotcandlestick.com/candlesticks.htm,source,,candlestick,candlestick;price-action,,,,https://www.hotcandlestick.com/candlesticks.htm,https://www.hotcandlestick.com/candlesticks.htm,web_reference,,,,,medium,seed_source,常被列為日本 K 線與市場心理分析源流人物；適合記錄在蠟燭圖歷史欄位。
38,本間宗久,Munehisa Homma,https://ftmo.com/en/blog/technical-analysis-history-of-candlestick-charts/,source,,candlestick,candlestick;price-action,,,,https://ftmo.com/en/blog/technical-analysis-history-of-candlestick-charts/,https://ftmo.com/en/blog/technical-analysis-history-of-candlestick-charts/,web_reference,,,,,medium,seed_source,常被列為日本 K 線與市場心理分析源流人物；適合記錄在蠟燭圖歷史欄位。
39,湯瑪斯・布考斯基,Thomas N. Bulkowski,Encyclopedia of Chart Patterns,book,2000,chart-patterns,chart-patterns;candlestick;backtesting,Thomas N. Bulkowski,,,https://www.amazon.com/Encyclopedia-Chart-Patterns-Thomas-Bulkowski/dp/0471668265,Encyclopedia of Chart Patterns,book_catalog,,,,,high,no,以大量歷史樣本統計圖表型態與 K 線表現，是型態資料庫的重要參考人物。
39,湯瑪斯・布考斯基,Thomas N. Bulkowski,https://thepatternsite.com/,source,,chart-patterns,chart-patterns;candlestick;backtesting,,,,https://thepatternsite.com/,https://thepatternsite.com/,web_reference,,,,,medium,seed_source,以大量歷史樣本統計圖表型態與 K 線表現，是型態資料庫的重要參考人物。
39,湯瑪斯・布考斯基,Thomas N. Bulkowski,https://www.amazon.com/Encyclopedia-Chart-Patterns-Thomas-Bulkowski/dp/0471668265,source,,chart-patterns,chart-patterns;candlestick;backtesting,,,,https://www.amazon.com/Encyclopedia-Chart-Patterns-Thomas-Bulkowski/dp/0471668265,https://www.amazon.com/Encyclopedia-Chart-Patterns-Thomas-Bulkowski/dp/0471668265,book_catalog,,,,,medium,seed_source,以大量歷史樣本統計圖表型態與 K 線表現，是型態資料庫的重要參考人物。
40,路易絲・山田,Louise Yamada,Market Magic: Riding the Greatest Bull Market of the Century,book,1998,relative-strength,relative-strength;trend-following;support-resistance,Louise Yamada,,,https://cmtassociation.org/presenter/louise-yamada/,Market Magic: Riding the Greatest Bull Market of the Century,award_or_professional,,,,,high,no,前 Smith Barney/Citigroup 技術研究主管與 CMT Lifetime Achievement 得主，代表機構級技術分析。
40,路易絲・山田,Louise Yamada,https://cmtassociation.org/presenter/louise-yamada/,source,,relative-strength,relative-strength;trend-following;support-resistance,,,,https://cmtassociation.org/presenter/louise-yamada/,https://cmtassociation.org/presenter/louise-yamada/,award_or_professional,,,,,high,seed_source,前 Smith Barney/Citigroup 技術研究主管與 CMT Lifetime Achievement 得主，代表機構級技術分析。
40,路易絲・山田,Louise Yamada,https://www.lyadvisors.com/,source,,relative-strength,relative-strength;trend-following;support-resistance,,,,https://www.lyadvisors.com/,https://www.lyadvisors.com/,web_reference,,,,,medium,seed_source,前 Smith Barney/Citigroup 技術研究主管與 CMT Lifetime Achievement 得主，代表機構級技術分析。
41,拉爾夫・阿坎波拉,Ralph Acampora,The Fourth Mega-Market,book,2000,trend-following,trend-following;chart-patterns;dow-theory,Ralph Acampora; Michael D'Angelo,,,https://openlibrary.org/works/OL15830673W,"The fourth mega-market, now through 2011",book_catalog,,,/works/OL15830673W,,high,yes,被 NYIF 描述為華爾街受尊敬的技術分析師與市場歷史研究者，教育與業界影響力高。
41,拉爾夫・阿坎波拉,Ralph Acampora,https://www.nyif.com/faculties/acampora-ralph,source,,trend-following,trend-following;chart-patterns;dow-theory,,,,https://www.nyif.com/faculties/acampora-ralph,https://www.nyif.com/faculties/acampora-ralph,web_reference,,,,,medium,seed_source,被 NYIF 描述為華爾街受尊敬的技術分析師與市場歷史研究者，教育與業界影響力高。
42,羅伯特・普萊切特,Robert Prechter,Elliott Wave Principle,book,1978,elliott-wave,elliott-wave;sentiment,A. J. Frost; Robert R. Prechter; Robert R. Prechter Jr.; Robert Rougelot Prechter,,,https://www.amazon.com/Elliott-Wave-Principle-Key-Market/dp/1616041374,Elliott wave principle,book_catalog,,,/works/OL2017557W,,high,yes,將艾略特波浪重新推廣成全球知名方法，與 A. J. Frost 合著經典教材。
42,羅伯特・普萊切特,Robert Prechter,https://en.wikipedia.org/wiki/Robert_Prechter,source,,elliott-wave,elliott-wave;sentiment,,,,https://en.wikipedia.org/wiki/Robert_Prechter,https://en.wikipedia.org/wiki/Robert_Prechter,web_reference,,,,,medium,seed_source,將艾略特波浪重新推廣成全球知名方法，與 A. J. Frost 合著經典教材。
42,羅伯特・普萊切特,Robert Prechter,https://www.amazon.com/Elliott-Wave-Principle-Key-Market/dp/1616041374,source,,elliott-wave,elliott-wave;sentiment,,,,https://www.amazon.com/Elliott-Wave-Principle-Key-Market/dp/1616041374,https://www.amazon.com/Elliott-Wave-Principle-Key-Market/dp/1616041374,book_catalog,,,,,medium,seed_source,將艾略特波浪重新推廣成全球知名方法，與 A. J. Frost 合著經典教材。
43,A・J・佛羅斯特,A. J. Frost,Elliott Wave Principle,book,1978,elliott-wave,elliott-wave,A. J. Frost; Robert R. Prechter; Robert R. Prechter Jr.; Robert Rougelot Prechter,,,https://www.amazon.com/Elliott-Wave-Principle-Key-Market/dp/1616041374,Elliott wave principle,book_catalog,,,/works/OL2017557W,,high,yes,與 Robert Prechter 合著《Elliott Wave Principle》，是波浪理論教材化的重要人物。
43,A・J・佛羅斯特,A. J. Frost,https://www.amazon.com/Elliott-Wave-Principle-Key-Market/dp/1616041374,source,,elliott-wave,elliott-wave,,,,https://www.amazon.com/Elliott-Wave-Principle-Key-Market/dp/1616041374,https://www.amazon.com/Elliott-Wave-Principle-Key-Market/dp/1616041374,book_catalog,,,,,medium,seed_source,與 Robert Prechter 合著《Elliott Wave Principle》，是波浪理論教材化的重要人物。
43,A・J・佛羅斯特,A. J. Frost,https://www.elliottwave.com/books/elliott-wave-principle/,source,,elliott-wave,elliott-wave,,,,https://www.elliottwave.com/books/elliott-wave-principle/,https://www.elliottwave.com/books/elliott-wave-principle/,web_reference,,,,,medium,seed_source,與 Robert Prechter 合著《Elliott Wave Principle》，是波浪理論教材化的重要人物。
44,格倫・尼利,Glenn Neely,Mastering Elliott Wave,book,1990,elliott-wave,elliott-wave;systems-trading,Glenn Neely; Eric Hall,,,https://www.amazon.com/Mastering-Elliott-Wave-Glenn-Neely/dp/0930233441,Mastering Elliott wave,book_catalog,,,/works/OL2476876W,,high,yes,嘗試把艾略特波浪規則化與更嚴格分類，適合記錄於波浪理論研究分支。
44,格倫・尼利,Glenn Neely,https://www.amazon.com/Mastering-Elliott-Wave-Glenn-Neely/dp/0930233441,source,,elliott-wave,elliott-wave;systems-trading,,,,https://www.amazon.com/Mastering-Elliott-Wave-Glenn-Neely/dp/0930233441,https://www.amazon.com/Mastering-Elliott-Wave-Glenn-Neely/dp/0930233441,book_catalog,,,,,medium,seed_source,嘗試把艾略特波浪規則化與更嚴格分類，適合記錄於波浪理論研究分支。
44,格倫・尼利,Glenn Neely,https://www.neowave.com/product-book.asp,source,,elliott-wave,elliott-wave;systems-trading,,,,https://www.neowave.com/product-book.asp,https://www.neowave.com/product-book.asp,web_reference,,,,,medium,seed_source,嘗試把艾略特波浪規則化與更嚴格分類，適合記錄於波浪理論研究分支。
44,格倫・尼利,Glenn Neely,https://glennneely.com/,source,,elliott-wave,elliott-wave;systems-trading,,,,https://glennneely.com/,https://glennneely.com/,web_reference,,,,,medium,seed_source,嘗試把艾略特波浪規則化與更嚴格分類，適合記錄於波浪理論研究分支。
45,艾德森・古爾德,Edson Gould,Findings & Forecasts,newsletter,,sentiment,sentiment;breadth;trend-following,Edson Gould,,,https://www.investopedia.com/articles/financial-theory/10/pioneers-technical-analysis.asp,Findings & Forecasts,indicator_reference,,,,,medium,no,Investopedia 將其列為技術分析先驅之一，以 Senti-Meter 等長期市場指標聞名。
45,艾德森・古爾德,Edson Gould,https://www.investopedia.com/articles/financial-theory/10/pioneers-technical-analysis.asp,source,,sentiment,sentiment;breadth;trend-following,,,,https://www.investopedia.com/articles/financial-theory/10/pioneers-technical-analysis.asp,https://www.investopedia.com/articles/financial-theory/10/pioneers-technical-analysis.asp,indicator_reference,,,,,medium,seed_source,Investopedia 將其列為技術分析先驅之一，以 Senti-Meter 等長期市場指標聞名。
45,艾德森・古爾德,Edson Gould,https://chartschool.stockcharts.com/table-of-contents/chart-analysis/chart-annotation-tools/speed-resistance-lines,source,,sentiment,sentiment;breadth;trend-following,,,,https://chartschool.stockcharts.com/table-of-contents/chart-analysis/chart-annotation-tools/speed-resistance-lines,https://chartschool.stockcharts.com/table-of-contents/chart-analysis/chart-annotation-tools/speed-resistance-lines,indicator_reference,,,,,medium,seed_source,Investopedia 將其列為技術分析先驅之一，以 Senti-Meter 等長期市場指標聞名。
45,艾德森・古爾德,Edson Gould,https://www.mcoscillator.com/learning_center/weekly_chart/edson_goulds_daily_point_index/,source,,sentiment,sentiment;breadth;trend-following,,,,https://www.mcoscillator.com/learning_center/weekly_chart/edson_goulds_daily_point_index/,https://www.mcoscillator.com/learning_center/weekly_chart/edson_goulds_daily_point_index/,web_reference,,,,,medium,seed_source,Investopedia 將其列為技術分析先驅之一，以 Senti-Meter 等長期市場指標聞名。
46,保羅・德斯蒙德,Paul Desmond,Identifying Bear Market Bottoms and New Bull Markets,paper,2002,breadth,breadth;sentiment;dow-theory,John M. maheu; Thomas H. McCurdy,Informa UK Limited,Journal of Business &amp; Economic Statistics,https://doi.org/10.1080/07350015.2000.10524851,Identifying Bull and Bear Markets in Stock Returns,academic_paper,10.1080/07350015.2000.10524851,,,,high,yes,2002 Charles H. Dow Award 得主，研究熊市底部與新牛市確認，適合市場寬度/底部研究資料庫。
46,保羅・德斯蒙德,Paul Desmond,https://cmtassociation.org/association/award-recognizing/charles-h-dow-award/,source,,breadth,breadth;sentiment;dow-theory,,,,https://cmtassociation.org/association/award-recognizing/charles-h-dow-award/,https://cmtassociation.org/association/award-recognizing/charles-h-dow-award/,award_or_professional,,,,,high,seed_source,2002 Charles H. Dow Award 得主，研究熊市底部與新牛市確認，適合市場寬度/底部研究資料庫。
47,理查・羅素,Richard Russell,Dow Theory Letters,newsletter,1958,dow-theory,dow-theory;trend-following,Richard Russell,,,https://en.wikipedia.org/wiki/Richard_Russell_(Dow_Theory),Dow Theory Letters,web_reference,,,,,medium,no,長期撰寫 Dow Theory Letters，是道氏理論在現代市場評論中的代表人物。
47,理查・羅素,Richard Russell,https://en.wikipedia.org/wiki/Richard_Russell_(Dow_Theory),source,,dow-theory,dow-theory;trend-following,,,,https://en.wikipedia.org/wiki/Richard_Russell_(Dow_Theory),https://en.wikipedia.org/wiki/Richard_Russell_(Dow_Theory),web_reference,,,,,medium,seed_source,長期撰寫 Dow Theory Letters，是道氏理論在現代市場評論中的代表人物。
47,理查・羅素,Richard Russell,https://www.fa-mag.com/news/richard-russell--publisher-of-dow-theory-letters--dies-at-91-23996.html?print=,source,,dow-theory,dow-theory;trend-following,,,,https://www.fa-mag.com/news/richard-russell--publisher-of-dow-theory-letters--dies-at-91-23996.html?print=,https://www.fa-mag.com/news/richard-russell--publisher-of-dow-theory-letters--dies-at-91-23996.html?print=,web_reference,,,,,medium,seed_source,長期撰寫 Dow Theory Letters，是道氏理論在現代市場評論中的代表人物。
47,理查・羅素,Richard Russell,https://www.trendfollowing.com/2013/03/16/ep-109-richard-russell-and-dow-theory-with-michael-covel-on-trend-following-radio/,source,,dow-theory,dow-theory;trend-following,,,,https://www.trendfollowing.com/2013/03/16/ep-109-richard-russell-and-dow-theory-with-michael-covel-on-trend-following-radio/,https://www.trendfollowing.com/2013/03/16/ep-109-richard-russell-and-dow-theory-with-michael-covel-on-trend-following-radio/,web_reference,,,,,medium,seed_source,長期撰寫 Dow Theory Letters，是道氏理論在現代市場評論中的代表人物。
48,史坦・溫斯坦,Stan Weinstein,Secrets for Profiting in Bull and Bear Markets,book,1988,stage-analysis,stage-analysis;relative-strength;volume-analysis,Stan Weinstein,,,https://www.investopedia.com/articles/investing/070715/trading-stage-analysis.asp,Secrets for Profiting in Bull and Bear Markets,indicator_reference,,,,,medium,no,四階段分析與相對強弱/成交量突破選股方法在股票技術分析中常被使用。
48,史坦・溫斯坦,Stan Weinstein,https://www.investopedia.com/articles/investing/070715/trading-stage-analysis.asp,source,,stage-analysis,stage-analysis;relative-strength;volume-analysis,,,,https://www.investopedia.com/articles/investing/070715/trading-stage-analysis.asp,https://www.investopedia.com/articles/investing/070715/trading-stage-analysis.asp,indicator_reference,,,,,medium,seed_source,四階段分析與相對強弱/成交量突破選股方法在股票技術分析中常被使用。
48,史坦・溫斯坦,Stan Weinstein,https://www.stageanalysis.net/,source,,stage-analysis,stage-analysis;relative-strength;volume-analysis,,,,https://www.stageanalysis.net/,https://www.stageanalysis.net/,web_reference,,,,,medium,seed_source,四階段分析與相對強弱/成交量突破選股方法在股票技術分析中常被使用。
49,威廉・歐尼爾,William J. O'Neil,How to Make Money in Stocks,book,1988,can-slim,can-slim;cup-with-handle;relative-strength,William J. O'Neil,,,https://www.investopedia.com/terms/c/canslim.asp,How to Make Money in Stocks,indicator_reference,,,,,medium,no,CAN SLIM、杯柄形態與相對強弱選股方法在成長股股票交易者中極具影響力。
49,威廉・歐尼爾,William J. O'Neil,https://www.investopedia.com/terms/c/canslim.asp,source,,can-slim,can-slim;cup-with-handle;relative-strength,,,,https://www.investopedia.com/terms/c/canslim.asp,https://www.investopedia.com/terms/c/canslim.asp,indicator_reference,,,,,medium,seed_source,CAN SLIM、杯柄形態與相對強弱選股方法在成長股股票交易者中極具影響力。
49,威廉・歐尼爾,William J. O'Neil,https://www.fidelity.com/learning-center/trading-investing/technical-analysis/technical-indicator-guide/cup-with-handle,source,,can-slim,can-slim;cup-with-handle;relative-strength,,,,https://www.fidelity.com/learning-center/trading-investing/technical-analysis/technical-indicator-guide/cup-with-handle,https://www.fidelity.com/learning-center/trading-investing/technical-analysis/technical-indicator-guide/cup-with-handle,indicator_reference,,,,,medium,seed_source,CAN SLIM、杯柄形態與相對強弱選股方法在成長股股票交易者中極具影響力。
50,馬克・米勒維尼,Mark Minervini,Trade Like a Stock Market Wizard,book,2013,vcp,vcp;relative-strength;cup-with-handle,Mark Minervini,,,https://openlibrary.org/works/OL17513152W,Trade Like a Stock Market Wizard,book_catalog,,,/works/OL17513152W,,high,yes,以 SEPA 與 VCP 波動收縮形態聞名，是現代美股動能/成長股技術交易代表。
50,馬克・米勒維尼,Mark Minervini,Think and Trade Like a Champion,book,2017,vcp,vcp;relative-strength;cup-with-handle,Mark Minervini,,,https://trendspider.com/learning-center/volatility-contraction-pattern-vcp/,Think and Trade Like a Champion,book_reference,,,,,medium,no,以 SEPA 與 VCP 波動收縮形態聞名，是現代美股動能/成長股技術交易代表。
50,馬克・米勒維尼,Mark Minervini,https://trendspider.com/learning-center/volatility-contraction-pattern-vcp/,source,,vcp,vcp;relative-strength;cup-with-handle,,,,https://trendspider.com/learning-center/volatility-contraction-pattern-vcp/,https://trendspider.com/learning-center/volatility-contraction-pattern-vcp/,web_reference,,,,,medium,seed_source,以 SEPA 與 VCP 波動收縮形態聞名，是現代美股動能/成長股技術交易代表。
51,尼古拉斯・達瓦斯,Nicolas Darvas,"How I Made $2,000,000 in the Stock Market",book,1960,chart-patterns,chart-patterns;trend-following;relative-strength,Nicolas Darvas,,,https://openlibrary.org/works/OL6662939W,"How I Made $2,000,000 In The Stock Market",book_catalog,,,/works/OL6662939W,,high,yes,Darvas Box 是早期股票箱型突破交易的經典案例。
51,尼古拉斯・達瓦斯,Nicolas Darvas,https://en.wikipedia.org/wiki/Nicolas_Darvas,source,,chart-patterns,chart-patterns;trend-following;relative-strength,,,,https://en.wikipedia.org/wiki/Nicolas_Darvas,https://en.wikipedia.org/wiki/Nicolas_Darvas,web_reference,,,,,medium,seed_source,Darvas Box 是早期股票箱型突破交易的經典案例。
52,布萊恩・香農,Brian Shannon,Technical Analysis Using Multiple Timeframes,book,2008,vwap,vwap;price-action;support-resistance,Brian Shannon,,,https://openlibrary.org/works/OL19905807W,Technical analysis using multiple timeframes,book_catalog,,,/works/OL19905807W,,high,yes,多週期技術分析與 Anchored VWAP 教學影響力高，適合放入 VWAP/價格結構分類。
52,布萊恩・香農,Brian Shannon,Maximum Trading Gains with Anchored VWAP,book,2023,vwap,vwap;price-action;support-resistance,Brian Shannon,,,https://books.google.com/books/about/Maximum_Trading_Gains_With_Anchored_VWAP.html?id=p3aCzwEACAAJ,Maximum Trading Gains with Anchored VWAP,book_catalog,,,/works/OL34054577W,,high,yes,多週期技術分析與 Anchored VWAP 教學影響力高，適合放入 VWAP/價格結構分類。
52,布萊恩・香農,Brian Shannon,https://books.google.com/books/about/Maximum_Trading_Gains_With_Anchored_VWAP.html?id=p3aCzwEACAAJ,source,,vwap,vwap;price-action;support-resistance,,,,https://books.google.com/books/about/Maximum_Trading_Gains_With_Anchored_VWAP.html?id=p3aCzwEACAAJ,https://books.google.com/books/about/Maximum_Trading_Gains_With_Anchored_VWAP.html?id=p3aCzwEACAAJ,book_catalog,,,,,medium,seed_source,多週期技術分析與 Anchored VWAP 教學影響力高，適合放入 VWAP/價格結構分類。
53,琳達・布拉德福德・拉什克,Linda Bradford Raschke,Street Smarts,book,1996,price-action,price-action;opening-range-breakout;systems-trading,Linda Bradford Raschke,,,https://www.amazon.com/Street-Smarts-Probability-Short-Term-Strategies/dp/0965046109,Street Smarts,book_catalog,,,,,high,no,《Street Smarts》共同作者與 Market Wizards 受訪者，代表短線價格行為與實戰交易。
53,琳達・布拉德福德・拉什克,Linda Bradford Raschke,https://www.amazon.com/Street-Smarts-Probability-Short-Term-Strategies/dp/0965046109,source,,price-action,price-action;opening-range-breakout;systems-trading,,,,https://www.amazon.com/Street-Smarts-Probability-Short-Term-Strategies/dp/0965046109,https://www.amazon.com/Street-Smarts-Probability-Short-Term-Strategies/dp/0965046109,book_catalog,,,,,medium,seed_source,《Street Smarts》共同作者與 Market Wizards 受訪者，代表短線價格行為與實戰交易。
53,琳達・布拉德福德・拉什克,Linda Bradford Raschke,https://lindaraschke.net/recommended-reading/,source,,price-action,price-action;opening-range-breakout;systems-trading,,,,https://lindaraschke.net/recommended-reading/,https://lindaraschke.net/recommended-reading/,web_reference,,,,,medium,seed_source,《Street Smarts》共同作者與 Market Wizards 受訪者，代表短線價格行為與實戰交易。
54,拉倫斯・康納斯,Laurence A. Connors,Street Smarts,book,1996,connors-rsi,connors-rsi;rsi;systems-trading,Laurence A. Connors,,,https://chartschool.stockcharts.com/table-of-contents/technical-indicators-and-overlays/technical-indicators/connorsrsi,Street Smarts,indicator_reference,,,,,medium,no,ConnorsRSI 與短線 RSI2/均值回歸策略在量化與短線交易圈常被引用。
54,拉倫斯・康納斯,Laurence A. Connors,Short Term Trading Strategies That Work,book,2008,connors-rsi,connors-rsi;rsi;systems-trading,Laurence A. Connors,,,https://openlibrary.org/works/OL19901979W,Short term trading strategies that work,book_catalog,,,/works/OL19901979W,,high,yes,ConnorsRSI 與短線 RSI2/均值回歸策略在量化與短線交易圈常被引用。
54,拉倫斯・康納斯,Laurence A. Connors,ConnorsRSI,indicator,2012,connors-rsi,connors-rsi;rsi;systems-trading,Laurence A. Connors,,,https://chartschool.stockcharts.com/table-of-contents/technical-indicators-and-overlays/technical-indicators/connorsrsi,ConnorsRSI,indicator_reference,,,,,medium,no,ConnorsRSI 與短線 RSI2/均值回歸策略在量化與短線交易圈常被引用。
54,拉倫斯・康納斯,Laurence A. Connors,https://chartschool.stockcharts.com/table-of-contents/technical-indicators-and-overlays/technical-indicators/connorsrsi,source,,connors-rsi,connors-rsi;rsi;systems-trading,,,,https://chartschool.stockcharts.com/table-of-contents/technical-indicators-and-overlays/technical-indicators/connorsrsi,https://chartschool.stockcharts.com/table-of-contents/technical-indicators-and-overlays/technical-indicators/connorsrsi,indicator_reference,,,,,medium,seed_source,ConnorsRSI 與短線 RSI2/均值回歸策略在量化與短線交易圈常被引用。
54,拉倫斯・康納斯,Laurence A. Connors,https://www.amazon.com/Street-Smarts-Probability-Short-Term-Strategies/dp/0965046109,source,,connors-rsi,connors-rsi;rsi;systems-trading,,,,https://www.amazon.com/Street-Smarts-Probability-Short-Term-Strategies/dp/0965046109,https://www.amazon.com/Street-Smarts-Probability-Short-Term-Strategies/dp/0965046109,book_catalog,,,,,medium,seed_source,ConnorsRSI 與短線 RSI2/均值回歸策略在量化與短線交易圈常被引用。
55,安德魯・卡德威爾,Andrew Cardwell,Cardwell RSI Positive/Negative Reversals,method,,rsi,rsi;momentum,Andrew Cardwell,,,https://www.linkedin.com/in/andrew-cardwell-b318099,Cardwell RSI Positive/Negative Reversals,web_reference,,,,,medium,no,以 RSI Range Rules 與 Positive/Negative Reversals 聞名，是 RSI 進階應用的重要專家。
55,安德魯・卡德威爾,Andrew Cardwell,https://www.linkedin.com/in/andrew-cardwell-b318099,source,,rsi,rsi;momentum,,,,https://www.linkedin.com/in/andrew-cardwell-b318099,https://www.linkedin.com/in/andrew-cardwell-b318099,web_reference,,,,,medium,seed_source,以 RSI Range Rules 與 Positive/Negative Reversals 聞名，是 RSI 進階應用的重要專家。
55,安德魯・卡德威爾,Andrew Cardwell,https://www.investopedia.com/articles/active-trading/042114/overbought-or-oversold-use-relative-strength-index-find-out.asp,source,,rsi,rsi;momentum,,,,https://www.investopedia.com/articles/active-trading/042114/overbought-or-oversold-use-relative-strength-index-find-out.asp,https://www.investopedia.com/articles/active-trading/042114/overbought-or-oversold-use-relative-strength-index-find-out.asp,indicator_reference,,,,,medium,seed_source,以 RSI Range Rules 與 Positive/Negative Reversals 聞名，是 RSI 進階應用的重要專家。
56,康斯坦絲・布朗,Constance Brown,Technical Analysis for the Trading Professional,book,1999,rsi,rsi;momentum;evidence-based-ta,Constance M. Brown,,,https://www.amazon.com/Technical-Analysis-Trading-Professional-Second/dp/007175914X,Technical analysis for the trading professional,book_catalog,,,/works/OL1931266W,,high,yes,以 RSI 區間、Composite Index 與進階動量分析聞名，常被引用於 RSI 專題研究。
56,康斯坦絲・布朗,Constance Brown,https://www.amazon.com/Technical-Analysis-Trading-Professional-Second/dp/007175914X,source,,rsi,rsi;momentum;evidence-based-ta,,,,https://www.amazon.com/Technical-Analysis-Trading-Professional-Second/dp/007175914X,https://www.amazon.com/Technical-Analysis-Trading-Professional-Second/dp/007175914X,book_catalog,,,,,medium,seed_source,以 RSI 區間、Composite Index 與進階動量分析聞名，常被引用於 RSI 專題研究。
56,康斯坦絲・布朗,Constance Brown,https://www.barchart.com/education/technical-indicators/cmb-composite-index,source,,rsi,rsi;momentum;evidence-based-ta,,,,https://www.barchart.com/education/technical-indicators/cmb-composite-index,https://www.barchart.com/education/technical-indicators/cmb-composite-index,web_reference,,,,,medium,seed_source,以 RSI 區間、Composite Index 與進階動量分析聞名，常被引用於 RSI 專題研究。
57,約翰・艾勒斯,John F. Ehlers,Rocket Science for Traders,book,2001,cycle-analysis,cycle-analysis;ehlers-filters;systems-trading,John F. Ehlers,,,https://www.mesasoftware.com/TechnicalArticles.htm,Rocket Science for Traders,book_reference,,,,,medium,no,把數位訊號處理與週期濾波引入技術指標，是現代自適應與濾波指標的重要人物。
57,約翰・艾勒斯,John F. Ehlers,Cybernetic Analysis for Stocks and Futures,book,2004,cycle-analysis,cycle-analysis;ehlers-filters;systems-trading,John F. Ehlers,,,https://openlibrary.org/works/OL4117086W,Cybernetic Analysis for Stocks and Futures,book_catalog,,,/works/OL4117086W,,high,yes,把數位訊號處理與週期濾波引入技術指標，是現代自適應與濾波指標的重要人物。
57,約翰・艾勒斯,John F. Ehlers,https://www.mesasoftware.com/TechnicalArticles.htm,source,,cycle-analysis,cycle-analysis;ehlers-filters;systems-trading,,,,https://www.mesasoftware.com/TechnicalArticles.htm,https://www.mesasoftware.com/TechnicalArticles.htm,web_reference,,,,,medium,seed_source,把數位訊號處理與週期濾波引入技術指標，是現代自適應與濾波指標的重要人物。
58,穆雷・魯傑羅,Murray A. Ruggiero Jr.,Cybernetic Trading Strategies,book,1997,systems-trading,systems-trading;backtesting;evidence-based-ta,Murray A. Ruggiero,,,https://openlibrary.org/works/OL3359067W,Cybernetic trading strategies,book_catalog,,,/works/OL3359067W,,high,yes,專注交易系統、模糊邏輯、機器學習與技術規則，適合交易系統與回測分類。
58,穆雷・魯傑羅,Murray A. Ruggiero Jr.,https://guides.newman.baruch.cuny.edu/c.php?g=188442&p=1243542,source,,systems-trading,systems-trading;backtesting;evidence-based-ta,,,,https://guides.newman.baruch.cuny.edu/c.php?g=188442&p=1243542,https://guides.newman.baruch.cuny.edu/c.php?g=188442&p=1243542,web_reference,,,,,medium,seed_source,專注交易系統、模糊邏輯、機器學習與技術規則，適合交易系統與回測分類。
59,羅伯特・帕多,Robert Pardo,"Design, Testing, and Optimization of Trading Systems",book,1992,backtesting,backtesting;systems-trading;evidence-based-ta,Robert Pardo,,,https://openlibrary.org/works/OL21513106W,"Design, Testing, and Optimization of Trading Systems",book_catalog,,,/works/OL21513106W,,high,yes,其交易系統設計、測試與優化著作是量化技術分析與策略驗證常見參考。
59,羅伯特・帕多,Robert Pardo,https://guides.newman.baruch.cuny.edu/c.php?g=188442&p=1243542,source,,backtesting,backtesting;systems-trading;evidence-based-ta,,,,https://guides.newman.baruch.cuny.edu/c.php?g=188442&p=1243542,https://guides.newman.baruch.cuny.edu/c.php?g=188442&p=1243542,web_reference,,,,,medium,seed_source,其交易系統設計、測試與優化著作是量化技術分析與策略驗證常見參考。
60,霍華德・班迪,Howard Bandy,Quantitative Trading Systems,book,2007,systems-trading,systems-trading;backtesting;evidence-based-ta,Dr Howard B Bandy,,,https://openlibrary.org/works/OL20272151W,Quantitative Trading Systems,book_catalog,,,/works/OL20272151W,,high,yes,以交易系統建模、風險與回測流程著作聞名，適合本地資料庫後續加入策略驗證欄位。
60,霍華德・班迪,Howard Bandy,Modeling Trading System Performance,book,2011,systems-trading,systems-trading;backtesting;evidence-based-ta,Howard Bandy,,,https://guides.newman.baruch.cuny.edu/c.php?g=188442&p=1243542,Modeling Trading System Performance,book_reference,,,,,medium,no,以交易系統建模、風險與回測流程著作聞名，適合本地資料庫後續加入策略驗證欄位。
60,霍華德・班迪,Howard Bandy,https://guides.newman.baruch.cuny.edu/c.php?g=188442&p=1243542,source,,systems-trading,systems-trading;backtesting;evidence-based-ta,,,,https://guides.newman.baruch.cuny.edu/c.php?g=188442&p=1243542,https://guides.newman.baruch.cuny.edu/c.php?g=188442&p=1243542,web_reference,,,,,medium,seed_source,以交易系統建模、風險與回測流程著作聞名，適合本地資料庫後續加入策略驗證欄位。
61,湯瑪斯・史翠茲曼,Thomas Stridsman,Trading Systems That Work,book,2000,systems-trading,systems-trading;backtesting;trend-following,Thomas Stridsman,,,https://openlibrary.org/works/OL282070W,Trading Systems That Work,book_catalog,,,/works/OL282070W,,high,yes,交易系統設計與測試作者，對規則化技術分析與系統交易資料庫有參考價值。
61,湯瑪斯・史翠茲曼,Thomas Stridsman,https://guides.newman.baruch.cuny.edu/c.php?g=188442&p=1243542,source,,systems-trading,systems-trading;backtesting;trend-following,,,,https://guides.newman.baruch.cuny.edu/c.php?g=188442&p=1243542,https://guides.newman.baruch.cuny.edu/c.php?g=188442&p=1243542,web_reference,,,,,medium,seed_source,交易系統設計與測試作者，對規則化技術分析與系統交易資料庫有參考價值。
62,達利・古比,Daryl Guppy,Trading Tactics,book,1997,guppy-mma,guppy-mma;moving-average;trend-following,Oliver Velez,,,https://openlibrary.org/works/OL9915040W,Mico trading tactics,book_catalog,,,/works/OL9915040W,,high,yes,Guppy Multiple Moving Average 以兩組 EMA 判讀短長期交易者行為，常見於趨勢篩選。
62,達利・古比,Daryl Guppy,https://www.investopedia.com/terms/g/guppy-multiple-moving-average.asp,source,,guppy-mma,guppy-mma;moving-average;trend-following,,,,https://www.investopedia.com/terms/g/guppy-multiple-moving-average.asp,https://www.investopedia.com/terms/g/guppy-multiple-moving-average.asp,indicator_reference,,,,,medium,seed_source,Guppy Multiple Moving Average 以兩組 EMA 判讀短長期交易者行為，常見於趨勢篩選。
63,艾倫・霍爾,Alan Hull,Hull Moving Average,indicator,2005,hull-ma,hull-ma;moving-average,Alan Hull,,,https://alanhull.com/the-hull-moving-average/,Hull Moving Average,web_reference,,,,,medium,no,Hull Moving Average 以降低均線滯後聞名，是均線類指標的重要改良。
63,艾倫・霍爾,Alan Hull,https://alanhull.com/the-hull-moving-average/,source,,hull-ma,hull-ma;moving-average,,,,https://alanhull.com/the-hull-moving-average/,https://alanhull.com/the-hull-moving-average/,web_reference,,,,,medium,seed_source,Hull Moving Average 以降低均線滯後聞名，是均線類指標的重要改良。
63,艾倫・霍爾,Alan Hull,https://chartschool.stockcharts.com/table-of-contents/technical-indicators-and-overlays/technical-overlays/hull-moving-average-hma,source,,hull-ma,hull-ma;moving-average,,,,https://chartschool.stockcharts.com/table-of-contents/technical-indicators-and-overlays/technical-overlays/hull-moving-average-hma,https://chartschool.stockcharts.com/table-of-contents/technical-indicators-and-overlays/technical-overlays/hull-moving-average-hma,indicator_reference,,,,,medium,seed_source,Hull Moving Average 以降低均線滯後聞名，是均線類指標的重要改良。
64,約翰・麥金利,John R. McGinley,McGinley Dynamic,indicator,1997,mcginley-dynamic,mcginley-dynamic;moving-average,John R. McGinley,,,https://www.earn2trade.com/blog/mcginley-dynamic-indicator/,McGinley Dynamic,web_reference,,,,,medium,no,McGinley Dynamic 嘗試解決傳統均線跟不上市場速度的問題，屬均線改良指標。
64,約翰・麥金利,John R. McGinley,https://www.earn2trade.com/blog/mcginley-dynamic-indicator/,source,,mcginley-dynamic,mcginley-dynamic;moving-average,,,,https://www.earn2trade.com/blog/mcginley-dynamic-indicator/,https://www.earn2trade.com/blog/mcginley-dynamic-indicator/,web_reference,,,,,medium,seed_source,McGinley Dynamic 嘗試解決傳統均線跟不上市場速度的問題，屬均線改良指標。
64,約翰・麥金利,John R. McGinley,https://www.investopedia.com/terms/m/mcginley-dynamic.asp,source,,mcginley-dynamic,mcginley-dynamic;moving-average,,,,https://www.investopedia.com/terms/m/mcginley-dynamic.asp,https://www.investopedia.com/terms/m/mcginley-dynamic.asp,indicator_reference,,,,,medium,seed_source,McGinley Dynamic 嘗試解決傳統均線跟不上市場速度的問題，屬均線改良指標。
64,約翰・麥金利,John R. McGinley,https://dotnet.stockindicators.dev/indicators/Dynamic/,source,,mcginley-dynamic,mcginley-dynamic;moving-average,,,,https://dotnet.stockindicators.dev/indicators/Dynamic/,https://dotnet.stockindicators.dev/indicators/Dynamic/,web_reference,,,,,medium,seed_source,McGinley Dynamic 嘗試解決傳統均線跟不上市場速度的問題，屬均線改良指標。
65,派翠克・馬洛伊,Patrick G. Mulloy,Smoothing Data with Faster Moving Averages,article,1994,tema-dema,tema-dema;moving-average,David N. Ammons; Dale J. Roenigk,Routledge,Tools for Decision Making,https://doi.org/10.4324/9781003129431-6,Smoothing data trends by using moving averages,academic_paper,10.4324/9781003129431-6,,,,high,yes,DEMA/TEMA 改良均線滯後問題，在交易平台中常見。
65,派翠克・馬洛伊,Patrick G. Mulloy,https://chartschool.stockcharts.com/table-of-contents/technical-indicators-and-overlays/technical-overlays/triple-exponential-moving-average-tema,source,,tema-dema,tema-dema;moving-average,,,,https://chartschool.stockcharts.com/table-of-contents/technical-indicators-and-overlays/technical-overlays/triple-exponential-moving-average-tema,https://chartschool.stockcharts.com/table-of-contents/technical-indicators-and-overlays/technical-overlays/triple-exponential-moving-average-tema,indicator_reference,,,,,medium,seed_source,DEMA/TEMA 改良均線滯後問題，在交易平台中常見。
65,派翠克・馬洛伊,Patrick G. Mulloy,https://www.investopedia.com/ask/answers/041315/why-triple-exponential-moving-average-tema-important-traders-and-analysts.asp,source,,tema-dema,tema-dema;moving-average,,,,https://www.investopedia.com/ask/answers/041315/why-triple-exponential-moving-average-tema-important-traders-and-analysts.asp,https://www.investopedia.com/ask/answers/041315/why-triple-exponential-moving-average-tema-important-traders-and-analysts.asp,indicator_reference,,,,,medium,seed_source,DEMA/TEMA 改良均線滯後問題，在交易平台中常見。
66,傑克・哈特森,Jack K. Hutson,Good TRIX,article,1980,trix,trix;momentum,Barbara Fisher,Open Book Publishers,,https://doi.org/10.11647/obp.0377,Trix,academic_paper,10.11647/obp.0377,,,,high,yes,TRIX 創作者，將三重 EMA 平滑後的變化率用於趨勢/動量訊號。
66,傑克・哈特森,Jack K. Hutson,https://chartschool.stockcharts.com/table-of-contents/technical-indicators-and-overlays/technical-indicators/trix,source,,trix,trix;momentum,,,,https://chartschool.stockcharts.com/table-of-contents/technical-indicators-and-overlays/technical-indicators/trix,https://chartschool.stockcharts.com/table-of-contents/technical-indicators-and-overlays/technical-indicators/trix,indicator_reference,,,,,medium,seed_source,TRIX 創作者，將三重 EMA 平滑後的變化率用於趨勢/動量訊號。
67,金・匡,Gene Quong,Money Flow Index,indicator,1989,mfi,mfi;volume-analysis,Gene Quong,,,https://www.tradingview.com/support/solutions/43000502348-money-flow-mfi/,Money Flow Index,web_reference,,,,,medium,no,Money Flow Index 共同創作者，將成交量整合進 RSI 類動量分析。
67,金・匡,Gene Quong,https://www.tradingview.com/support/solutions/43000502348-money-flow-mfi/,source,,mfi,mfi;volume-analysis,,,,https://www.tradingview.com/support/solutions/43000502348-money-flow-mfi/,https://www.tradingview.com/support/solutions/43000502348-money-flow-mfi/,web_reference,,,,,medium,seed_source,Money Flow Index 共同創作者，將成交量整合進 RSI 類動量分析。
67,金・匡,Gene Quong,https://library.tradingtechnologies.com/trade/chrt-ti-money-flow-index.html,source,,mfi,mfi;volume-analysis,,,,https://library.tradingtechnologies.com/trade/chrt-ti-money-flow-index.html,https://library.tradingtechnologies.com/trade/chrt-ti-money-flow-index.html,web_reference,,,,,medium,seed_source,Money Flow Index 共同創作者，將成交量整合進 RSI 類動量分析。
67,金・匡,Gene Quong,https://help.stockstrader.com/en/support/solutions/articles/33000210228-money-flow-index-mfi-,source,,mfi,mfi;volume-analysis,,,,https://help.stockstrader.com/en/support/solutions/articles/33000210228-money-flow-index-mfi-,https://help.stockstrader.com/en/support/solutions/articles/33000210228-money-flow-index-mfi-,web_reference,,,,,medium,seed_source,Money Flow Index 共同創作者，將成交量整合進 RSI 類動量分析。
68,阿夫魯姆・蘇達克,Avrum Soudack,Money Flow Index,indicator,1989,mfi,mfi;volume-analysis,Avrum Soudack,,,https://www.tradingview.com/support/solutions/43000502348-money-flow-mfi/,Money Flow Index,web_reference,,,,,medium,no,Money Flow Index 共同創作者，MFI 也常被稱為加入成交量的 RSI。
68,阿夫魯姆・蘇達克,Avrum Soudack,https://www.tradingview.com/support/solutions/43000502348-money-flow-mfi/,source,,mfi,mfi;volume-analysis,,,,https://www.tradingview.com/support/solutions/43000502348-money-flow-mfi/,https://www.tradingview.com/support/solutions/43000502348-money-flow-mfi/,web_reference,,,,,medium,seed_source,Money Flow Index 共同創作者，MFI 也常被稱為加入成交量的 RSI。
68,阿夫魯姆・蘇達克,Avrum Soudack,https://library.tradingtechnologies.com/trade/chrt-ti-money-flow-index.html,source,,mfi,mfi;volume-analysis,,,,https://library.tradingtechnologies.com/trade/chrt-ti-money-flow-index.html,https://library.tradingtechnologies.com/trade/chrt-ti-money-flow-index.html,web_reference,,,,,medium,seed_source,Money Flow Index 共同創作者，MFI 也常被稱為加入成交量的 RSI。
68,阿夫魯姆・蘇達克,Avrum Soudack,https://help.stockstrader.com/en/support/solutions/articles/33000210228-money-flow-index-mfi-,source,,mfi,mfi;volume-analysis,,,,https://help.stockstrader.com/en/support/solutions/articles/33000210228-money-flow-index-mfi-,https://help.stockstrader.com/en/support/solutions/articles/33000210228-money-flow-index-mfi-,web_reference,,,,,medium,seed_source,Money Flow Index 共同創作者，MFI 也常被稱為加入成交量的 RSI。
69,彼得・馬丁,Peter G. Martin,The Investor's Guide to Fidelity Funds,book,1989,ulcer-index,ulcer-index;risk,"Martin, Peter G.",,,https://openlibrary.org/works/OL4775488W,The investor's guide to fidelity funds,book_catalog,,,/works/OL4775488W,,high,yes,Ulcer Index 共同創作者，用於衡量下行風險與回撤痛苦程度。
69,彼得・馬丁,Peter G. Martin,https://chartschool.stockcharts.com/table-of-contents/technical-indicators-and-overlays/technical-indicators/ulcer-index,source,,ulcer-index,ulcer-index;risk,,,,https://chartschool.stockcharts.com/table-of-contents/technical-indicators-and-overlays/technical-indicators/ulcer-index,https://chartschool.stockcharts.com/table-of-contents/technical-indicators-and-overlays/technical-indicators/ulcer-index,indicator_reference,,,,,medium,seed_source,Ulcer Index 共同創作者，用於衡量下行風險與回撤痛苦程度。
70,拜倫・麥肯,Byron McCann,The Investor's Guide to Fidelity Funds,book,1989,ulcer-index,ulcer-index;risk,"Martin, Peter G.",,,https://openlibrary.org/works/OL4775488W,The investor's guide to fidelity funds,book_catalog,,,/works/OL4775488W,,high,yes,Ulcer Index 共同作者，適合放入技術分析風險/回撤指標分類。
70,拜倫・麥肯,Byron McCann,https://chartschool.stockcharts.com/table-of-contents/technical-indicators-and-overlays/technical-indicators/ulcer-index,source,,ulcer-index,ulcer-index;risk,,,,https://chartschool.stockcharts.com/table-of-contents/technical-indicators-and-overlays/technical-indicators/ulcer-index,https://chartschool.stockcharts.com/table-of-contents/technical-indicators-and-overlays/technical-indicators/ulcer-index,indicator_reference,,,,,medium,seed_source,Ulcer Index 共同作者，適合放入技術分析風險/回撤指標分類。
71,艾蒂安・博特斯,Etienne Botes,The Vortex Indicator,article,2010,vortex-indicator,vortex-indicator;trend-following,Bei Zhang; Xinyun Zhu; Yiwei Dong,Institute of Electrical and Electronics Engineers (IEEE),IEEE Transactions on Instrumentation and Measurement,https://doi.org/10.1109/tim.2024.3418095,Vortex Retarder Allows Broadband Polarization Direction Indicator,academic_paper,10.1109/tim.2024.3418095,,,,high,yes,Vortex Indicator 共同創作者，該指標受 Wilder DMI 啟發，用於趨勢轉折與確認。
71,艾蒂安・博特斯,Etienne Botes,https://traders.com/documentation/feedbk_docs/2010/01/Botes.html,source,,vortex-indicator,vortex-indicator;trend-following,,,,https://traders.com/documentation/feedbk_docs/2010/01/Botes.html,https://traders.com/documentation/feedbk_docs/2010/01/Botes.html,web_reference,,,,,medium,seed_source,Vortex Indicator 共同創作者，該指標受 Wilder DMI 啟發，用於趨勢轉折與確認。
71,艾蒂安・博特斯,Etienne Botes,https://www.investopedia.com/terms/v/vortex-indicator-vi.asp,source,,vortex-indicator,vortex-indicator;trend-following,,,,https://www.investopedia.com/terms/v/vortex-indicator-vi.asp,https://www.investopedia.com/terms/v/vortex-indicator-vi.asp,indicator_reference,,,,,medium,seed_source,Vortex Indicator 共同創作者，該指標受 Wilder DMI 啟發，用於趨勢轉折與確認。
72,道格拉斯・西普曼,Douglas Siepman,The Vortex Indicator,article,2010,vortex-indicator,vortex-indicator;trend-following,Bei Zhang; Xinyun Zhu; Yiwei Dong,Institute of Electrical and Electronics Engineers (IEEE),IEEE Transactions on Instrumentation and Measurement,https://doi.org/10.1109/tim.2024.3418095,Vortex Retarder Allows Broadband Polarization Direction Indicator,academic_paper,10.1109/tim.2024.3418095,,,,high,yes,Vortex Indicator 共同創作者，適合歸檔於 DMI 類趨勢與方向變化指標。
72,道格拉斯・西普曼,Douglas Siepman,https://traders.com/documentation/feedbk_docs/2010/01/Botes.html,source,,vortex-indicator,vortex-indicator;trend-following,,,,https://traders.com/documentation/feedbk_docs/2010/01/Botes.html,https://traders.com/documentation/feedbk_docs/2010/01/Botes.html,web_reference,,,,,medium,seed_source,Vortex Indicator 共同創作者，適合歸檔於 DMI 類趨勢與方向變化指標。
72,道格拉斯・西普曼,Douglas Siepman,https://www.investopedia.com/terms/v/vortex-indicator-vi.asp,source,,vortex-indicator,vortex-indicator;trend-following,,,,https://www.investopedia.com/terms/v/vortex-indicator-vi.asp,https://www.investopedia.com/terms/v/vortex-indicator-vi.asp,indicator_reference,,,,,medium,seed_source,Vortex Indicator 共同創作者，適合歸檔於 DMI 類趨勢與方向變化指標。
73,奧利維耶・塞班,Olivier Seban,SuperTrend,indicator,2009,supertrend,supertrend;atr;trend-following,Olivier Seban,,,https://www.tradingview.com/support/solutions/43000634738-supertrend/,SuperTrend,web_reference,,,,,medium,no,SuperTrend 創作者，該指標以 ATR 與倍數形成趨勢方向線，在交易平台中非常常見。
73,奧利維耶・塞班,Olivier Seban,https://www.tradingview.com/support/solutions/43000634738-supertrend/,source,,supertrend,supertrend;atr;trend-following,,,,https://www.tradingview.com/support/solutions/43000634738-supertrend/,https://www.tradingview.com/support/solutions/43000634738-supertrend/,web_reference,,,,,medium,seed_source,SuperTrend 創作者，該指標以 ATR 與倍數形成趨勢方向線，在交易平台中非常常見。
73,奧利維耶・塞班,Olivier Seban,https://www.investopedia.com/supertrend-indicator-7976167,source,,supertrend,supertrend;atr;trend-following,,,,https://www.investopedia.com/supertrend-indicator-7976167,https://www.investopedia.com/supertrend-indicator-7976167,indicator_reference,,,,,medium,seed_source,SuperTrend 創作者，該指標以 ATR 與倍數形成趨勢方向線，在交易平台中非常常見。
74,漢克・普魯登,Hank Pruden,The Three Skills of Top Trading,book,2007,wyckoff-method,wyckoff-method;volume-analysis;systems-trading,Hank Pruden,,,https://openlibrary.org/works/OL9273040W,The Three Skills of Top Trading,book_catalog,,,/works/OL9273040W,,high,yes,將 Wyckoff 方法帶入學術與 CMT 教育脈絡，適合威科夫方法專家分類。
74,漢克・普魯登,Hank Pruden,https://www.wyckoffanalytics.com/hank-pruden/,source,,wyckoff-method,wyckoff-method;volume-analysis;systems-trading,,,,https://www.wyckoffanalytics.com/hank-pruden/,https://www.wyckoffanalytics.com/hank-pruden/,web_reference,,,,,medium,seed_source,將 Wyckoff 方法帶入學術與 CMT 教育脈絡，適合威科夫方法專家分類。
74,漢克・普魯登,Hank Pruden,https://chartschool.stockcharts.com/table-of-contents/market-analysis/wyckoff-analysis-articles/the-wyckoff-method-a-tutorial,source,,wyckoff-method,wyckoff-method;volume-analysis;systems-trading,,,,https://chartschool.stockcharts.com/table-of-contents/market-analysis/wyckoff-analysis-articles/the-wyckoff-method-a-tutorial,https://chartschool.stockcharts.com/table-of-contents/market-analysis/wyckoff-analysis-articles/the-wyckoff-method-a-tutorial,indicator_reference,,,,,medium,seed_source,將 Wyckoff 方法帶入學術與 CMT 教育脈絡，適合威科夫方法專家分類。
75,大衛・韋斯,David Weis,Trades About to Happen,book,2013,wyckoff-method,wyckoff-method;volume-analysis;price-action,David H. Weis; Alexander Elder,,,https://books.google.com/books/about/Trades_About_to_Happen.html?id=IPw1CgAAQBAJ,Trades about to Happen,book_catalog,,,/works/OL21471768W,,high,yes,把 Wyckoff 原理改編為現代量價與 Weis Wave 工具，是威科夫實戰資料的重要人物。
75,大衛・韋斯,David Weis,https://www.wyckoffanalytics.com/david-weis/,source,,wyckoff-method,wyckoff-method;volume-analysis;price-action,,,,https://www.wyckoffanalytics.com/david-weis/,https://www.wyckoffanalytics.com/david-weis/,web_reference,,,,,medium,seed_source,把 Wyckoff 原理改編為現代量價與 Weis Wave 工具，是威科夫實戰資料的重要人物。
75,大衛・韋斯,David Weis,https://books.google.com/books/about/Trades_About_to_Happen.html?id=IPw1CgAAQBAJ,source,,wyckoff-method,wyckoff-method;volume-analysis;price-action,,,,https://books.google.com/books/about/Trades_About_to_Happen.html?id=IPw1CgAAQBAJ,https://books.google.com/books/about/Trades_About_to_Happen.html?id=IPw1CgAAQBAJ,book_catalog,,,,,medium,seed_source,把 Wyckoff 原理改編為現代量價與 Weis Wave 工具，是威科夫實戰資料的重要人物。
76,湯姆・威廉斯,Tom Williams,Master the Markets,book,1993,volume-spread-analysis,volume-spread-analysis;wyckoff-method;volume-analysis,Rubén Villahermosa,,,https://openlibrary.org/works/OL29632674W,Master the Markets RESUMEN,book_catalog,,,/works/OL29632674W,,high,yes,Volume Spread Analysis 代表人物，將 Wyckoff 供需觀念整理為 VSA 量價差分析。
76,湯姆・威廉斯,Tom Williams,https://www.acmetrades.com/tom-williams,source,,volume-spread-analysis,volume-spread-analysis;wyckoff-method;volume-analysis,,,,https://www.acmetrades.com/tom-williams,https://www.acmetrades.com/tom-williams,web_reference,,,,,medium,seed_source,Volume Spread Analysis 代表人物，將 Wyckoff 供需觀念整理為 VSA 量價差分析。
76,湯姆・威廉斯,Tom Williams,https://www.tradeguider.com/resource_center1.asp,source,,volume-spread-analysis,volume-spread-analysis;wyckoff-method;volume-analysis,,,,https://www.tradeguider.com/resource_center1.asp,https://www.tradeguider.com/resource_center1.asp,web_reference,,,,,medium,seed_source,Volume Spread Analysis 代表人物，將 Wyckoff 供需觀念整理為 VSA 量價差分析。
77,A・W・科恩,A. W. Cohen,How to Use the Three-Point Reversal Method of Point & Figure Stock Market Trading,book,1947,point-and-figure,point-and-figure;breadth,A. W. Cohen,,,https://chartschool.stockcharts.com/table-of-contents/chart-analysis/point-and-figure-charts/point-and-figure-basics/introduction-to-point-and-figure-charts,How to Use the Three-Point Reversal Method of Point & Figure Stock Market Trading,indicator_reference,,,,,medium,no,被 StockCharts 介紹為經典 3-box reversal P&F 圖的代表人物之一。
77,A・W・科恩,A. W. Cohen,https://chartschool.stockcharts.com/table-of-contents/chart-analysis/point-and-figure-charts/point-and-figure-basics/introduction-to-point-and-figure-charts,source,,point-and-figure,point-and-figure;breadth,,,,https://chartschool.stockcharts.com/table-of-contents/chart-analysis/point-and-figure-charts/point-and-figure-basics/introduction-to-point-and-figure-charts,https://chartschool.stockcharts.com/table-of-contents/chart-analysis/point-and-figure-charts/point-and-figure-basics/introduction-to-point-and-figure-charts,indicator_reference,,,,,medium,seed_source,被 StockCharts 介紹為經典 3-box reversal P&F 圖的代表人物之一。
77,A・W・科恩,A. W. Cohen,https://books.google.com/books/about/How_to_Use_the_Three_point_Reversal_Meth.html?id=iMdEAAAAIAAJ,source,,point-and-figure,point-and-figure;breadth,,,,https://books.google.com/books/about/How_to_Use_the_Three_point_Reversal_Meth.html?id=iMdEAAAAIAAJ,https://books.google.com/books/about/How_to_Use_the_Three_point_Reversal_Meth.html?id=iMdEAAAAIAAJ,book_catalog,,,,,medium,seed_source,被 StockCharts 介紹為經典 3-box reversal P&F 圖的代表人物之一。
77,A・W・科恩,A. W. Cohen,https://openlibrary.org/works/OL174845W/How_to_use_the_three-point_reversal_method_of_point_figure_stock_market_trading,source,,point-and-figure,point-and-figure;breadth,,,,https://openlibrary.org/works/OL174845W/How_to_use_the_three-point_reversal_method_of_point_figure_stock_market_trading,https://openlibrary.org/works/OL174845W/How_to_use_the_three-point_reversal_method_of_point_figure_stock_market_trading,book_catalog,,,,,medium,seed_source,被 StockCharts 介紹為經典 3-box reversal P&F 圖的代表人物之一。
78,湯瑪斯・多爾西,Thomas J. Dorsey,Point & Figure Charting,book,1995,point-and-figure,point-and-figure;relative-strength,Thomas J. Dorsey,,,https://openlibrary.org/works/OL22846866W,RTR point & figure charting,book_catalog,,,/works/OL22846866W,,high,yes,現代 Point & Figure 教育與相對強弱分析代表人物，Nasdaq Dorsey Wright 方法與其相關。
78,湯瑪斯・多爾西,Thomas J. Dorsey,https://www.investopedia.com/terms/p/pointandfigurechart.asp,source,,point-and-figure,point-and-figure;relative-strength,,,,https://www.investopedia.com/terms/p/pointandfigurechart.asp,https://www.investopedia.com/terms/p/pointandfigurechart.asp,indicator_reference,,,,,medium,seed_source,現代 Point & Figure 教育與相對強弱分析代表人物，Nasdaq Dorsey Wright 方法與其相關。
78,湯瑪斯・多爾西,Thomas J. Dorsey,https://oxlive.dorseywright.com/university/faq.html,source,,point-and-figure,point-and-figure;relative-strength,,,,https://oxlive.dorseywright.com/university/faq.html,https://oxlive.dorseywright.com/university/faq.html,web_reference,,,,,medium,seed_source,現代 Point & Figure 教育與相對強弱分析代表人物，Nasdaq Dorsey Wright 方法與其相關。
79,傑瑞米・杜普萊西斯,Jeremy du Plessis,The Definitive Guide to Point and Figure,book,2005,point-and-figure,point-and-figure;bollinger-bands;rsi,Jeremy Du Plessis,,,https://openlibrary.org/works/OL8916043W,The Definitive Guide to Point and Figure,book_catalog,,,/works/OL8916043W,,high,yes,點數圖現代教材代表作者，尤其適合 P&F 與其他技術指標整合分類。
79,傑瑞米・杜普萊西斯,Jeremy du Plessis,21st Century Point and Figure,book,2015,point-and-figure,point-and-figure;bollinger-bands;rsi,Jeremy du Plessis,,,https://harriman-house.com/authors/jeremy-du-plessis/21st-century-point-and-figure/9780857194428,21st Century Point and Figure,book_reference,,,/works/OL27368249W,,medium,yes,點數圖現代教材代表作者，尤其適合 P&F 與其他技術指標整合分類。
79,傑瑞米・杜普萊西斯,Jeremy du Plessis,https://harriman-house.com/authors/jeremy-du-plessis/21st-century-point-and-figure/9780857194428,source,,point-and-figure,point-and-figure;bollinger-bands;rsi,,,,https://harriman-house.com/authors/jeremy-du-plessis/21st-century-point-and-figure/9780857194428,https://harriman-house.com/authors/jeremy-du-plessis/21st-century-point-and-figure/9780857194428,web_reference,,,,,medium,seed_source,點數圖現代教材代表作者，尤其適合 P&F 與其他技術指標整合分類。
80,彼得・史戴梅爾,J. Peter Steidlmayer,Markets and Market Logic,book,1986,market-profile,market-profile;volume-analysis;support-resistance,J. Peter Steidlmayer,,,https://openlibrary.org/works/OL3367422W,Markets and market logic,book_catalog,,,/works/OL3367422W,,high,yes,Market Profile 創始者，把拍賣市場、時間價格機會與價值區概念帶入交易分析。
80,彼得・史戴梅爾,J. Peter Steidlmayer,Steidlmayer on Markets,book,1989,market-profile,market-profile;volume-analysis;support-resistance,J. Peter Steidlmayer,,,https://www.profiletrading.com/about/,Steidlmayer on Markets,book_reference,,,,,medium,no,Market Profile 創始者，把拍賣市場、時間價格機會與價值區概念帶入交易分析。
80,彼得・史戴梅爾,J. Peter Steidlmayer,https://www.profiletrading.com/about/,source,,market-profile,market-profile;volume-analysis;support-resistance,,,,https://www.profiletrading.com/about/,https://www.profiletrading.com/about/,web_reference,,,,,medium,seed_source,Market Profile 創始者，把拍賣市場、時間價格機會與價值區概念帶入交易分析。
81,詹姆斯・道爾頓,James F. Dalton,Mind Over Markets,book,1990,market-profile,market-profile;price-action,James F. Dalton,,,https://openlibrary.org/works/OL16956321W,Mind over markets,book_catalog,,,/works/OL16956321W,,high,yes,Market Profile 主要教材作者之一，讓拍賣市場與市場結構方法更容易被交易者使用。
81,詹姆斯・道爾頓,James F. Dalton,Markets in Profile,book,2007,market-profile,market-profile;price-action,James F. Dalton,,,https://jimdaltontrading.com/books/,Markets in Profile,book_reference,,,,,medium,no,Market Profile 主要教材作者之一，讓拍賣市場與市場結構方法更容易被交易者使用。
81,詹姆斯・道爾頓,James F. Dalton,https://jimdaltontrading.com/books/,source,,market-profile,market-profile;price-action,,,,https://jimdaltontrading.com/books/,https://jimdaltontrading.com/books/,web_reference,,,,,medium,seed_source,Market Profile 主要教材作者之一，讓拍賣市場與市場結構方法更容易被交易者使用。
82,馬克・費雪,Mark B. Fisher,The Logical Trader,book,2002,acd-method,acd-method;opening-range-breakout;support-resistance,Mark B. Fisher,,,https://openlibrary.org/works/OL8226709W,The Logical Trader,book_catalog,,,/works/OL8226709W,,high,yes,ACD 方法以開盤區間、A/C 點與 Pivot Range 判斷趨勢強弱，常見於短線/商品交易。
82,馬克・費雪,Mark B. Fisher,https://www.investopedia.com/articles/technical/04/032404.asp,source,,acd-method,acd-method;opening-range-breakout;support-resistance,,,,https://www.investopedia.com/articles/technical/04/032404.asp,https://www.investopedia.com/articles/technical/04/032404.asp,indicator_reference,,,,,medium,seed_source,ACD 方法以開盤區間、A/C 點與 Pivot Range 判斷趨勢強弱，常見於短線/商品交易。
82,馬克・費雪,Mark B. Fisher,https://www.investopedia.com/articles/technical/04/040704.asp,source,,acd-method,acd-method;opening-range-breakout;support-resistance,,,,https://www.investopedia.com/articles/technical/04/040704.asp,https://www.investopedia.com/articles/technical/04/040704.asp,indicator_reference,,,,,medium,seed_source,ACD 方法以開盤區間、A/C 點與 Pivot Range 判斷趨勢強弱，常見於短線/商品交易。
83,托比・克拉貝爾,Toby Crabel,Day Trading with Short Term Price Patterns and Opening Range Breakout,book,1990,opening-range-breakout,opening-range-breakout;price-action;volatility,Toby Crabel,,,https://openlibrary.org/works/OL4182598W,Day trading with short term price patterns and opening range breakout,book_catalog,,,/works/OL4182598W,,high,yes,短線價格型態、Narrow Range 與 Opening Range Breakout 的重要作者。
83,托比・克拉貝爾,Toby Crabel,https://oxfordstrat.com/trading-strategies/toby-crabel-narrow-range-1/,source,,opening-range-breakout,opening-range-breakout;price-action;volatility,,,,https://oxfordstrat.com/trading-strategies/toby-crabel-narrow-range-1/,https://oxfordstrat.com/trading-strategies/toby-crabel-narrow-range-1/,web_reference,,,,,medium,seed_source,短線價格型態、Narrow Range 與 Opening Range Breakout 的重要作者。
84,維克多・斯佩蘭迪奧,Victor Sperandeo,Trader Vic: Methods of a Wall Street Master,book,1991,price-action,price-action;trend-following;support-resistance,Victor Sperandeo; T. Sullivan Brown,,,https://openlibrary.org/works/OL18181019W,Trader Vic-- methods of a Wall Street master,book_catalog,,,/works/OL18181019W,,high,yes,Trader Vic 2B 與 1-2-3 反轉方法常被技術交易者引用，用於趨勢失敗與反轉判斷。
84,維克多・斯佩蘭迪奧,Victor Sperandeo,https://thepatternsite.com/2B.html,source,,price-action,price-action;trend-following;support-resistance,,,,https://thepatternsite.com/2B.html,https://thepatternsite.com/2B.html,web_reference,,,,,medium,seed_source,Trader Vic 2B 與 1-2-3 反轉方法常被技術交易者引用，用於趨勢失敗與反轉判斷。
85,羅伯特・邁納,Robert C. Miner,Dynamic Trading,book,1997,elliott-wave,elliott-wave;fibonacci;momentum,Robert C. Miner,,,https://dynamictraders.com/dt-books/,Dynamic Trading,book_reference,,,,,medium,no,Dynamic Trading 結合時間、價格、型態與動量，常被波浪與 Fibonacci 交易者引用。
85,羅伯特・邁納,Robert C. Miner,https://dynamictraders.com/dt-books/,source,,elliott-wave,elliott-wave;fibonacci;momentum,,,,https://dynamictraders.com/dt-books/,https://dynamictraders.com/dt-books/,web_reference,,,,,medium,seed_source,Dynamic Trading 結合時間、價格、型態與動量，常被波浪與 Fibonacci 交易者引用。
85,羅伯特・邁納,Robert C. Miner,https://books.google.com/books/about/Dynamic_Trading.html?id=ymtaAAAAYAAJ,source,,elliott-wave,elliott-wave;fibonacci;momentum,,,,https://books.google.com/books/about/Dynamic_Trading.html?id=ymtaAAAAYAAJ,https://books.google.com/books/about/Dynamic_Trading.html?id=ymtaAAAAYAAJ,book_catalog,,,,,medium,seed_source,Dynamic Trading 結合時間、價格、型態與動量，常被波浪與 Fibonacci 交易者引用。
85,羅伯特・邁納,Robert C. Miner,https://www.amazon.com/Dynamic-Trading-Practical-Strategies-Investors/dp/093438083X,source,,elliott-wave,elliott-wave;fibonacci;momentum,,,,https://www.amazon.com/Dynamic-Trading-Practical-Strategies-Investors/dp/093438083X,https://www.amazon.com/Dynamic-Trading-Practical-Strategies-Investors/dp/093438083X,book_catalog,,,,,medium,seed_source,Dynamic Trading 結合時間、價格、型態與動量，常被波浪與 Fibonacci 交易者引用。
86,卡洛琳・波羅登,Carolyn Boroden,Fibonacci Trading,book,2008,fibonacci,fibonacci;support-resistance;elliott-wave,Carolyn Boroden,,,https://www.moneyshow.com/expert/ote17731/carolyn-boroden/,Fibonacci Trading,book_reference,,,,,medium,no,以 Fibonacci 時間與價格分析聞名，適合專屬歸檔於 Fibonacci 分析專家。
86,卡洛琳・波羅登,Carolyn Boroden,https://www.moneyshow.com/expert/ote17731/carolyn-boroden/,source,,fibonacci,fibonacci;support-resistance;elliott-wave,,,,https://www.moneyshow.com/expert/ote17731/carolyn-boroden/,https://www.moneyshow.com/expert/ote17731/carolyn-boroden/,web_reference,,,,,medium,seed_source,以 Fibonacci 時間與價格分析聞名，適合專屬歸檔於 Fibonacci 分析專家。
86,卡洛琳・波羅登,Carolyn Boroden,https://www.elliottwavetrader.net/analyst/Carolyn-Boroden,source,,fibonacci,fibonacci;support-resistance;elliott-wave,,,,https://www.elliottwavetrader.net/analyst/Carolyn-Boroden,https://www.elliottwavetrader.net/analyst/Carolyn-Boroden,web_reference,,,,,medium,seed_source,以 Fibonacci 時間與價格分析聞名，適合專屬歸檔於 Fibonacci 分析專家。
87,喬・迪納波利,Joe DiNapoli,DiNapoli Levels,book,1998,fibonacci,fibonacci;support-resistance,Joe DiNapoli,,,https://www.mql5.com/en/articles/3061,DiNapoli Levels,book_reference,,,,,medium,no,DiNapoli Levels 是 Fibonacci 回撤/擴展的實戰化方法，常用於關鍵支撐阻力。
87,喬・迪納波利,Joe DiNapoli,https://www.mql5.com/en/articles/3061,source,,fibonacci,fibonacci;support-resistance,,,,https://www.mql5.com/en/articles/3061,https://www.mql5.com/en/articles/3061,web_reference,,,,,medium,seed_source,DiNapoli Levels 是 Fibonacci 回撤/擴展的實戰化方法，常用於關鍵支撐阻力。
87,喬・迪納波利,Joe DiNapoli,https://www.amazon.com/DiNapoli-Levels-Practical-Application-Investment/dp/1891159046,source,,fibonacci,fibonacci;support-resistance,,,,https://www.amazon.com/DiNapoli-Levels-Practical-Application-Investment/dp/1891159046,https://www.amazon.com/DiNapoli-Levels-Practical-Application-Investment/dp/1891159046,book_catalog,,,,,medium,seed_source,DiNapoli Levels 是 Fibonacci 回撤/擴展的實戰化方法，常用於關鍵支撐阻力。
87,喬・迪納波利,Joe DiNapoli,https://www.moneyshow.com/expert/2160spk/,source,,fibonacci,fibonacci;support-resistance,,,,https://www.moneyshow.com/expert/2160spk/,https://www.moneyshow.com/expert/2160spk/,web_reference,,,,,medium,seed_source,DiNapoli Levels 是 Fibonacci 回撤/擴展的實戰化方法，常用於關鍵支撐阻力。
88,艾倫・安德魯斯,Alan Andrews,Andrews' Pitchfork,drawing_tool,,andrew-pitchfork,andrew-pitchfork;support-resistance;price-action,Alan Andrews,,,https://www.investopedia.com/articles/forex/05/andrewspitchfork.asp,Andrews' Pitchfork,indicator_reference,,,,,medium,no,Andrews' Pitchfork 以三點繪製中線與平行通道，是支撐阻力和趨勢通道工具。
88,艾倫・安德魯斯,Alan Andrews,https://www.investopedia.com/articles/forex/05/andrewspitchfork.asp,source,,andrew-pitchfork,andrew-pitchfork;support-resistance;price-action,,,,https://www.investopedia.com/articles/forex/05/andrewspitchfork.asp,https://www.investopedia.com/articles/forex/05/andrewspitchfork.asp,indicator_reference,,,,,medium,seed_source,Andrews' Pitchfork 以三點繪製中線與平行通道，是支撐阻力和趨勢通道工具。
88,艾倫・安德魯斯,Alan Andrews,https://www.optuma.com/blog/pitchforks-part-1,source,,andrew-pitchfork,andrew-pitchfork;support-resistance;price-action,,,,https://www.optuma.com/blog/pitchforks-part-1,https://www.optuma.com/blog/pitchforks-part-1,web_reference,,,,,medium,seed_source,Andrews' Pitchfork 以三點繪製中線與平行通道，是支撐阻力和趨勢通道工具。
89,亞瑟・梅里爾,Arthur A. Merrill,Filtered Waves: Basic Theory,book,1977,chart-patterns,chart-patterns;cycle-analysis;backtesting,Arthur A. Merrill,,,https://www.amazon.com/Filtered-Waves-Basic-Theory-Analysis/dp/0911894365,Filtered Waves: Basic Theory,book_catalog,,,,,high,no,以 M/W 型態與 Filtered Waves 著作聞名，是早期量化型圖表研究人物。
89,亞瑟・梅里爾,Arthur A. Merrill,Behavior of Prices on Wall Street,book,1966,chart-patterns,chart-patterns;cycle-analysis;backtesting,Arthur A. Merrill,,,https://www.amazon.com/Filtered-Waves-Basic-Theory-Analysis/dp/0911894365,Behavior of Prices on Wall Street,book_catalog,,,,,high,no,以 M/W 型態與 Filtered Waves 著作聞名，是早期量化型圖表研究人物。
89,亞瑟・梅里爾,Arthur A. Merrill,https://www.amazon.com/Filtered-Waves-Basic-Theory-Analysis/dp/0911894365,source,,chart-patterns,chart-patterns;cycle-analysis;backtesting,,,,https://www.amazon.com/Filtered-Waves-Basic-Theory-Analysis/dp/0911894365,https://www.amazon.com/Filtered-Waves-Basic-Theory-Analysis/dp/0911894365,book_catalog,,,,,medium,seed_source,以 M/W 型態與 Filtered Waves 著作聞名，是早期量化型圖表研究人物。
89,亞瑟・梅里爾,Arthur A. Merrill,https://books.google.com/books/about/Behavior_of_Prices_on_Wall_Street.html?id=wEsUAQAAMAAJ,source,,chart-patterns,chart-patterns;cycle-analysis;backtesting,,,,https://books.google.com/books/about/Behavior_of_Prices_on_Wall_Street.html?id=wEsUAQAAMAAJ,https://books.google.com/books/about/Behavior_of_Prices_on_Wall_Street.html?id=wEsUAQAAMAAJ,book_catalog,,,,,medium,seed_source,以 M/W 型態與 Filtered Waves 著作聞名，是早期量化型圖表研究人物。
89,亞瑟・梅里爾,Arthur A. Merrill,https://openlibrary.org/books/OL5991950M/Behavior_of_prices_on_Wall_Street.,source,,chart-patterns,chart-patterns;cycle-analysis;backtesting,,,,https://openlibrary.org/books/OL5991950M/Behavior_of_prices_on_Wall_Street.,https://openlibrary.org/books/OL5991950M/Behavior_of_prices_on_Wall_Street.,book_catalog,,,,,medium,seed_source,以 M/W 型態與 Filtered Waves 著作聞名，是早期量化型圖表研究人物。
90,漢弗萊・尼爾,Humphrey B. Neill,Tape Reading and Market Tactics,book,1931,tape-reading,tape-reading;sentiment;price-action,Humphrey Bancroft Neill,,,https://books.google.com/books/about/Tape_Reading_and_Market_Tactics.html?id=XuiREQAAQBAJ,Tape reading and market tactics,book_catalog,,,/works/OL10344334W,,high,yes,讀帶與逆向思考經典作者，適合情緒、盤口與早期技術分析文獻分類。
90,漢弗萊・尼爾,Humphrey B. Neill,The Art of Contrary Thinking,book,1954,tape-reading,tape-reading;sentiment;price-action,Humphrey B. Neill,,,https://openlibrary.org/works/OL6356603W,The art of contrary thinking,book_catalog,,,/works/OL6356603W,,high,yes,讀帶與逆向思考經典作者，適合情緒、盤口與早期技術分析文獻分類。
90,漢弗萊・尼爾,Humphrey B. Neill,https://books.google.com/books/about/Tape_Reading_and_Market_Tactics.html?id=XuiREQAAQBAJ,source,,tape-reading,tape-reading;sentiment;price-action,,,,https://books.google.com/books/about/Tape_Reading_and_Market_Tactics.html?id=XuiREQAAQBAJ,https://books.google.com/books/about/Tape_Reading_and_Market_Tactics.html?id=XuiREQAAQBAJ,book_catalog,,,,,medium,seed_source,讀帶與逆向思考經典作者，適合情緒、盤口與早期技術分析文獻分類。
91,華特・迪默,Walter Deemer,Deemer on Technical Analysis,book,2012,trend-following,trend-following;breadth;sentiment,Walter Deemer,,,https://openlibrary.org/works/OL16215782W,Deemer on technical analysis,book_catalog,,,/works/OL16215782W,,high,yes,長期市場技術分析師，著作與 Market Memos 檔案適合作為近代市場評論文獻。
91,華特・迪默,Walter Deemer,Market Memos,archive,1966,trend-following,trend-following;breadth;sentiment,Walter Deemer,,,https://www.walterdeemer.com/,Market Memos,web_reference,,,,,medium,no,長期市場技術分析師，著作與 Market Memos 檔案適合作為近代市場評論文獻。
91,華特・迪默,Walter Deemer,https://www.walterdeemer.com/,source,,trend-following,trend-following;breadth;sentiment,,,,https://www.walterdeemer.com/,https://www.walterdeemer.com/,web_reference,,,,,medium,seed_source,長期市場技術分析師，著作與 Market Memos 檔案適合作為近代市場評論文獻。
91,華特・迪默,Walter Deemer,https://deemermarketmemos.com/,source,,trend-following,trend-following;breadth;sentiment,,,,https://deemermarketmemos.com/,https://deemermarketmemos.com/,web_reference,,,,,medium,seed_source,長期市場技術分析師，著作與 Market Memos 檔案適合作為近代市場評論文獻。
92,內德・戴維斯,Ned Davis,Being Right or Making Money,book,1991,breadth,breadth;sentiment;evidence-based-ta,Ned Davis,,,https://info.ndr.com/ndr-signals/which-indicators-should-i-follow,Being Right or Making Money,book_reference,,,,,medium,no,Ned Davis Research 長期以廣度、情緒、總體與技術模型做市場研究，適合指標集合與量化研究分類。
92,內德・戴維斯,Ned Davis,The Research Driven Investor,book,2000,breadth,breadth;sentiment;evidence-based-ta,Ned Davis,,,https://info.ndr.com/ndr-signals/which-indicators-should-i-follow,The Research Driven Investor,book_reference,,,,,medium,no,Ned Davis Research 長期以廣度、情緒、總體與技術模型做市場研究，適合指標集合與量化研究分類。
92,內德・戴維斯,Ned Davis,https://info.ndr.com/ndr-signals/which-indicators-should-i-follow,source,,breadth,breadth;sentiment;evidence-based-ta,,,,https://info.ndr.com/ndr-signals/which-indicators-should-i-follow,https://info.ndr.com/ndr-signals/which-indicators-should-i-follow,web_reference,,,,,medium,seed_source,Ned Davis Research 長期以廣度、情緒、總體與技術模型做市場研究，適合指標集合與量化研究分類。
92,內德・戴維斯,Ned Davis,https://www.amazon.com/Being-Right-Making-Money-Davis/dp/1118992067,source,,breadth,breadth;sentiment;evidence-based-ta,,,,https://www.amazon.com/Being-Right-Making-Money-Davis/dp/1118992067,https://www.amazon.com/Being-Right-Making-Money-Davis/dp/1118992067,book_catalog,,,,,medium,seed_source,Ned Davis Research 長期以廣度、情緒、總體與技術模型做市場研究，適合指標集合與量化研究分類。
92,內德・戴維斯,Ned Davis,https://books.google.com/books/about/Being_Right_or_Making_Money.html?id=wLhYBQAAQBAJ,source,,breadth,breadth;sentiment;evidence-based-ta,,,,https://books.google.com/books/about/Being_Right_or_Making_Money.html?id=wLhYBQAAQBAJ,https://books.google.com/books/about/Being_Right_or_Making_Money.html?id=wLhYBQAAQBAJ,book_catalog,,,,,medium,seed_source,Ned Davis Research 長期以廣度、情緒、總體與技術模型做市場研究，適合指標集合與量化研究分類。
92,內德・戴維斯,Ned Davis,https://info.ndr.com/ndr-signals,source,,breadth,breadth;sentiment;evidence-based-ta,,,,https://info.ndr.com/ndr-signals,https://info.ndr.com/ndr-signals,web_reference,,,,,medium,seed_source,Ned Davis Research 長期以廣度、情緒、總體與技術模型做市場研究，適合指標集合與量化研究分類。
93,傑森・戈普弗特,Jason Goepfert,"Mutual Fund Cash Reserves, The Risk-Free Rate, and Stock Market Performance",paper,2004,sentiment,sentiment;breadth;evidence-based-ta,Maury R. Randall; David Y. Suk; Stephen W. Tully,With Intelligence LLC,The Journal of Investing,https://doi.org/10.3905/joi.2003.319537,Mutual Fund Cash Flows and Stock Market Performance,academic_paper,10.3905/joi.2003.319537,,,,high,yes,2004 Charles H. Dow Award 得主，長期研究投資人情緒與市場統計。
93,傑森・戈普弗特,Jason Goepfert,https://cmtassociation.org/association/award-recognizing/charles-h-dow-award/,source,,sentiment,sentiment;breadth;evidence-based-ta,,,,https://cmtassociation.org/association/award-recognizing/charles-h-dow-award/,https://cmtassociation.org/association/award-recognizing/charles-h-dow-award/,award_or_professional,,,,,high,seed_source,2004 Charles H. Dow Award 得主，長期研究投資人情緒與市場統計。
94,巴夫・多米爾,Buff Dormeier,Price and Volume: Digging Deeper,paper,2007,volume-analysis,volume-analysis;breadth;evidence-based-ta,Buff Dormeier,Springer Science and Business Media LLC,Nature Geoscience,https://doi.org/10.1038/ngeo747,Digging deeper,academic_paper,10.1038/ngeo747,,,,high,yes,2007 Charles H. Dow Award 得主，量價與成交量分析著作具資料庫價值。
94,巴夫・多米爾,Buff Dormeier,Investing with Volume Analysis,book,2011,volume-analysis,volume-analysis;breadth;evidence-based-ta,Buff Dormeier,,,https://openlibrary.org/works/OL16011385W,Investing with volume analysis,book_catalog,,,/works/OL16011385W,,high,yes,2007 Charles H. Dow Award 得主，量價與成交量分析著作具資料庫價值。
94,巴夫・多米爾,Buff Dormeier,https://cmtassociation.org/association/award-recognizing/charles-h-dow-award/,source,,volume-analysis,volume-analysis;breadth;evidence-based-ta,,,,https://cmtassociation.org/association/award-recognizing/charles-h-dow-award/,https://cmtassociation.org/association/award-recognizing/charles-h-dow-award/,award_or_professional,,,,,high,seed_source,2007 Charles H. Dow Award 得主，量價與成交量分析著作具資料庫價值。
95,安德魯・思拉舍,Andrew Thrasher,Forecasting a Volatility Tsunami,paper,2017,volatility,volatility;sentiment;breadth,"Andrew Thrasher, CMT",Elsevier BV,SSRN Electronic Journal,https://doi.org/10.2139/ssrn.2949847,Forecasting a Volatility Tsunami,academic_paper,10.2139/ssrn.2949847,,,,high,yes,兩度 Charles H. Dow Award 相關得主/研究者，波動率與市場風險研究值得收錄。
95,安德魯・思拉舍,Andrew Thrasher,The 5% Canary,paper,2023,volatility,volatility;sentiment;breadth,Andrew Thrasher,State University of New York Press,Water Drops,https://doi.org/10.2307/jj.18376987.71,Canary,academic_paper,10.2307/jj.18376987.71,,,,high,yes,兩度 Charles H. Dow Award 相關得主/研究者，波動率與市場風險研究值得收錄。
95,安德魯・思拉舍,Andrew Thrasher,https://cmtassociation.org/association/award-recognizing/charles-h-dow-award/,source,,volatility,volatility;sentiment;breadth,,,,https://cmtassociation.org/association/award-recognizing/charles-h-dow-award/,https://cmtassociation.org/association/award-recognizing/charles-h-dow-award/,award_or_professional,,,,,high,seed_source,兩度 Charles H. Dow Award 相關得主/研究者，波動率與市場風險研究值得收錄。
96,亞歷克斯・斯皮羅格魯,Alex Spiroglou,MACD-V: Volatility Normalised Momentum,paper,2022,macd,macd;volatility;momentum,Alex Spiroglou,Elsevier BV,SSRN Electronic Journal,https://doi.org/10.2139/ssrn.4099617,MACD-V: Volatility Normalised Momentum,academic_paper,10.2139/ssrn.4099617,,,,high,yes,2022 Charles H. Dow Award 得主，將 MACD 轉為波動標準化動量框架。
96,亞歷克斯・斯皮羅格魯,Alex Spiroglou,https://cmtassociation.org/association/award-recognizing/charles-h-dow-award/,source,,macd,macd;volatility;momentum,,,,https://cmtassociation.org/association/award-recognizing/charles-h-dow-award/,https://cmtassociation.org/association/award-recognizing/charles-h-dow-award/,award_or_professional,,,,,high,seed_source,2022 Charles H. Dow Award 得主，將 MACD 轉為波動標準化動量框架。
97,拉爾夫・文斯,Ralph Vince,The Mathematics of Money Management,book,1992,breadth,breadth;systems-trading;evidence-based-ta,Ralph Vince,,,https://openlibrary.org/works/OL3503409W,The mathematics of money management,book_catalog,,,/works/OL3503409W,,high,yes,資金管理與風險數學作者，2024 Dow Award 研究把每日新低數作為市場廣度訊號。
97,拉爾夫・文斯,Ralph Vince,The Ripple Effect of Daily New Lows,paper,2024,breadth,breadth;systems-trading;evidence-based-ta,Yin-Wong Cheung,Elsevier BV,SSRN Electronic Journal,https://doi.org/10.2139/ssrn.897900,An Empirical Model of Daily Highs and Lows,academic_paper,10.2139/ssrn.897900,,,,high,yes,資金管理與風險數學作者，2024 Dow Award 研究把每日新低數作為市場廣度訊號。
97,拉爾夫・文斯,Ralph Vince,https://cmtassociation.org/association/award-recognizing/charles-h-dow-award/,source,,breadth,breadth;systems-trading;evidence-based-ta,,,,https://cmtassociation.org/association/award-recognizing/charles-h-dow-award/,https://cmtassociation.org/association/award-recognizing/charles-h-dow-award/,award_or_professional,,,,,high,seed_source,資金管理與風險數學作者，2024 Dow Award 研究把每日新低數作為市場廣度訊號。
98,蓋瑞・安東納奇,Gary Antonacci,Dual Momentum Investing,book,2014,momentum,momentum;trend-following;relative-strength,Gary Antonacci,,,https://openlibrary.org/works/OL19764608W,Dual momentum investing,book_catalog,,,/works/OL19764608W,,high,yes,動量投資作者，2025 Charles H. Dow Award 共同得主，適合動量與產業趨勢研究分類。
98,蓋瑞・安東納奇,Gary Antonacci,A Century of Profitable Industry Trends,paper,2025,momentum,momentum;trend-following;relative-strength,Carlo Zarattini; Gary Antonacci,Elsevier BV,,https://doi.org/10.2139/ssrn.4857230,A Century of Profitable Industry Trends,academic_paper,10.2139/ssrn.4857230,,,,high,yes,動量投資作者，2025 Charles H. Dow Award 共同得主，適合動量與產業趨勢研究分類。
98,蓋瑞・安東納奇,Gary Antonacci,https://cmtassociation.org/association/award-recognizing/charles-h-dow-award/,source,,momentum,momentum;trend-following;relative-strength,,,,https://cmtassociation.org/association/award-recognizing/charles-h-dow-award/,https://cmtassociation.org/association/award-recognizing/charles-h-dow-award/,award_or_professional,,,,,high,seed_source,動量投資作者，2025 Charles H. Dow Award 共同得主，適合動量與產業趨勢研究分類。
99,安德魯・羅,Andrew W. Lo,Foundations of Technical Analysis,paper,2000,evidence-based-ta,evidence-based-ta;chart-patterns;backtesting,Wanying Wang,Nanyang Technological University,,https://papers.ssrn.com/sol3/papers.cfm?abstract_id=228099,Economic foundations of technical analysis,paper_reference,10.32657/10356/55293,,,,medium,yes,將技術分析型態以計算演算法與統計推論研究，是學術文獻中的代表人物。
99,安德魯・羅,Andrew W. Lo,The Evolution of Technical Analysis,book,2010,evidence-based-ta,evidence-based-ta;chart-patterns;backtesting,Andrew W. Lo,,,https://openlibrary.org/works/OL15617065W,The evolution of technical analysis,book_catalog,,,/works/OL15617065W,,high,yes,將技術分析型態以計算演算法與統計推論研究，是學術文獻中的代表人物。
99,安德魯・羅,Andrew W. Lo,https://papers.ssrn.com/sol3/papers.cfm?abstract_id=228099,source,,evidence-based-ta,evidence-based-ta;chart-patterns;backtesting,,,,https://papers.ssrn.com/sol3/papers.cfm?abstract_id=228099,https://papers.ssrn.com/sol3/papers.cfm?abstract_id=228099,web_reference,,,,,medium,seed_source,將技術分析型態以計算演算法與統計推論研究，是學術文獻中的代表人物。
99,安德魯・羅,Andrew W. Lo,https://ideas.repec.org/p/nbr/nberwo/7613.html,source,,evidence-based-ta,evidence-based-ta;chart-patterns;backtesting,,,,https://ideas.repec.org/p/nbr/nberwo/7613.html,https://ideas.repec.org/p/nbr/nberwo/7613.html,web_reference,,,,,medium,seed_source,將技術分析型態以計算演算法與統計推論研究，是學術文獻中的代表人物。
100,大衛・阿隆森,David Aronson,Evidence-Based Technical Analysis,book,2006,evidence-based-ta,evidence-based-ta;backtesting;systems-trading,David R Aronson,,,https://www.wiley.com/en-ca/Evidence-Based%2BTechnical%2BAnalysis%3A%2BApplying%2Bthe%2BScientific%2BMethod%2Band%2BStatistical%2BInference%2Bto%2BTrading%2BSignals-p-9780470008744,Evidence-Based Technical Analysis,book_reference,,,/works/OL8203825W,,medium,yes,主張用科學方法與統計檢定評估技術交易訊號，是建立資料庫時避免迷信指標的重要參考。
100,大衛・阿隆森,David Aronson,https://www.wiley.com/en-ca/Evidence-Based%2BTechnical%2BAnalysis%3A%2BApplying%2Bthe%2BScientific%2BMethod%2Band%2BStatistical%2BInference%2Bto%2BTrading%2BSignals-p-9780470008744,source,,evidence-based-ta,evidence-based-ta;backtesting;systems-trading,,,,https://www.wiley.com/en-ca/Evidence-Based%2BTechnical%2BAnalysis%3A%2BApplying%2Bthe%2BScientific%2BMethod%2Band%2BStatistical%2BInference%2Bto%2BTrading%2BSignals-p-9780470008744,https://www.wiley.com/en-ca/Evidence-Based%2BTechnical%2BAnalysis%3A%2BApplying%2Bthe%2BScientific%2BMethod%2Band%2BStatistical%2BInference%2Bto%2BTrading%2BSignals-p-9780470008744,web_reference,,,,,medium,seed_source,主張用科學方法與統計檢定評估技術交易訊號，是建立資料庫時避免迷信指標的重要參考。
100,大衛・阿隆森,David Aronson,https://www.amazon.com/Evidence-Based-Technical-Analysis-Scientific-Statistical/dp/0470008741,source,,evidence-based-ta,evidence-based-ta;backtesting;systems-trading,,,,https://www.amazon.com/Evidence-Based-Technical-Analysis-Scientific-Statistical/dp/0470008741,https://www.amazon.com/Evidence-Based-Technical-Analysis-Scientific-Statistical/dp/0470008741,book_catalog,,,,,medium,seed_source,主張用科學方法與統計檢定評估技術交易訊號，是建立資料庫時避免迷信指標的重要參考。
