material_id,expert_rank,expert_zh,expert_en,title_zh,title_en,material_type,material_type_zh,material_type_en,year,concepts_zh,concepts_en,source_url,source_title,source_type,source_type_zh,source_type_en,doi,isbn13,openlibrary_key,google_books_id,evidence_level,evidence_level_zh,evidence_level_en,notes_zh,notes_en
1,1,查爾斯・道,Charles H. Dow,《華爾街日報》市場平均指數評論,Wall Street Journal editorials on market averages,editorials,市場評論,Market editorials,1899,道氏理論；趨勢跟隨,Dow Theory; Trend Following,https://www.investopedia.com/terms/d/dowtheory.asp,Wall Street Journal editorials on market averages,indicator_reference,指標參考,Indicator reference,,,,,medium,中：可靠網頁、百科、交易平台或二級整理來源,"Medium: reliable web, encyclopedia, platform, or secondary reference",技術分析源流人物之一，道氏理論、趨勢確認與量價觀念皆由其市場評論發展而來。,Research material linked to Charles H. Dow for Dow Theory; Trend Following.
3,1,查爾斯・道,Charles H. Dow,參考來源：https://www.investopedia.com/articles/financial-theory/10/pioneers-technical-analysis.asp,Reference source: https://www.investopedia.com/articles/financial-theory/10/pioneers-technical-analysis.asp,source,參考來源,Reference source,,道氏理論；趨勢跟隨,Dow Theory; Trend Following,https://www.investopedia.com/articles/financial-theory/10/pioneers-technical-analysis.asp,https://www.investopedia.com/articles/financial-theory/10/pioneers-technical-analysis.asp,indicator_reference,指標參考,Indicator reference,,,,,medium,中：可靠網頁、百科、交易平台或二級整理來源,"Medium: reliable web, encyclopedia, platform, or secondary reference",技術分析源流人物之一，道氏理論、趨勢確認與量價觀念皆由其市場評論發展而來。,Research material linked to Charles H. Dow for Dow Theory; Trend Following.
2,1,查爾斯・道,Charles H. Dow,參考來源：https://www.investopedia.com/terms/d/dowtheory.asp,Reference source: https://www.investopedia.com/terms/d/dowtheory.asp,source,參考來源,Reference source,,道氏理論；趨勢跟隨,Dow Theory; Trend Following,https://www.investopedia.com/terms/d/dowtheory.asp,https://www.investopedia.com/terms/d/dowtheory.asp,indicator_reference,指標參考,Indicator reference,,,,,medium,中：可靠網頁、百科、交易平台或二級整理來源,"Medium: reliable web, encyclopedia, platform, or secondary reference",技術分析源流人物之一，道氏理論、趨勢確認與量價觀念皆由其市場評論發展而來。,Research material linked to Charles H. Dow for Dow Theory; Trend Following.
4,2,威廉・彼得・漢密爾頓,William Peter Hamilton,《股票市場晴雨表》,The Stock Market Barometer,book,書籍,Book,1922,道氏理論；趨勢跟隨,Dow Theory; Trend Following,https://papers.ssrn.com/sol3/papers.cfm?abstract_id=58690,The Stock Market Barometer,book_reference,書籍參考,Book reference,,,,,medium,中：可靠網頁、百科、交易平台或二級整理來源,"Medium: reliable web, encyclopedia, platform, or secondary reference",把道氏理論用於實際市場評論與投資判斷，是早期技術分析史的重要承接者。,Research material linked to William Peter Hamilton for Dow Theory; Trend Following.
6,2,威廉・彼得・漢密爾頓,William Peter Hamilton,參考來源：https://archive.org/details/stockmarketbarom00hami,Reference source: https://archive.org/details/stockmarketbarom00hami,source,參考來源,Reference source,,道氏理論；趨勢跟隨,Dow Theory; Trend Following,https://archive.org/details/stockmarketbarom00hami,https://archive.org/details/stockmarketbarom00hami,web_reference,網頁參考,Web reference,,,,,medium,中：可靠網頁、百科、交易平台或二級整理來源,"Medium: reliable web, encyclopedia, platform, or secondary reference",把道氏理論用於實際市場評論與投資判斷，是早期技術分析史的重要承接者。,Research material linked to William Peter Hamilton for Dow Theory; Trend Following.
7,2,威廉・彼得・漢密爾頓,William Peter Hamilton,參考來源：https://openlibrary.org/books/OL7031671M/The_stock_market_barometer,Reference source: https://openlibrary.org/books/OL7031671M/The_stock_market_barometer,source,參考來源,Reference source,,道氏理論；趨勢跟隨,Dow Theory; Trend Following,https://openlibrary.org/books/OL7031671M/The_stock_market_barometer,https://openlibrary.org/books/OL7031671M/The_stock_market_barometer,book_catalog,書目資料,Book catalog,,,,,medium,中：可靠網頁、百科、交易平台或二級整理來源,"Medium: reliable web, encyclopedia, platform, or secondary reference",把道氏理論用於實際市場評論與投資判斷，是早期技術分析史的重要承接者。,Research material linked to William Peter Hamilton for Dow Theory; Trend Following.
5,2,威廉・彼得・漢密爾頓,William Peter Hamilton,參考來源：https://papers.ssrn.com/sol3/papers.cfm?abstract_id=58690,Reference source: https://papers.ssrn.com/sol3/papers.cfm?abstract_id=58690,source,參考來源,Reference source,,道氏理論；趨勢跟隨,Dow Theory; Trend Following,https://papers.ssrn.com/sol3/papers.cfm?abstract_id=58690,https://papers.ssrn.com/sol3/papers.cfm?abstract_id=58690,web_reference,網頁參考,Web reference,,,,,medium,中：可靠網頁、百科、交易平台或二級整理來源,"Medium: reliable web, encyclopedia, platform, or secondary reference",把道氏理論用於實際市場評論與投資判斷，是早期技術分析史的重要承接者。,Research material linked to William Peter Hamilton for Dow Theory; Trend Following.
8,3,羅伯特・里亞,Robert Rhea,《道氏理論》,The Dow Theory,book,書籍,Book,1932,道氏理論；趨勢跟隨,Dow Theory; Trend Following,https://books.google.com/books/about/The_Dow_Theory.html?id=FO65ngEACAAJ,The Dow Theory,book_catalog,書目資料,Book catalog,,,,,high,高：官方、書目、論文、CMT/專業來源或主要指標參考,"High: official, bibliographic, paper, CMT/professional, or primary indicator reference",以《The Dow Theory》整理 Dow 與 Hamilton 的觀念，對後來技術分析教材影響很深。,Research material linked to Robert Rhea for Dow Theory; Trend Following.
9,3,羅伯特・里亞,Robert Rhea,參考來源：https://books.google.com/books/about/The_Dow_Theory.html?id=FO65ngEACAAJ,Reference source: https://books.google.com/books/about/The_Dow_Theory.html?id=FO65ngEACAAJ,source,參考來源,Reference source,,道氏理論；趨勢跟隨,Dow Theory; Trend Following,https://books.google.com/books/about/The_Dow_Theory.html?id=FO65ngEACAAJ,https://books.google.com/books/about/The_Dow_Theory.html?id=FO65ngEACAAJ,book_catalog,書目資料,Book catalog,,,,,medium,中：可靠網頁、百科、交易平台或二級整理來源,"Medium: reliable web, encyclopedia, platform, or secondary reference",以《The Dow Theory》整理 Dow 與 Hamilton 的觀念，對後來技術分析教材影響很深。,Research material linked to Robert Rhea for Dow Theory; Trend Following.
10,3,羅伯特・里亞,Robert Rhea,參考來源：https://openlibrary.org/books/OL6279382M/The_Dow_theory,Reference source: https://openlibrary.org/books/OL6279382M/The_Dow_theory,source,參考來源,Reference source,,道氏理論；趨勢跟隨,Dow Theory; Trend Following,https://openlibrary.org/books/OL6279382M/The_Dow_theory,https://openlibrary.org/books/OL6279382M/The_Dow_theory,book_catalog,書目資料,Book catalog,,,,,medium,中：可靠網頁、百科、交易平台或二級整理來源,"Medium: reliable web, encyclopedia, platform, or secondary reference",以《The Dow Theory》整理 Dow 與 Hamilton 的觀念，對後來技術分析教材影響很深。,Research material linked to Robert Rhea for Dow Theory; Trend Following.
11,4,理查・威科夫,Richard D. Wyckoff,《讀帶研究》,Studies in Tape Reading,book,書籍,Book,1910,威科夫方法；成交量分析；讀帶 / 盤口判讀,Wyckoff Method; Volume Analysis; Tape Reading,https://openlibrary.org/works/OL17554455W,Studies in Tape Reading,book_catalog,書目資料,Book catalog,,,/works/OL17554455W,,high,高：官方、書目、論文、CMT/專業來源或主要指標參考,"High: official, bibliographic, paper, CMT/professional, or primary indicator reference",威科夫方法以供需、量價、累積/派發分析股票，是現代價格行為與量價交易的重要基礎。,Research material linked to Richard D. Wyckoff for Wyckoff Method; Volume Analysis; Tape Reading.
12,4,理查・威科夫,Richard D. Wyckoff,《我如何交易與投資股票和債券》,How I Trade and Invest in Stocks and Bonds,book,書籍,Book,1924,威科夫方法；成交量分析；讀帶 / 盤口判讀,Wyckoff Method; Volume Analysis; Tape Reading,https://openlibrary.org/works/OL124134W,How I trade and invest in stocks and bonds,book_catalog,書目資料,Book catalog,,,/works/OL124134W,,high,高：官方、書目、論文、CMT/專業來源或主要指標參考,"High: official, bibliographic, paper, CMT/professional, or primary indicator reference",威科夫方法以供需、量價、累積/派發分析股票，是現代價格行為與量價交易的重要基礎。,Research material linked to Richard D. Wyckoff for Wyckoff Method; Volume Analysis; Tape Reading.
13,4,理查・威科夫,Richard D. Wyckoff,參考來源：https://chartschool.stockcharts.com/table-of-contents/market-analysis/wyckoff-analysis-articles/the-wyckoff-method-a-tutorial,Reference source: https://chartschool.stockcharts.com/table-of-contents/market-analysis/wyckoff-analysis-articles/the-wyckoff-method-a-tutorial,source,參考來源,Reference source,,威科夫方法；成交量分析；讀帶 / 盤口判讀,Wyckoff Method; Volume Analysis; Tape Reading,https://chartschool.stockcharts.com/table-of-contents/market-analysis/wyckoff-analysis-articles/the-wyckoff-method-a-tutorial,https://chartschool.stockcharts.com/table-of-contents/market-analysis/wyckoff-analysis-articles/the-wyckoff-method-a-tutorial,indicator_reference,指標參考,Indicator reference,,,,,medium,中：可靠網頁、百科、交易平台或二級整理來源,"Medium: reliable web, encyclopedia, platform, or secondary reference",威科夫方法以供需、量價、累積/派發分析股票，是現代價格行為與量價交易的重要基礎。,Research material linked to Richard D. Wyckoff for Wyckoff Method; Volume Analysis; Tape Reading.
14,5,傑西・李佛摩,Jesse Livermore,《如何交易股票》,How to Trade in Stocks,book,書籍,Book,1940,讀帶 / 盤口判讀；價格行為；趨勢跟隨,Tape Reading; Price Action; Trend Following,https://openlibrary.org/works/OL7913587W,How to Trade In Stocks,book_catalog,書目資料,Book catalog,,,/works/OL7913587W,,high,高：官方、書目、論文、CMT/專業來源或主要指標參考,"High: official, bibliographic, paper, CMT/professional, or primary indicator reference",以價格行為、關鍵價位與趨勢操作聞名，雖非學院派作者，但對後世交易方法影響巨大。,Research material linked to Jesse Livermore for Tape Reading; Price Action; Trend Following.
15,5,傑西・李佛摩,Jesse Livermore,參考來源：https://en.wikipedia.org/wiki/Jesse_Livermore,Reference source: https://en.wikipedia.org/wiki/Jesse_Livermore,source,參考來源,Reference source,,讀帶 / 盤口判讀；價格行為；趨勢跟隨,Tape Reading; Price Action; Trend Following,https://en.wikipedia.org/wiki/Jesse_Livermore,https://en.wikipedia.org/wiki/Jesse_Livermore,web_reference,網頁參考,Web reference,,,,,medium,中：可靠網頁、百科、交易平台或二級整理來源,"Medium: reliable web, encyclopedia, platform, or secondary reference",以價格行為、關鍵價位與趨勢操作聞名，雖非學院派作者，但對後世交易方法影響巨大。,Research material linked to Jesse Livermore for Tape Reading; Price Action; Trend Following.
16,6,威廉・江恩,W. D. Gann,《股市讀帶真相》,Truth of the Stock Tape,book,書籍,Book,1923,江恩理論；週期分析；支撐阻力,Gann Methods; Cycle Analysis; Support and Resistance,https://openlibrary.org/works/OL7423643W,Truth of the Stock Tape,book_catalog,書目資料,Book catalog,,,/works/OL7423643W,,high,高：官方、書目、論文、CMT/專業來源或主要指標參考,"High: official, bibliographic, paper, CMT/professional, or primary indicator reference",江恩角度、時間循環、價格幾何在技術分析史上具代表性，適合歸於週期與時間價格分析資料。,Research material linked to W. D. Gann for Gann Methods; Cycle Analysis; Support and Resistance.
17,6,威廉・江恩,W. D. Gann,《華爾街四十五年》,45 Years in Wall Street,book,書籍,Book,1941,江恩理論；週期分析；支撐阻力,Gann Methods; Cycle Analysis; Support and Resistance,https://openlibrary.org/works/OL7423632W,45 years in Wall Street,book_catalog,書目資料,Book catalog,,,/works/OL7423632W,,high,高：官方、書目、論文、CMT/專業來源或主要指標參考,"High: official, bibliographic, paper, CMT/professional, or primary indicator reference",江恩角度、時間循環、價格幾何在技術分析史上具代表性，適合歸於週期與時間價格分析資料。,Research material linked to W. D. Gann for Gann Methods; Cycle Analysis; Support and Resistance.
18,6,威廉・江恩,W. D. Gann,參考來源：https://en.wikipedia.org/wiki/William_Delbert_Gann,Reference source: https://en.wikipedia.org/wiki/William_Delbert_Gann,source,參考來源,Reference source,,江恩理論；週期分析；支撐阻力,Gann Methods; Cycle Analysis; Support and Resistance,https://en.wikipedia.org/wiki/William_Delbert_Gann,https://en.wikipedia.org/wiki/William_Delbert_Gann,web_reference,網頁參考,Web reference,,,,,medium,中：可靠網頁、百科、交易平台或二級整理來源,"Medium: reliable web, encyclopedia, platform, or secondary reference",江恩角度、時間循環、價格幾何在技術分析史上具代表性，適合歸於週期與時間價格分析資料。,Research material linked to W. D. Gann for Gann Methods; Cycle Analysis; Support and Resistance.
19,7,拉爾夫・尼爾森・艾略特,Ralph Nelson Elliott,《波浪原理》,The Wave Principle,book,書籍,Book,1938,艾略特波浪；週期分析,Elliott Wave; Cycle Analysis,https://en.wikipedia.org/wiki/Ralph_Nelson_Elliott,The Wave Principle,book_reference,書籍參考,Book reference,,,,,medium,中：可靠網頁、百科、交易平台或二級整理來源,"Medium: reliable web, encyclopedia, platform, or secondary reference",艾略特波浪是最知名的技術分析分支之一，常用於股票指數、外匯與商品的趨勢結構判讀。,Research material linked to Ralph Nelson Elliott for Elliott Wave; Cycle Analysis.
20,7,拉爾夫・尼爾森・艾略特,Ralph Nelson Elliott,參考來源：https://en.wikipedia.org/wiki/Ralph_Nelson_Elliott,Reference source: https://en.wikipedia.org/wiki/Ralph_Nelson_Elliott,source,參考來源,Reference source,,艾略特波浪；週期分析,Elliott Wave; Cycle Analysis,https://en.wikipedia.org/wiki/Ralph_Nelson_Elliott,https://en.wikipedia.org/wiki/Ralph_Nelson_Elliott,web_reference,網頁參考,Web reference,,,,,medium,中：可靠網頁、百科、交易平台或二級整理來源,"Medium: reliable web, encyclopedia, platform, or secondary reference",艾略特波浪是最知名的技術分析分支之一，常用於股票指數、外匯與商品的趨勢結構判讀。,Research material linked to Ralph Nelson Elliott for Elliott Wave; Cycle Analysis.
21,7,拉爾夫・尼爾森・艾略特,Ralph Nelson Elliott,參考來源：https://www.investopedia.com/terms/e/elliottwavetheory.asp,Reference source: https://www.investopedia.com/terms/e/elliottwavetheory.asp,source,參考來源,Reference source,,艾略特波浪；週期分析,Elliott Wave; Cycle Analysis,https://www.investopedia.com/terms/e/elliottwavetheory.asp,https://www.investopedia.com/terms/e/elliottwavetheory.asp,indicator_reference,指標參考,Indicator reference,,,,,medium,中：可靠網頁、百科、交易平台或二級整理來源,"Medium: reliable web, encyclopedia, platform, or secondary reference",艾略特波浪是最知名的技術分析分支之一，常用於股票指數、外匯與商品的趨勢結構判讀。,Research material linked to Ralph Nelson Elliott for Elliott Wave; Cycle Analysis.
22,8,理查・沙巴克,Richard W. Schabacker,《技術分析與股市獲利》,Technical Analysis and Stock Market Profits,book,書籍,Book,1932,圖表型態；支撐阻力,Chart Patterns; Support and Resistance,https://harriman-house.com/authors/richard-schabacker/technical-analysis-and-stock-market-profits/9780857199164,Technical Analysis and Stock Market Profits,book_reference,書籍參考,Book reference,,,,,medium,中：可靠網頁、百科、交易平台或二級整理來源,"Medium: reliable web, encyclopedia, platform, or secondary reference",把圖表型態、趨勢、支撐阻力整理成完整技術分析體系，並影響 Edwards 與 Magee。,Research material linked to Richard W. Schabacker for Chart Patterns; Support and Resistance.
24,8,理查・沙巴克,Richard W. Schabacker,參考來源：https://chartschool.stockcharts.com/table-of-contents/chart-analysis/introduction-to-chart-patterns,Reference source: https://chartschool.stockcharts.com/table-of-contents/chart-analysis/introduction-to-chart-patterns,source,參考來源,Reference source,,圖表型態；支撐阻力,Chart Patterns; Support and Resistance,https://chartschool.stockcharts.com/table-of-contents/chart-analysis/introduction-to-chart-patterns,https://chartschool.stockcharts.com/table-of-contents/chart-analysis/introduction-to-chart-patterns,indicator_reference,指標參考,Indicator reference,,,,,medium,中：可靠網頁、百科、交易平台或二級整理來源,"Medium: reliable web, encyclopedia, platform, or secondary reference",把圖表型態、趨勢、支撐阻力整理成完整技術分析體系，並影響 Edwards 與 Magee。,Research material linked to Richard W. Schabacker for Chart Patterns; Support and Resistance.
23,8,理查・沙巴克,Richard W. Schabacker,參考來源：https://harriman-house.com/authors/richard-schabacker/technical-analysis-and-stock-market-profits/9780857199164,Reference source: https://harriman-house.com/authors/richard-schabacker/technical-analysis-and-stock-market-profits/9780857199164,source,參考來源,Reference source,,圖表型態；支撐阻力,Chart Patterns; Support and Resistance,https://harriman-house.com/authors/richard-schabacker/technical-analysis-and-stock-market-profits/9780857199164,https://harriman-house.com/authors/richard-schabacker/technical-analysis-and-stock-market-profits/9780857199164,web_reference,網頁參考,Web reference,,,,,medium,中：可靠網頁、百科、交易平台或二級整理來源,"Medium: reliable web, encyclopedia, platform, or secondary reference",把圖表型態、趨勢、支撐阻力整理成完整技術分析體系，並影響 Edwards 與 Magee。,Research material linked to Richard W. Schabacker for Chart Patterns; Support and Resistance.
25,9,羅伯特・愛德華茲,Robert D. Edwards,《股票趨勢技術分析》,Technical Analysis of Stock Trends,book,書籍,Book,1948,圖表型態；支撐阻力,Chart Patterns; Support and Resistance,https://www.amazon.com/Technical-Analysis-Stock-Trends-Edwards/dp/113806941X,Technical Analysis of Stock Trends,book_catalog,書目資料,Book catalog,,,,,high,高：官方、書目、論文、CMT/專業來源或主要指標參考,"High: official, bibliographic, paper, CMT/professional, or primary indicator reference",與 John Magee 合著的《Technical Analysis of Stock Trends》是圖表型態領域最常被引用的經典之一。,Research material linked to Robert D. Edwards for Chart Patterns; Support and Resistance.
26,9,羅伯特・愛德華茲,Robert D. Edwards,參考來源：https://www.amazon.com/Technical-Analysis-Stock-Trends-Edwards/dp/113806941X,Reference source: https://www.amazon.com/Technical-Analysis-Stock-Trends-Edwards/dp/113806941X,source,參考來源,Reference source,,圖表型態；支撐阻力,Chart Patterns; Support and Resistance,https://www.amazon.com/Technical-Analysis-Stock-Trends-Edwards/dp/113806941X,https://www.amazon.com/Technical-Analysis-Stock-Trends-Edwards/dp/113806941X,book_catalog,書目資料,Book catalog,,,,,medium,中：可靠網頁、百科、交易平台或二級整理來源,"Medium: reliable web, encyclopedia, platform, or secondary reference",與 John Magee 合著的《Technical Analysis of Stock Trends》是圖表型態領域最常被引用的經典之一。,Research material linked to Robert D. Edwards for Chart Patterns; Support and Resistance.
27,9,羅伯特・愛德華茲,Robert D. Edwards,參考來源：https://www.investopedia.com/articles/personal-finance/090916/top-5-books-learn-technical-analysis.asp,Reference source: https://www.investopedia.com/articles/personal-finance/090916/top-5-books-learn-technical-analysis.asp,source,參考來源,Reference source,,圖表型態；支撐阻力,Chart Patterns; Support and Resistance,https://www.investopedia.com/articles/personal-finance/090916/top-5-books-learn-technical-analysis.asp,https://www.investopedia.com/articles/personal-finance/090916/top-5-books-learn-technical-analysis.asp,indicator_reference,指標參考,Indicator reference,,,,,medium,中：可靠網頁、百科、交易平台或二級整理來源,"Medium: reliable web, encyclopedia, platform, or secondary reference",與 John Magee 合著的《Technical Analysis of Stock Trends》是圖表型態領域最常被引用的經典之一。,Research material linked to Robert D. Edwards for Chart Patterns; Support and Resistance.
28,10,約翰・麥基,John Magee,《股票趨勢技術分析》,Technical Analysis of Stock Trends,book,書籍,Book,1948,圖表型態；支撐阻力,Chart Patterns; Support and Resistance,https://www.amazon.com/Technical-Analysis-Stock-Trends-Edwards/dp/113806941X,Technical Analysis of Stock Trends,book_catalog,書目資料,Book catalog,,,,,high,高：官方、書目、論文、CMT/專業來源或主要指標參考,"High: official, bibliographic, paper, CMT/professional, or primary indicator reference",與 Edwards 共同建立現代圖表型態教材框架，對股票技術分析教育影響深。,Research material linked to John Magee for Chart Patterns; Support and Resistance.
29,10,約翰・麥基,John Magee,參考來源：https://www.amazon.com/Technical-Analysis-Stock-Trends-Edwards/dp/113806941X,Reference source: https://www.amazon.com/Technical-Analysis-Stock-Trends-Edwards/dp/113806941X,source,參考來源,Reference source,,圖表型態；支撐阻力,Chart Patterns; Support and Resistance,https://www.amazon.com/Technical-Analysis-Stock-Trends-Edwards/dp/113806941X,https://www.amazon.com/Technical-Analysis-Stock-Trends-Edwards/dp/113806941X,book_catalog,書目資料,Book catalog,,,,,medium,中：可靠網頁、百科、交易平台或二級整理來源,"Medium: reliable web, encyclopedia, platform, or secondary reference",與 Edwards 共同建立現代圖表型態教材框架，對股票技術分析教育影響深。,Research material linked to John Magee for Chart Patterns; Support and Resistance.
30,10,約翰・麥基,John Magee,參考來源：https://www.investopedia.com/articles/financial-theory/10/pioneers-technical-analysis.asp,Reference source: https://www.investopedia.com/articles/financial-theory/10/pioneers-technical-analysis.asp,source,參考來源,Reference source,,圖表型態；支撐阻力,Chart Patterns; Support and Resistance,https://www.investopedia.com/articles/financial-theory/10/pioneers-technical-analysis.asp,https://www.investopedia.com/articles/financial-theory/10/pioneers-technical-analysis.asp,indicator_reference,指標參考,Indicator reference,,,,,medium,中：可靠網頁、百科、交易平台或二級整理來源,"Medium: reliable web, encyclopedia, platform, or secondary reference",與 Edwards 共同建立現代圖表型態教材框架，對股票技術分析教育影響深。,Research material linked to John Magee for Chart Patterns; Support and Resistance.
31,11,約翰・墨菲,John J. Murphy,《金融市場技術分析》,Technical Analysis of the Financial Markets,book,書籍,Book,1999,移動平均；圖表型態；市場寬度,Moving Average; Chart Patterns; Market Breadth,https://www.amazon.com/Technical-Analysis-Financial-Markets-Comprehensive/dp/0735200661,Technical Analysis of the Financial Markets,book_catalog,書目資料,Book catalog,,,/works/OL1957750W,,high,高：官方、書目、論文、CMT/專業來源或主要指標參考,"High: official, bibliographic, paper, CMT/professional, or primary indicator reference",綜合型技術分析教材代表作者，涵蓋趨勢、型態、指標、跨市場分析與期貨/股票應用。,Research material linked to John J. Murphy for Moving Average; Chart Patterns; Market Breadth.
32,11,約翰・墨菲,John J. Murphy,參考來源：https://www.amazon.com/Technical-Analysis-Financial-Markets-Comprehensive/dp/0735200661,Reference source: https://www.amazon.com/Technical-Analysis-Financial-Markets-Comprehensive/dp/0735200661,source,參考來源,Reference source,,移動平均；圖表型態；市場寬度,Moving Average; Chart Patterns; Market Breadth,https://www.amazon.com/Technical-Analysis-Financial-Markets-Comprehensive/dp/0735200661,https://www.amazon.com/Technical-Analysis-Financial-Markets-Comprehensive/dp/0735200661,book_catalog,書目資料,Book catalog,,,,,medium,中：可靠網頁、百科、交易平台或二級整理來源,"Medium: reliable web, encyclopedia, platform, or secondary reference",綜合型技術分析教材代表作者，涵蓋趨勢、型態、指標、跨市場分析與期貨/股票應用。,Research material linked to John J. Murphy for Moving Average; Chart Patterns; Market Breadth.
33,11,約翰・墨菲,John J. Murphy,參考來源：https://www.investopedia.com/articles/personal-finance/090916/top-5-books-learn-technical-analysis.asp,Reference source: https://www.investopedia.com/articles/personal-finance/090916/top-5-books-learn-technical-analysis.asp,source,參考來源,Reference source,,移動平均；圖表型態；市場寬度,Moving Average; Chart Patterns; Market Breadth,https://www.investopedia.com/articles/personal-finance/090916/top-5-books-learn-technical-analysis.asp,https://www.investopedia.com/articles/personal-finance/090916/top-5-books-learn-technical-analysis.asp,indicator_reference,指標參考,Indicator reference,,,,,medium,中：可靠網頁、百科、交易平台或二級整理來源,"Medium: reliable web, encyclopedia, platform, or secondary reference",綜合型技術分析教材代表作者，涵蓋趨勢、型態、指標、跨市場分析與期貨/股票應用。,Research material linked to John J. Murphy for Moving Average; Chart Patterns; Market Breadth.
34,12,馬丁・普林格,Martin J. Pring,《技術分析詳解》,Technical Analysis Explained,book,書籍,Book,1980,動量；週期分析；趨勢跟隨,Momentum; Cycle Analysis; Trend Following,https://www.amazon.com/Technical-Analysis-Explained-Successful-Investment/dp/1260466020,Technical Analysis Explained,book_catalog,書目資料,Book catalog,,,,,high,高：官方、書目、論文、CMT/專業來源或主要指標參考,"High: official, bibliographic, paper, CMT/professional, or primary indicator reference",著作廣、教材地位高，特別適合整理動量、週期、趨勢與市場心理指標。,Research material linked to Martin J. Pring for Momentum; Cycle Analysis; Trend Following.
35,12,馬丁・普林格,Martin J. Pring,參考來源：https://www.amazon.com/Technical-Analysis-Explained-Successful-Investment/dp/1260466020,Reference source: https://www.amazon.com/Technical-Analysis-Explained-Successful-Investment/dp/1260466020,source,參考來源,Reference source,,動量；週期分析；趨勢跟隨,Momentum; Cycle Analysis; Trend Following,https://www.amazon.com/Technical-Analysis-Explained-Successful-Investment/dp/1260466020,https://www.amazon.com/Technical-Analysis-Explained-Successful-Investment/dp/1260466020,book_catalog,書目資料,Book catalog,,,,,medium,中：可靠網頁、百科、交易平台或二級整理來源,"Medium: reliable web, encyclopedia, platform, or secondary reference",著作廣、教材地位高，特別適合整理動量、週期、趨勢與市場心理指標。,Research material linked to Martin J. Pring for Momentum; Cycle Analysis; Trend Following.
36,12,馬丁・普林格,Martin J. Pring,參考來源：https://www.investopedia.com/articles/personal-finance/090916/top-5-books-learn-technical-analysis.asp,Reference source: https://www.investopedia.com/articles/personal-finance/090916/top-5-books-learn-technical-analysis.asp,source,參考來源,Reference source,,動量；週期分析；趨勢跟隨,Momentum; Cycle Analysis; Trend Following,https://www.investopedia.com/articles/personal-finance/090916/top-5-books-learn-technical-analysis.asp,https://www.investopedia.com/articles/personal-finance/090916/top-5-books-learn-technical-analysis.asp,indicator_reference,指標參考,Indicator reference,,,,,medium,中：可靠網頁、百科、交易平台或二級整理來源,"Medium: reliable web, encyclopedia, platform, or secondary reference",著作廣、教材地位高，特別適合整理動量、週期、趨勢與市場心理指標。,Research material linked to Martin J. Pring for Momentum; Cycle Analysis; Trend Following.
38,13,傑克・施瓦格,Jack D. Schwager,原文題名：Market Wizards,Market Wizards,book,書籍,Book,1989,圖表型態；交易系統；價格行為,Chart Patterns; Trading Systems; Price Action,https://openlibrary.org/works/OL15838199W,Market wizards,book_catalog,書目資料,Book catalog,,,/works/OL15838199W,,high,高：官方、書目、論文、CMT/專業來源或主要指標參考,"High: official, bibliographic, paper, CMT/professional, or primary indicator reference",技術分析入門書與 Market Wizards 訪談系列讓大量實戰交易方法被系統化保存。,Research material linked to Jack D. Schwager for Chart Patterns; Trading Systems; Price Action.
37,13,傑克・施瓦格,Jack D. Schwager,《技術分析入門》,Getting Started in Technical Analysis,book,書籍,Book,1999,圖表型態；交易系統；價格行為,Chart Patterns; Trading Systems; Price Action,https://www.amazon.com/Getting-Started-Technical-Analysis-Schwager/dp/0471295426,Getting Started in Technical Analysis,book_catalog,書目資料,Book catalog,,,,,high,高：官方、書目、論文、CMT/專業來源或主要指標參考,"High: official, bibliographic, paper, CMT/professional, or primary indicator reference",技術分析入門書與 Market Wizards 訪談系列讓大量實戰交易方法被系統化保存。,Research material linked to Jack D. Schwager for Chart Patterns; Trading Systems; Price Action.
39,13,傑克・施瓦格,Jack D. Schwager,參考來源：https://www.amazon.com/Getting-Started-Technical-Analysis-Schwager/dp/0471295426,Reference source: https://www.amazon.com/Getting-Started-Technical-Analysis-Schwager/dp/0471295426,source,參考來源,Reference source,,圖表型態；交易系統；價格行為,Chart Patterns; Trading Systems; Price Action,https://www.amazon.com/Getting-Started-Technical-Analysis-Schwager/dp/0471295426,https://www.amazon.com/Getting-Started-Technical-Analysis-Schwager/dp/0471295426,book_catalog,書目資料,Book catalog,,,,,medium,中：可靠網頁、百科、交易平台或二級整理來源,"Medium: reliable web, encyclopedia, platform, or secondary reference",技術分析入門書與 Market Wizards 訪談系列讓大量實戰交易方法被系統化保存。,Research material linked to Jack D. Schwager for Chart Patterns; Trading Systems; Price Action.
40,13,傑克・施瓦格,Jack D. Schwager,參考來源：https://www.investopedia.com/articles/personal-finance/090916/top-5-books-learn-technical-analysis.asp,Reference source: https://www.investopedia.com/articles/personal-finance/090916/top-5-books-learn-technical-analysis.asp,source,參考來源,Reference source,,圖表型態；交易系統；價格行為,Chart Patterns; Trading Systems; Price Action,https://www.investopedia.com/articles/personal-finance/090916/top-5-books-learn-technical-analysis.asp,https://www.investopedia.com/articles/personal-finance/090916/top-5-books-learn-technical-analysis.asp,indicator_reference,指標參考,Indicator reference,,,,,medium,中：可靠網頁、百科、交易平台或二級整理來源,"Medium: reliable web, encyclopedia, platform, or secondary reference",技術分析入門書與 Market Wizards 訪談系列讓大量實戰交易方法被系統化保存。,Research material linked to Jack D. Schwager for Chart Patterns; Trading Systems; Price Action.
41,14,查爾斯・柯克派翠克二世,Charles D. Kirkpatrick II,《技術分析：金融市場技術分析師完整資源》,Technical Analysis: The Complete Resource for Financial Market Technicians,book,書籍,Book,2006,相對強弱 / 強勢股篩選；道氏理論；股票選股,Relative Strength; Dow Theory; Stock Selection,https://cmtassociation.org/association/award-recognizing/charles-h-dow-award/,Technical Analysis: The Complete Resource for Financial Market Technicians,award_or_professional,獎項/專業資料,Award/professional source,,,,,high,高：官方、書目、論文、CMT/專業來源或主要指標參考,"High: official, bibliographic, paper, CMT/professional, or primary indicator reference",兼具 CMT 教材作者與 Charles H. Dow Award 研究紀錄，適合放入相對強弱與股票選股研究。,Research material linked to Charles D. Kirkpatrick II for Relative Strength; Dow Theory; Stock Selection.
42,14,查爾斯・柯克派翠克二世,Charles D. Kirkpatrick II,原文題名：Stock Selection: A Test of Relative Stock Values Reported Over 17 1/2 Years,Stock Selection: A Test of Relative Stock Values Reported Over 17 1/2 Years,paper,研究論文,Research paper,2001,相對強弱 / 強勢股篩選；道氏理論；股票選股,Relative Strength; Dow Theory; Stock Selection,https://doi.org/10.2139/ssrn.1877206,Taking Stock of Housing Wealth: Reported Home Values,academic_paper,學術論文,Academic paper,10.2139/ssrn.1877206,,,,high,高：官方、書目、論文、CMT/專業來源或主要指標參考,"High: official, bibliographic, paper, CMT/professional, or primary indicator reference",兼具 CMT 教材作者與 Charles H. Dow Award 研究紀錄，適合放入相對強弱與股票選股研究。,Research material linked to Charles D. Kirkpatrick II for Relative Strength; Dow Theory; Stock Selection.
43,14,查爾斯・柯克派翠克二世,Charles D. Kirkpatrick II,參考來源：https://cmtassociation.org/association/award-recognizing/charles-h-dow-award/,Reference source: https://cmtassociation.org/association/award-recognizing/charles-h-dow-award/,source,參考來源,Reference source,,相對強弱 / 強勢股篩選；道氏理論；股票選股,Relative Strength; Dow Theory; Stock Selection,https://cmtassociation.org/association/award-recognizing/charles-h-dow-award/,https://cmtassociation.org/association/award-recognizing/charles-h-dow-award/,award_or_professional,獎項/專業資料,Award/professional source,,,,,high,高：官方、書目、論文、CMT/專業來源或主要指標參考,"High: official, bibliographic, paper, CMT/professional, or primary indicator reference",兼具 CMT 教材作者與 Charles H. Dow Award 研究紀錄，適合放入相對強弱與股票選股研究。,Research material linked to Charles D. Kirkpatrick II for Relative Strength; Dow Theory; Stock Selection.
44,15,茱莉・達爾奎斯特,Julie R. Dahlquist,《技術分析：金融市場技術分析師完整資源》,Technical Analysis: The Complete Resource for Financial Market Technicians,book,書籍,Book,2006,圖表型態；回測與系統驗證；實證技術分析,Chart Patterns; Backtesting; Evidence-Based Technical Analysis,https://cmtassociation.org/association/award-recognizing/charles-h-dow-award/,Technical Analysis: The Complete Resource for Financial Market Technicians,award_or_professional,獎項/專業資料,Award/professional source,,,,,high,高：官方、書目、論文、CMT/專業來源或主要指標參考,"High: official, bibliographic, paper, CMT/professional, or primary indicator reference",CMT 教材合著者與 Dow Award 得主，適合記錄缺口、教材與技術分析研究方法。,Research material linked to Julie R. Dahlquist for Chart Patterns; Backtesting; Evidence-Based Technical Analysis.
45,15,茱莉・達爾奎斯特,Julie R. Dahlquist,原文題名：Analyzing Gaps for Profitable Trading Strategies,Analyzing Gaps for Profitable Trading Strategies,paper,研究論文,Research paper,2011,圖表型態；回測與系統驗證；實證技術分析,Chart Patterns; Backtesting; Evidence-Based Technical Analysis,https://doi.org/10.1504/gber.2004.006224,Profitable trading strategies using EVA,academic_paper,學術論文,Academic paper,10.1504/gber.2004.006224,,,,high,高：官方、書目、論文、CMT/專業來源或主要指標參考,"High: official, bibliographic, paper, CMT/professional, or primary indicator reference",CMT 教材合著者與 Dow Award 得主，適合記錄缺口、教材與技術分析研究方法。,Research material linked to Julie R. Dahlquist for Chart Patterns; Backtesting; Evidence-Based Technical Analysis.
46,15,茱莉・達爾奎斯特,Julie R. Dahlquist,參考來源：https://cmtassociation.org/association/award-recognizing/charles-h-dow-award/,Reference source: https://cmtassociation.org/association/award-recognizing/charles-h-dow-award/,source,參考來源,Reference source,,圖表型態；回測與系統驗證；實證技術分析,Chart Patterns; Backtesting; Evidence-Based Technical Analysis,https://cmtassociation.org/association/award-recognizing/charles-h-dow-award/,https://cmtassociation.org/association/award-recognizing/charles-h-dow-award/,award_or_professional,獎項/專業資料,Award/professional source,,,,,high,高：官方、書目、論文、CMT/專業來源或主要指標參考,"High: official, bibliographic, paper, CMT/professional, or primary indicator reference",CMT 教材合著者與 Dow Award 得主，適合記錄缺口、教材與技術分析研究方法。,Research material linked to Julie R. Dahlquist for Chart Patterns; Backtesting; Evidence-Based Technical Analysis.
47,16,史蒂文・阿契利斯,Steven B. Achelis,《技術分析 A 到 Z》,Technical Analysis from A to Z,book,書籍,Book,1995,移動平均；動量；成交量分析,Moving Average; Momentum; Volume Analysis,https://openlibrary.org/works/OL3180759W,Technical Analysis from A to Z,book_catalog,書目資料,Book catalog,,,/works/OL3180759W,,high,高：官方、書目、論文、CMT/專業來源或主要指標參考,"High: official, bibliographic, paper, CMT/professional, or primary indicator reference",以指標百科型著作著稱，對建立技術指標資料庫很有參考價值。,Research material linked to Steven B. Achelis for Moving Average; Momentum; Volume Analysis.
48,16,史蒂文・阿契利斯,Steven B. Achelis,參考來源：https://guides.newman.baruch.cuny.edu/c.php?g=188442&p=1243542,Reference source: https://guides.newman.baruch.cuny.edu/c.php?g=188442&p=1243542,source,參考來源,Reference source,,移動平均；動量；成交量分析,Moving Average; Momentum; Volume Analysis,https://guides.newman.baruch.cuny.edu/c.php?g=188442&p=1243542,https://guides.newman.baruch.cuny.edu/c.php?g=188442&p=1243542,web_reference,網頁參考,Web reference,,,,,medium,中：可靠網頁、百科、交易平台或二級整理來源,"Medium: reliable web, encyclopedia, platform, or secondary reference",以指標百科型著作著稱，對建立技術指標資料庫很有參考價值。,Research material linked to Steven B. Achelis for Moving Average; Momentum; Volume Analysis.
49,17,羅伯特・科爾比,Robert W. Colby,《技術市場指標百科全書》,The Encyclopedia of Technical Market Indicators,book,書籍,Book,1988,移動平均；動量；實證技術分析,Moving Average; Momentum; Evidence-Based Technical Analysis,https://www.mheducation.com/highered/mhp/product/encyclopedia-technical-market-indicators-second-edition.html,The Encyclopedia of Technical Market Indicators,book_reference,書籍參考,Book reference,,,,,medium,中：可靠網頁、百科、交易平台或二級整理來源,"Medium: reliable web, encyclopedia, platform, or secondary reference",《The Encyclopedia of Technical Market Indicators》彙整大量指標，是資料庫型研究的重要來源。,Research material linked to Robert W. Colby for Moving Average; Momentum; Evidence-Based Technical Analysis.
52,17,羅伯特・科爾比,Robert W. Colby,參考來源：https://books.google.com/books/about/The_Encyclopedia_Of_Technical_Market_Ind.html?id=f82LUFQVGOUC,Reference source: https://books.google.com/books/about/The_Encyclopedia_Of_Technical_Market_Ind.html?id=f82LUFQVGOUC,source,參考來源,Reference source,,移動平均；動量；實證技術分析,Moving Average; Momentum; Evidence-Based Technical Analysis,https://books.google.com/books/about/The_Encyclopedia_Of_Technical_Market_Ind.html?id=f82LUFQVGOUC,https://books.google.com/books/about/The_Encyclopedia_Of_Technical_Market_Ind.html?id=f82LUFQVGOUC,book_catalog,書目資料,Book catalog,,,,,medium,中：可靠網頁、百科、交易平台或二級整理來源,"Medium: reliable web, encyclopedia, platform, or secondary reference",《The Encyclopedia of Technical Market Indicators》彙整大量指標，是資料庫型研究的重要來源。,Research material linked to Robert W. Colby for Moving Average; Momentum; Evidence-Based Technical Analysis.
51,17,羅伯特・科爾比,Robert W. Colby,參考來源：https://openlibrary.org/books/OL17060688M/The_encyclopedia_of_technical_market_indicators,Reference source: https://openlibrary.org/books/OL17060688M/The_encyclopedia_of_technical_market_indicators,source,參考來源,Reference source,,移動平均；動量；實證技術分析,Moving Average; Momentum; Evidence-Based Technical Analysis,https://openlibrary.org/books/OL17060688M/The_encyclopedia_of_technical_market_indicators,https://openlibrary.org/books/OL17060688M/The_encyclopedia_of_technical_market_indicators,book_catalog,書目資料,Book catalog,,,,,medium,中：可靠網頁、百科、交易平台或二級整理來源,"Medium: reliable web, encyclopedia, platform, or secondary reference",《The Encyclopedia of Technical Market Indicators》彙整大量指標，是資料庫型研究的重要來源。,Research material linked to Robert W. Colby for Moving Average; Momentum; Evidence-Based Technical Analysis.
50,17,羅伯特・科爾比,Robert W. Colby,參考來源：https://www.mheducation.com/highered/mhp/product/encyclopedia-technical-market-indicators-second-edition.html,Reference source: https://www.mheducation.com/highered/mhp/product/encyclopedia-technical-market-indicators-second-edition.html,source,參考來源,Reference source,,移動平均；動量；實證技術分析,Moving Average; Momentum; Evidence-Based Technical Analysis,https://www.mheducation.com/highered/mhp/product/encyclopedia-technical-market-indicators-second-edition.html,https://www.mheducation.com/highered/mhp/product/encyclopedia-technical-market-indicators-second-edition.html,web_reference,網頁參考,Web reference,,,,,medium,中：可靠網頁、百科、交易平台或二級整理來源,"Medium: reliable web, encyclopedia, platform, or secondary reference",《The Encyclopedia of Technical Market Indicators》彙整大量指標，是資料庫型研究的重要來源。,Research material linked to Robert W. Colby for Moving Average; Momentum; Evidence-Based Technical Analysis.
53,18,佩里・考夫曼,Perry J. Kaufman,《交易系統與方法》,Trading Systems and Methods,book,書籍,Book,1978,KAMA 考夫曼自適應均線；自適應均線；交易系統,Kaufman Adaptive Moving Average; Adaptive Moving Average; Trading Systems,https://openlibrary.org/works/OL25697417W,Trading Systems and Methods,book_catalog,書目資料,Book catalog,,,/works/OL25697417W,,high,高：官方、書目、論文、CMT/專業來源或主要指標參考,"High: official, bibliographic, paper, CMT/professional, or primary indicator reference",在交易系統與自適應均線方面影響大，KAMA 是技術指標資料庫必收項。,Research material linked to Perry J. Kaufman for Kaufman Adaptive Moving Average; Adaptive Moving Average; Trading Systems.
54,18,佩里・考夫曼,Perry J. Kaufman,《更聰明的交易》,Smarter Trading,book,書籍,Book,1995,KAMA 考夫曼自適應均線；自適應均線；交易系統,Kaufman Adaptive Moving Average; Adaptive Moving Average; Trading Systems,https://openlibrary.org/works/OL1904518W,Smarter trading,book_catalog,書目資料,Book catalog,,,/works/OL1904518W,,high,高：官方、書目、論文、CMT/專業來源或主要指標參考,"High: official, bibliographic, paper, CMT/professional, or primary indicator reference",在交易系統與自適應均線方面影響大，KAMA 是技術指標資料庫必收項。,Research material linked to Perry J. Kaufman for Kaufman Adaptive Moving Average; Adaptive Moving Average; Trading Systems.
55,18,佩里・考夫曼,Perry J. Kaufman,參考來源：https://trendspider.com/learning-center/what-is-the-kaufman-adaptive-moving-average/,Reference source: https://trendspider.com/learning-center/what-is-the-kaufman-adaptive-moving-average/,source,參考來源,Reference source,,KAMA 考夫曼自適應均線；自適應均線；交易系統,Kaufman Adaptive Moving Average; Adaptive Moving Average; Trading Systems,https://trendspider.com/learning-center/what-is-the-kaufman-adaptive-moving-average/,https://trendspider.com/learning-center/what-is-the-kaufman-adaptive-moving-average/,web_reference,網頁參考,Web reference,,,,,medium,中：可靠網頁、百科、交易平台或二級整理來源,"Medium: reliable web, encyclopedia, platform, or secondary reference",在交易系統與自適應均線方面影響大，KAMA 是技術指標資料庫必收項。,Research material linked to Perry J. Kaufman for Kaufman Adaptive Moving Average; Adaptive Moving Average; Trading Systems.
56,19,威爾斯・威爾德,J. Welles Wilder Jr.,《技術交易系統新概念》,New Concepts in Technical Trading Systems,book,書籍,Book,1978,RSI 相對強弱指數；ADX / DMI；ATR 平均真實波幅；Parabolic SAR,Relative Strength Index; Average Directional Index / Directional Movement; Average True Range; Parabolic SAR,https://books.google.com/books/about/New_Concepts_in_Technical_Trading_System.html?id=WesJAQAAMAAJ,New concepts in technical trading systems,book_catalog,書目資料,Book catalog,,,/works/OL5039607W,,high,高：官方、書目、論文、CMT/專業來源或主要指標參考,"High: official, bibliographic, paper, CMT/professional, or primary indicator reference",RSI、ADX/DMI、ATR、Parabolic SAR 等多個核心指標皆出自其 1978 年著作。,Research material linked to J. Welles Wilder Jr. for Relative Strength Index; Average Directional Index / Directional Movement; Average True Range; Parabolic SAR.
57,19,威爾斯・威爾德,J. Welles Wilder Jr.,參考來源：https://books.google.com/books/about/New_Concepts_in_Technical_Trading_System.html?id=WesJAQAAMAAJ,Reference source: https://books.google.com/books/about/New_Concepts_in_Technical_Trading_System.html?id=WesJAQAAMAAJ,source,參考來源,Reference source,,RSI 相對強弱指數；ADX / DMI；ATR 平均真實波幅；Parabolic SAR,Relative Strength Index; Average Directional Index / Directional Movement; Average True Range; Parabolic SAR,https://books.google.com/books/about/New_Concepts_in_Technical_Trading_System.html?id=WesJAQAAMAAJ,https://books.google.com/books/about/New_Concepts_in_Technical_Trading_System.html?id=WesJAQAAMAAJ,book_catalog,書目資料,Book catalog,,,,,medium,中：可靠網頁、百科、交易平台或二級整理來源,"Medium: reliable web, encyclopedia, platform, or secondary reference",RSI、ADX/DMI、ATR、Parabolic SAR 等多個核心指標皆出自其 1978 年著作。,Research material linked to J. Welles Wilder Jr. for Relative Strength Index; Average Directional Index / Directional Movement; Average True Range; Parabolic SAR.
58,19,威爾斯・威爾德,J. Welles Wilder Jr.,參考來源：https://www.investopedia.com/terms/r/rsi.asp,Reference source: https://www.investopedia.com/terms/r/rsi.asp,source,參考來源,Reference source,,RSI 相對強弱指數；ADX / DMI；ATR 平均真實波幅；Parabolic SAR,Relative Strength Index; Average Directional Index / Directional Movement; Average True Range; Parabolic SAR,https://www.investopedia.com/terms/r/rsi.asp,https://www.investopedia.com/terms/r/rsi.asp,indicator_reference,指標參考,Indicator reference,,,,,medium,中：可靠網頁、百科、交易平台或二級整理來源,"Medium: reliable web, encyclopedia, platform, or secondary reference",RSI、ADX/DMI、ATR、Parabolic SAR 等多個核心指標皆出自其 1978 年著作。,Research material linked to J. Welles Wilder Jr. for Relative Strength Index; Average Directional Index / Directional Movement; Average True Range; Parabolic SAR.
59,20,傑拉德・阿佩爾,Gerald Appel,《技術分析：主動投資者的強力工具》,Technical Analysis: Power Tools for Active Investors,book,書籍,Book,2005,MACD；移動平均,Moving Average Convergence/Divergence; Moving Average,https://cmtassociation.org/presenter/gerald-appel/,Technical Analysis: Power Tools for Active Investors,award_or_professional,獎項/專業資料,Award/professional source,,,,,high,高：官方、書目、論文、CMT/專業來源或主要指標參考,"High: official, bibliographic, paper, CMT/professional, or primary indicator reference",MACD 創作者，MACD 是全球交易平台中最普及的動量/趨勢指標之一。,Research material linked to Gerald Appel for Moving Average Convergence/Divergence; Moving Average.
60,20,傑拉德・阿佩爾,Gerald Appel,參考來源：https://cmtassociation.org/presenter/gerald-appel/,Reference source: https://cmtassociation.org/presenter/gerald-appel/,source,參考來源,Reference source,,MACD；移動平均,Moving Average Convergence/Divergence; Moving Average,https://cmtassociation.org/presenter/gerald-appel/,https://cmtassociation.org/presenter/gerald-appel/,award_or_professional,獎項/專業資料,Award/professional source,,,,,high,高：官方、書目、論文、CMT/專業來源或主要指標參考,"High: official, bibliographic, paper, CMT/professional, or primary indicator reference",MACD 創作者，MACD 是全球交易平台中最普及的動量/趨勢指標之一。,Research material linked to Gerald Appel for Moving Average Convergence/Divergence; Moving Average.
61,20,傑拉德・阿佩爾,Gerald Appel,參考來源：https://traders.com/documentation/feedbk_docs/2003/09/Abstracts_new/Interview/interview.html,Reference source: https://traders.com/documentation/feedbk_docs/2003/09/Abstracts_new/Interview/interview.html,source,參考來源,Reference source,,MACD；移動平均,Moving Average Convergence/Divergence; Moving Average,https://traders.com/documentation/feedbk_docs/2003/09/Abstracts_new/Interview/interview.html,https://traders.com/documentation/feedbk_docs/2003/09/Abstracts_new/Interview/interview.html,web_reference,網頁參考,Web reference,,,,,medium,中：可靠網頁、百科、交易平台或二級整理來源,"Medium: reliable web, encyclopedia, platform, or secondary reference",MACD 創作者，MACD 是全球交易平台中最普及的動量/趨勢指標之一。,Research material linked to Gerald Appel for Moving Average Convergence/Divergence; Moving Average.
62,20,傑拉德・阿佩爾,Gerald Appel,參考來源：https://www.investopedia.com/trading/macd/,Reference source: https://www.investopedia.com/trading/macd/,source,參考來源,Reference source,,MACD；移動平均,Moving Average Convergence/Divergence; Moving Average,https://www.investopedia.com/trading/macd/,https://www.investopedia.com/trading/macd/,indicator_reference,指標參考,Indicator reference,,,,,medium,中：可靠網頁、百科、交易平台或二級整理來源,"Medium: reliable web, encyclopedia, platform, or secondary reference",MACD 創作者，MACD 是全球交易平台中最普及的動量/趨勢指標之一。,Research material linked to Gerald Appel for Moving Average Convergence/Divergence; Moving Average.
63,21,約翰・布林格,John Bollinger,《布林格談布林通道》,Bollinger on Bollinger Bands,book,書籍,Book,2001,布林通道；波動率,Bollinger Bands; Volatility,https://openlibrary.org/works/OL282159W,Bollinger on Bollinger Bands,book_catalog,書目資料,Book catalog,,,/works/OL282159W,,high,高：官方、書目、論文、CMT/專業來源或主要指標參考,"High: official, bibliographic, paper, CMT/professional, or primary indicator reference",布林通道創作者，對波動率自適應通道與相對高低位判讀具核心地位。,Research material linked to John Bollinger for Bollinger Bands; Volatility.
64,21,約翰・布林格,John Bollinger,參考來源：https://www.bollingerbands.com/,Reference source: https://www.bollingerbands.com/,source,參考來源,Reference source,,布林通道；波動率,Bollinger Bands; Volatility,https://www.bollingerbands.com/,https://www.bollingerbands.com/,web_reference,網頁參考,Web reference,,,,,medium,中：可靠網頁、百科、交易平台或二級整理來源,"Medium: reliable web, encyclopedia, platform, or secondary reference",布林通道創作者，對波動率自適應通道與相對高低位判讀具核心地位。,Research material linked to John Bollinger for Bollinger Bands; Volatility.
65,21,約翰・布林格,John Bollinger,參考來源：https://www.bollingercapital.com/team,Reference source: https://www.bollingercapital.com/team,source,參考來源,Reference source,,布林通道；波動率,Bollinger Bands; Volatility,https://www.bollingercapital.com/team,https://www.bollingercapital.com/team,web_reference,網頁參考,Web reference,,,,,medium,中：可靠網頁、百科、交易平台或二級整理來源,"Medium: reliable web, encyclopedia, platform, or secondary reference",布林通道創作者，對波動率自適應通道與相對高低位判讀具核心地位。,Research material linked to John Bollinger for Bollinger Bands; Volatility.
66,22,喬治・藍恩,George C. Lane,原文題名：Lane's Stochastics,Lane's Stochastics,indicator,技術指標,Technical indicator,,隨機指標；動量,Stochastic Oscillator; Momentum,https://www.investopedia.com/terms/s/stochasticoscillator.asp,Lane's Stochastics,indicator_reference,指標參考,Indicator reference,,,,,medium,中：可靠網頁、百科、交易平台或二級整理來源,"Medium: reliable web, encyclopedia, platform, or secondary reference",隨機指標代表人物；Stochastic 與 RSI、MACD 同屬最普及動量指標。,Research material linked to George C. Lane for Stochastic Oscillator; Momentum.
68,22,喬治・藍恩,George C. Lane,參考來源：https://chartschool.stockcharts.com/table-of-contents/technical-indicators-and-overlays/technical-indicators/stochastic-oscillator-fast-slow-and-full,Reference source: https://chartschool.stockcharts.com/table-of-contents/technical-indicators-and-overlays/technical-indicators/stochastic-oscillator-fast-slow-and-full,source,參考來源,Reference source,,隨機指標；動量,Stochastic Oscillator; Momentum,https://chartschool.stockcharts.com/table-of-contents/technical-indicators-and-overlays/technical-indicators/stochastic-oscillator-fast-slow-and-full,https://chartschool.stockcharts.com/table-of-contents/technical-indicators-and-overlays/technical-indicators/stochastic-oscillator-fast-slow-and-full,indicator_reference,指標參考,Indicator reference,,,,,medium,中：可靠網頁、百科、交易平台或二級整理來源,"Medium: reliable web, encyclopedia, platform, or secondary reference",隨機指標代表人物；Stochastic 與 RSI、MACD 同屬最普及動量指標。,Research material linked to George C. Lane for Stochastic Oscillator; Momentum.
67,22,喬治・藍恩,George C. Lane,參考來源：https://www.investopedia.com/terms/s/stochasticoscillator.asp,Reference source: https://www.investopedia.com/terms/s/stochasticoscillator.asp,source,參考來源,Reference source,,隨機指標；動量,Stochastic Oscillator; Momentum,https://www.investopedia.com/terms/s/stochasticoscillator.asp,https://www.investopedia.com/terms/s/stochasticoscillator.asp,indicator_reference,指標參考,Indicator reference,,,,,medium,中：可靠網頁、百科、交易平台或二級整理來源,"Medium: reliable web, encyclopedia, platform, or secondary reference",隨機指標代表人物；Stochastic 與 RSI、MACD 同屬最普及動量指標。,Research material linked to George C. Lane for Stochastic Oscillator; Momentum.
69,23,理查・唐奇安,Richard Donchian,原文題名：Commodity Trend Timing,Commodity Trend Timing,newsletter,市場通訊,Market newsletter,1960,唐奇安通道；趨勢跟隨,Donchian Channel; Trend Following,https://www.investopedia.com/donchian-channels-formula-8415235,Commodity Trend Timing,indicator_reference,指標參考,Indicator reference,,,,,medium,中：可靠網頁、百科、交易平台或二級整理來源,"Medium: reliable web, encyclopedia, platform, or secondary reference",被視為趨勢跟隨與管理期貨先驅，唐奇安通道是突破交易和 Turtle 系統的重要基礎。,Research material linked to Richard Donchian for Donchian Channel; Trend Following.
71,23,理查・唐奇安,Richard Donchian,參考來源：https://en.wikipedia.org/wiki/Richard_Donchian,Reference source: https://en.wikipedia.org/wiki/Richard_Donchian,source,參考來源,Reference source,,唐奇安通道；趨勢跟隨,Donchian Channel; Trend Following,https://en.wikipedia.org/wiki/Richard_Donchian,https://en.wikipedia.org/wiki/Richard_Donchian,web_reference,網頁參考,Web reference,,,,,medium,中：可靠網頁、百科、交易平台或二級整理來源,"Medium: reliable web, encyclopedia, platform, or secondary reference",被視為趨勢跟隨與管理期貨先驅，唐奇安通道是突破交易和 Turtle 系統的重要基礎。,Research material linked to Richard Donchian for Donchian Channel; Trend Following.
70,23,理查・唐奇安,Richard Donchian,參考來源：https://www.investopedia.com/donchian-channels-formula-8415235,Reference source: https://www.investopedia.com/donchian-channels-formula-8415235,source,參考來源,Reference source,,唐奇安通道；趨勢跟隨,Donchian Channel; Trend Following,https://www.investopedia.com/donchian-channels-formula-8415235,https://www.investopedia.com/donchian-channels-formula-8415235,indicator_reference,指標參考,Indicator reference,,,,,medium,中：可靠網頁、百科、交易平台或二級整理來源,"Medium: reliable web, encyclopedia, platform, or secondary reference",被視為趨勢跟隨與管理期貨先驅，唐奇安通道是突破交易和 Turtle 系統的重要基礎。,Research material linked to Richard Donchian for Donchian Channel; Trend Following.
72,24,圖沙・昌德,Tushar S. Chande,《新技術交易者》,The New Technical Trader,book,書籍,Book,1994,Aroon 指標；Chande 動量震盪器；VIDYA 動態平均；隨機 RSI,Aroon; Chande Momentum Oscillator; Variable Index Dynamic Average; Stochastic RSI,https://chartschool.stockcharts.com/table-of-contents/technical-indicators-and-overlays/technical-indicators/aroon,The New Technical Trader,indicator_reference,指標參考,Indicator reference,,,,,medium,中：可靠網頁、百科、交易平台或二級整理來源,"Medium: reliable web, encyclopedia, platform, or secondary reference",Aroon、CMO、VIDYA、StochRSI 等多個指標與其相關，是技術指標資料庫的重點人物。,Research material linked to Tushar S. Chande for Aroon; Chande Momentum Oscillator; Variable Index Dynamic Average; Stochastic RSI.
73,24,圖沙・昌德,Tushar S. Chande,參考來源：https://chartschool.stockcharts.com/table-of-contents/technical-indicators-and-overlays/technical-indicators/aroon,Reference source: https://chartschool.stockcharts.com/table-of-contents/technical-indicators-and-overlays/technical-indicators/aroon,source,參考來源,Reference source,,Aroon 指標；Chande 動量震盪器；VIDYA 動態平均；隨機 RSI,Aroon; Chande Momentum Oscillator; Variable Index Dynamic Average; Stochastic RSI,https://chartschool.stockcharts.com/table-of-contents/technical-indicators-and-overlays/technical-indicators/aroon,https://chartschool.stockcharts.com/table-of-contents/technical-indicators-and-overlays/technical-indicators/aroon,indicator_reference,指標參考,Indicator reference,,,,,medium,中：可靠網頁、百科、交易平台或二級整理來源,"Medium: reliable web, encyclopedia, platform, or secondary reference",Aroon、CMO、VIDYA、StochRSI 等多個指標與其相關，是技術指標資料庫的重點人物。,Research material linked to Tushar S. Chande for Aroon; Chande Momentum Oscillator; Variable Index Dynamic Average; Stochastic RSI.
74,24,圖沙・昌德,Tushar S. Chande,參考來源：https://www.fidelity.com/learning-center/trading-investing/technical-analysis/technical-indicator-guide/cmo,Reference source: https://www.fidelity.com/learning-center/trading-investing/technical-analysis/technical-indicator-guide/cmo,source,參考來源,Reference source,,Aroon 指標；Chande 動量震盪器；VIDYA 動態平均；隨機 RSI,Aroon; Chande Momentum Oscillator; Variable Index Dynamic Average; Stochastic RSI,https://www.fidelity.com/learning-center/trading-investing/technical-analysis/technical-indicator-guide/cmo,https://www.fidelity.com/learning-center/trading-investing/technical-analysis/technical-indicator-guide/cmo,indicator_reference,指標參考,Indicator reference,,,,,medium,中：可靠網頁、百科、交易平台或二級整理來源,"Medium: reliable web, encyclopedia, platform, or secondary reference",Aroon、CMO、VIDYA、StochRSI 等多個指標與其相關，是技術指標資料庫的重點人物。,Research material linked to Tushar S. Chande for Aroon; Chande Momentum Oscillator; Variable Index Dynamic Average; Stochastic RSI.
75,24,圖沙・昌德,Tushar S. Chande,參考來源：https://www.investopedia.com/terms/s/stochrsi.asp,Reference source: https://www.investopedia.com/terms/s/stochrsi.asp,source,參考來源,Reference source,,Aroon 指標；Chande 動量震盪器；VIDYA 動態平均；隨機 RSI,Aroon; Chande Momentum Oscillator; Variable Index Dynamic Average; Stochastic RSI,https://www.investopedia.com/terms/s/stochrsi.asp,https://www.investopedia.com/terms/s/stochrsi.asp,indicator_reference,指標參考,Indicator reference,,,,,medium,中：可靠網頁、百科、交易平台或二級整理來源,"Medium: reliable web, encyclopedia, platform, or secondary reference",Aroon、CMO、VIDYA、StochRSI 等多個指標與其相關，是技術指標資料庫的重點人物。,Research material linked to Tushar S. Chande for Aroon; Chande Momentum Oscillator; Variable Index Dynamic Average; Stochastic RSI.
76,25,史丹利・克羅爾,Stanley Kroll,《新技術交易者》,The New Technical Trader,book,書籍,Book,1994,隨機 RSI；VIDYA 動態平均；交易系統,Stochastic RSI; Variable Index Dynamic Average; Trading Systems,https://www.investopedia.com/terms/s/stochrsi.asp,The New Technical Trader,indicator_reference,指標參考,Indicator reference,,,,,medium,中：可靠網頁、百科、交易平台或二級整理來源,"Medium: reliable web, encyclopedia, platform, or secondary reference",與 Tushar Chande 合作提出 StochRSI 與相關動態指標方法。,Research material linked to Stanley Kroll for Stochastic RSI; Variable Index Dynamic Average; Trading Systems.
78,25,史丹利・克羅爾,Stanley Kroll,參考來源：https://www.fxcorporate.com/help/MS/LOGOUT/i_Vidya.html,Reference source: https://www.fxcorporate.com/help/MS/LOGOUT/i_Vidya.html,source,參考來源,Reference source,,隨機 RSI；VIDYA 動態平均；交易系統,Stochastic RSI; Variable Index Dynamic Average; Trading Systems,https://www.fxcorporate.com/help/MS/LOGOUT/i_Vidya.html,https://www.fxcorporate.com/help/MS/LOGOUT/i_Vidya.html,web_reference,網頁參考,Web reference,,,,,medium,中：可靠網頁、百科、交易平台或二級整理來源,"Medium: reliable web, encyclopedia, platform, or secondary reference",與 Tushar Chande 合作提出 StochRSI 與相關動態指標方法。,Research material linked to Stanley Kroll for Stochastic RSI; Variable Index Dynamic Average; Trading Systems.
77,25,史丹利・克羅爾,Stanley Kroll,參考來源：https://www.investopedia.com/terms/s/stochrsi.asp,Reference source: https://www.investopedia.com/terms/s/stochrsi.asp,source,參考來源,Reference source,,隨機 RSI；VIDYA 動態平均；交易系統,Stochastic RSI; Variable Index Dynamic Average; Trading Systems,https://www.investopedia.com/terms/s/stochrsi.asp,https://www.investopedia.com/terms/s/stochrsi.asp,indicator_reference,指標參考,Indicator reference,,,,,medium,中：可靠網頁、百科、交易平台或二級整理來源,"Medium: reliable web, encyclopedia, platform, or secondary reference",與 Tushar Chande 合作提出 StochRSI 與相關動態指標方法。,Research material linked to Stanley Kroll for Stochastic RSI; Variable Index Dynamic Average; Trading Systems.
79,26,唐納德・蘭伯特,Donald R. Lambert,原文題名：Commodity Channel Index,Commodity Channel Index,article,文章,Article,1980,CCI 商品通道指標；週期分析,Commodity Channel Index; Cycle Analysis,https://doi.org/10.1093/iat/14.1.419,Commodity Index,academic_paper,學術論文,Academic paper,10.1093/iat/14.1.419,,,,high,高：官方、書目、論文、CMT/專業來源或主要指標參考,"High: official, bibliographic, paper, CMT/professional, or primary indicator reference",CCI 創作者；CCI 從商品週期工具延伸到股票、ETF、外匯等市場。,Research material linked to Donald R. Lambert for Commodity Channel Index; Cycle Analysis.
80,26,唐納德・蘭伯特,Donald R. Lambert,參考來源：https://chartschool.stockcharts.com/table-of-contents/technical-indicators-and-overlays/technical-indicators/commodity-channel-index-cci,Reference source: https://chartschool.stockcharts.com/table-of-contents/technical-indicators-and-overlays/technical-indicators/commodity-channel-index-cci,source,參考來源,Reference source,,CCI 商品通道指標；週期分析,Commodity Channel Index; Cycle Analysis,https://chartschool.stockcharts.com/table-of-contents/technical-indicators-and-overlays/technical-indicators/commodity-channel-index-cci,https://chartschool.stockcharts.com/table-of-contents/technical-indicators-and-overlays/technical-indicators/commodity-channel-index-cci,indicator_reference,指標參考,Indicator reference,,,,,medium,中：可靠網頁、百科、交易平台或二級整理來源,"Medium: reliable web, encyclopedia, platform, or secondary reference",CCI 創作者；CCI 從商品週期工具延伸到股票、ETF、外匯等市場。,Research material linked to Donald R. Lambert for Commodity Channel Index; Cycle Analysis.
81,27,拉瑞・威廉斯,Larry Williams,《我去年如何交易商品賺進一百萬美元》,How I Made One Million Dollars Last Year Trading Commodities,book,書籍,Book,1979,Williams %R；動量；市場寬度,Williams %R; Momentum; Market Breadth,https://www.fidelity.com/learning-center/trading-investing/technical-analysis/technical-indicator-guide/williams-r,How I Made One Million Dollars Last Year Trading Commodities,indicator_reference,指標參考,Indicator reference,,,,,medium,中：可靠網頁、百科、交易平台或二級整理來源,"Medium: reliable web, encyclopedia, platform, or secondary reference",Williams %R、Ultimate Oscillator 等工具與多本交易著作皆具影響力，亦為 2024 Dow Award 共同得主。,Research material linked to Larry Williams for Williams %R; Momentum; Market Breadth.
82,27,拉瑞・威廉斯,Larry Williams,原文題名：The Ripple Effect of Daily New Lows,The Ripple Effect of Daily New Lows,paper,研究論文,Research paper,2024,Williams %R；動量；市場寬度,Williams %R; Momentum; Market Breadth,https://doi.org/10.2139/ssrn.897900,An Empirical Model of Daily Highs and Lows,academic_paper,學術論文,Academic paper,10.2139/ssrn.897900,,,,high,高：官方、書目、論文、CMT/專業來源或主要指標參考,"High: official, bibliographic, paper, CMT/professional, or primary indicator reference",Williams %R、Ultimate Oscillator 等工具與多本交易著作皆具影響力，亦為 2024 Dow Award 共同得主。,Research material linked to Larry Williams for Williams %R; Momentum; Market Breadth.
84,27,拉瑞・威廉斯,Larry Williams,參考來源：https://cmtassociation.org/association/award-recognizing/charles-h-dow-award/,Reference source: https://cmtassociation.org/association/award-recognizing/charles-h-dow-award/,source,參考來源,Reference source,,Williams %R；動量；市場寬度,Williams %R; Momentum; Market Breadth,https://cmtassociation.org/association/award-recognizing/charles-h-dow-award/,https://cmtassociation.org/association/award-recognizing/charles-h-dow-award/,award_or_professional,獎項/專業資料,Award/professional source,,,,,high,高：官方、書目、論文、CMT/專業來源或主要指標參考,"High: official, bibliographic, paper, CMT/professional, or primary indicator reference",Williams %R、Ultimate Oscillator 等工具與多本交易著作皆具影響力，亦為 2024 Dow Award 共同得主。,Research material linked to Larry Williams for Williams %R; Momentum; Market Breadth.
83,27,拉瑞・威廉斯,Larry Williams,參考來源：https://www.fidelity.com/learning-center/trading-investing/technical-analysis/technical-indicator-guide/williams-r,Reference source: https://www.fidelity.com/learning-center/trading-investing/technical-analysis/technical-indicator-guide/williams-r,source,參考來源,Reference source,,Williams %R；動量；市場寬度,Williams %R; Momentum; Market Breadth,https://www.fidelity.com/learning-center/trading-investing/technical-analysis/technical-indicator-guide/williams-r,https://www.fidelity.com/learning-center/trading-investing/technical-analysis/technical-indicator-guide/williams-r,indicator_reference,指標參考,Indicator reference,,,,,medium,中：可靠網頁、百科、交易平台或二級整理來源,"Medium: reliable web, encyclopedia, platform, or secondary reference",Williams %R、Ultimate Oscillator 等工具與多本交易著作皆具影響力，亦為 2024 Dow Award 共同得主。,Research material linked to Larry Williams for Williams %R; Momentum; Market Breadth.
85,28,馬克・柴金,Marc Chaikin,原文題名：Chaikin Money Flow,Chaikin Money Flow,indicator,技術指標,Technical indicator,,Chaikin 資金流；成交量分析,Chaikin Money Flow; Volume Analysis,https://www.fidelity.com/learning-center/trading-investing/technical-analysis/technical-indicator-guide/cmf,Chaikin Money Flow,indicator_reference,指標參考,Indicator reference,,,,,medium,中：可靠網頁、百科、交易平台或二級整理來源,"Medium: reliable web, encyclopedia, platform, or secondary reference",Chaikin Money Flow 與 Chaikin 系列量價指標被廣泛內建於交易平台。,Research material linked to Marc Chaikin for Chaikin Money Flow; Volume Analysis.
87,28,馬克・柴金,Marc Chaikin,參考來源：https://chaikinanalytics.com/,Reference source: https://chaikinanalytics.com/,source,參考來源,Reference source,,Chaikin 資金流；成交量分析,Chaikin Money Flow; Volume Analysis,https://chaikinanalytics.com/,https://chaikinanalytics.com/,web_reference,網頁參考,Web reference,,,,,medium,中：可靠網頁、百科、交易平台或二級整理來源,"Medium: reliable web, encyclopedia, platform, or secondary reference",Chaikin Money Flow 與 Chaikin 系列量價指標被廣泛內建於交易平台。,Research material linked to Marc Chaikin for Chaikin Money Flow; Volume Analysis.
86,28,馬克・柴金,Marc Chaikin,參考來源：https://www.fidelity.com/learning-center/trading-investing/technical-analysis/technical-indicator-guide/cmf,Reference source: https://www.fidelity.com/learning-center/trading-investing/technical-analysis/technical-indicator-guide/cmf,source,參考來源,Reference source,,Chaikin 資金流；成交量分析,Chaikin Money Flow; Volume Analysis,https://www.fidelity.com/learning-center/trading-investing/technical-analysis/technical-indicator-guide/cmf,https://www.fidelity.com/learning-center/trading-investing/technical-analysis/technical-indicator-guide/cmf,indicator_reference,指標參考,Indicator reference,,,,,medium,中：可靠網頁、百科、交易平台或二級整理來源,"Medium: reliable web, encyclopedia, platform, or secondary reference",Chaikin Money Flow 與 Chaikin 系列量價指標被廣泛內建於交易平台。,Research material linked to Marc Chaikin for Chaikin Money Flow; Volume Analysis.
88,29,約瑟夫・格蘭維爾,Joseph Granville,《格蘭維爾股市獲利新鑰》,Granville's New Key to Stock Market Profits,book,書籍,Book,1963,OBV 能量潮；成交量分析,On-Balance Volume; Volume Analysis,https://www.investopedia.com/terms/o/onbalancevolume.asp,Granville's New Key to Stock Market Profits,indicator_reference,指標參考,Indicator reference,,,,,medium,中：可靠網頁、百科、交易平台或二級整理來源,"Medium: reliable web, encyclopedia, platform, or secondary reference",OBV 創作者，將成交量作為價格先行壓力的概念推廣到股票市場。,Research material linked to Joseph Granville for On-Balance Volume; Volume Analysis.
91,29,約瑟夫・格蘭維爾,Joseph Granville,參考來源：https://books.google.com/books/about/New_Key_to_Stock_Market_Profits.html?id=Z8xl5AAACAAJ,Reference source: https://books.google.com/books/about/New_Key_to_Stock_Market_Profits.html?id=Z8xl5AAACAAJ,source,參考來源,Reference source,,OBV 能量潮；成交量分析,On-Balance Volume; Volume Analysis,https://books.google.com/books/about/New_Key_to_Stock_Market_Profits.html?id=Z8xl5AAACAAJ,https://books.google.com/books/about/New_Key_to_Stock_Market_Profits.html?id=Z8xl5AAACAAJ,book_catalog,書目資料,Book catalog,,,,,medium,中：可靠網頁、百科、交易平台或二級整理來源,"Medium: reliable web, encyclopedia, platform, or secondary reference",OBV 創作者，將成交量作為價格先行壓力的概念推廣到股票市場。,Research material linked to Joseph Granville for On-Balance Volume; Volume Analysis.
90,29,約瑟夫・格蘭維爾,Joseph Granville,參考來源：https://openlibrary.org/works/OL3510350W/New_key_to_stock_market_profits,Reference source: https://openlibrary.org/works/OL3510350W/New_key_to_stock_market_profits,source,參考來源,Reference source,,OBV 能量潮；成交量分析,On-Balance Volume; Volume Analysis,https://openlibrary.org/works/OL3510350W/New_key_to_stock_market_profits,https://openlibrary.org/works/OL3510350W/New_key_to_stock_market_profits,book_catalog,書目資料,Book catalog,,,,,medium,中：可靠網頁、百科、交易平台或二級整理來源,"Medium: reliable web, encyclopedia, platform, or secondary reference",OBV 創作者，將成交量作為價格先行壓力的概念推廣到股票市場。,Research material linked to Joseph Granville for On-Balance Volume; Volume Analysis.
89,29,約瑟夫・格蘭維爾,Joseph Granville,參考來源：https://www.investopedia.com/terms/o/onbalancevolume.asp,Reference source: https://www.investopedia.com/terms/o/onbalancevolume.asp,source,參考來源,Reference source,,OBV 能量潮；成交量分析,On-Balance Volume; Volume Analysis,https://www.investopedia.com/terms/o/onbalancevolume.asp,https://www.investopedia.com/terms/o/onbalancevolume.asp,indicator_reference,指標參考,Indicator reference,,,,,medium,中：可靠網頁、百科、交易平台或二級整理來源,"Medium: reliable web, encyclopedia, platform, or secondary reference",OBV 創作者，將成交量作為價格先行壓力的概念推廣到股票市場。,Research material linked to Joseph Granville for On-Balance Volume; Volume Analysis.
92,30,謝爾曼・麥克萊倫,Sherman McClellan,《獲利型態》,Patterns for Profit,book,書籍,Book,,McClellan Oscillator；市場寬度,McClellan Oscillator; Market Breadth,https://www.mcoscillator.com/learning_center/kb/mcclellan_oscillator/the_origin_story_of_the_mcclellan_oscillator/,Patterns for Profit,book_reference,書籍參考,Book reference,,,,,medium,中：可靠網頁、百科、交易平台或二級整理來源,"Medium: reliable web, encyclopedia, platform, or secondary reference",與 Marian McClellan 共同開發 McClellan Oscillator 與 Summation Index。,Research material linked to Sherman McClellan for McClellan Oscillator; Market Breadth.
94,30,謝爾曼・麥克萊倫,Sherman McClellan,參考來源：https://www.investopedia.com/terms/m/mcclellanoscillator.asp,Reference source: https://www.investopedia.com/terms/m/mcclellanoscillator.asp,source,參考來源,Reference source,,McClellan Oscillator；市場寬度,McClellan Oscillator; Market Breadth,https://www.investopedia.com/terms/m/mcclellanoscillator.asp,https://www.investopedia.com/terms/m/mcclellanoscillator.asp,indicator_reference,指標參考,Indicator reference,,,,,medium,中：可靠網頁、百科、交易平台或二級整理來源,"Medium: reliable web, encyclopedia, platform, or secondary reference",與 Marian McClellan 共同開發 McClellan Oscillator 與 Summation Index。,Research material linked to Sherman McClellan for McClellan Oscillator; Market Breadth.
93,30,謝爾曼・麥克萊倫,Sherman McClellan,參考來源：https://www.mcoscillator.com/learning_center/kb/mcclellan_oscillator/the_origin_story_of_the_mcclellan_oscillator/,Reference source: https://www.mcoscillator.com/learning_center/kb/mcclellan_oscillator/the_origin_story_of_the_mcclellan_oscillator/,source,參考來源,Reference source,,McClellan Oscillator；市場寬度,McClellan Oscillator; Market Breadth,https://www.mcoscillator.com/learning_center/kb/mcclellan_oscillator/the_origin_story_of_the_mcclellan_oscillator/,https://www.mcoscillator.com/learning_center/kb/mcclellan_oscillator/the_origin_story_of_the_mcclellan_oscillator/,web_reference,網頁參考,Web reference,,,,,medium,中：可靠網頁、百科、交易平台或二級整理來源,"Medium: reliable web, encyclopedia, platform, or secondary reference",與 Marian McClellan 共同開發 McClellan Oscillator 與 Summation Index。,Research material linked to Sherman McClellan for McClellan Oscillator; Market Breadth.
95,31,瑪麗安・麥克萊倫,Marian McClellan,《獲利型態》,Patterns for Profit,book,書籍,Book,,McClellan Oscillator；市場寬度,McClellan Oscillator; Market Breadth,https://www.mcoscillator.com/learning_center/kb/mcclellan_oscillator/the_origin_story_of_the_mcclellan_oscillator/,Patterns for Profit,book_reference,書籍參考,Book reference,,,,,medium,中：可靠網頁、百科、交易平台或二級整理來源,"Medium: reliable web, encyclopedia, platform, or secondary reference",McClellan Oscillator 共同創作者，對廣度動量與市場內部結構研究具代表性。,Research material linked to Marian McClellan for McClellan Oscillator; Market Breadth.
97,31,瑪麗安・麥克萊倫,Marian McClellan,參考來源：https://www.investopedia.com/terms/m/mcclellanoscillator.asp,Reference source: https://www.investopedia.com/terms/m/mcclellanoscillator.asp,source,參考來源,Reference source,,McClellan Oscillator；市場寬度,McClellan Oscillator; Market Breadth,https://www.investopedia.com/terms/m/mcclellanoscillator.asp,https://www.investopedia.com/terms/m/mcclellanoscillator.asp,indicator_reference,指標參考,Indicator reference,,,,,medium,中：可靠網頁、百科、交易平台或二級整理來源,"Medium: reliable web, encyclopedia, platform, or secondary reference",McClellan Oscillator 共同創作者，對廣度動量與市場內部結構研究具代表性。,Research material linked to Marian McClellan for McClellan Oscillator; Market Breadth.
96,31,瑪麗安・麥克萊倫,Marian McClellan,參考來源：https://www.mcoscillator.com/learning_center/kb/mcclellan_oscillator/the_origin_story_of_the_mcclellan_oscillator/,Reference source: https://www.mcoscillator.com/learning_center/kb/mcclellan_oscillator/the_origin_story_of_the_mcclellan_oscillator/,source,參考來源,Reference source,,McClellan Oscillator；市場寬度,McClellan Oscillator; Market Breadth,https://www.mcoscillator.com/learning_center/kb/mcclellan_oscillator/the_origin_story_of_the_mcclellan_oscillator/,https://www.mcoscillator.com/learning_center/kb/mcclellan_oscillator/the_origin_story_of_the_mcclellan_oscillator/,web_reference,網頁參考,Web reference,,,,,medium,中：可靠網頁、百科、交易平台或二級整理來源,"Medium: reliable web, encyclopedia, platform, or secondary reference",McClellan Oscillator 共同創作者，對廣度動量與市場內部結構研究具代表性。,Research material linked to Marian McClellan for McClellan Oscillator; Market Breadth.
98,32,理查・阿姆斯,Richard W. Arms Jr.,原文題名：The Arms Index,The Arms Index,indicator,技術指標,Technical indicator,1967,TRIN / Arms Index；市場寬度；成交量分析,Arms Index; Market Breadth; Volume Analysis,https://chartschool.stockcharts.com/table-of-contents/market-indicators/arms-index-trin,The Arms Index,indicator_reference,指標參考,Indicator reference,,,,,medium,中：可靠網頁、百科、交易平台或二級整理來源,"Medium: reliable web, encyclopedia, platform, or secondary reference",TRIN/Arms Index 將漲跌家數與成交量結合，是經典市場寬度與短線情緒工具。,Research material linked to Richard W. Arms Jr. for Arms Index; Market Breadth; Volume Analysis.
99,32,理查・阿姆斯,Richard W. Arms Jr.,參考來源：https://chartschool.stockcharts.com/table-of-contents/market-indicators/arms-index-trin,Reference source: https://chartschool.stockcharts.com/table-of-contents/market-indicators/arms-index-trin,source,參考來源,Reference source,,TRIN / Arms Index；市場寬度；成交量分析,Arms Index; Market Breadth; Volume Analysis,https://chartschool.stockcharts.com/table-of-contents/market-indicators/arms-index-trin,https://chartschool.stockcharts.com/table-of-contents/market-indicators/arms-index-trin,indicator_reference,指標參考,Indicator reference,,,,,medium,中：可靠網頁、百科、交易平台或二級整理來源,"Medium: reliable web, encyclopedia, platform, or secondary reference",TRIN/Arms Index 將漲跌家數與成交量結合，是經典市場寬度與短線情緒工具。,Research material linked to Richard W. Arms Jr. for Arms Index; Market Breadth; Volume Analysis.
100,32,理查・阿姆斯,Richard W. Arms Jr.,參考來源：https://www.investopedia.com/terms/a/arms.asp,Reference source: https://www.investopedia.com/terms/a/arms.asp,source,參考來源,Reference source,,TRIN / Arms Index；市場寬度；成交量分析,Arms Index; Market Breadth; Volume Analysis,https://www.investopedia.com/terms/a/arms.asp,https://www.investopedia.com/terms/a/arms.asp,indicator_reference,指標參考,Indicator reference,,,,,medium,中：可靠網頁、百科、交易平台或二級整理來源,"Medium: reliable web, encyclopedia, platform, or secondary reference",TRIN/Arms Index 將漲跌家數與成交量結合，是經典市場寬度與短線情緒工具。,Research material linked to Richard W. Arms Jr. for Arms Index; Market Breadth; Volume Analysis.
101,33,艾德溫・科波克,Edwin S. Coppock,原文題名：Coppock Curve,Coppock Curve,indicator,技術指標,Technical indicator,1962,Coppock 曲線；動量,Coppock Curve; Momentum,https://en.wikipedia.org/wiki/Coppock_curve,Coppock Curve,web_reference,網頁參考,Web reference,,,,,medium,中：可靠網頁、百科、交易平台或二級整理來源,"Medium: reliable web, encyclopedia, platform, or secondary reference",Coppock Curve 是長期市場底部與月線動量判讀的經典工具。,Research material linked to Edwin S. Coppock for Coppock Curve; Momentum.
102,33,艾德溫・科波克,Edwin S. Coppock,參考來源：https://en.wikipedia.org/wiki/Coppock_curve,Reference source: https://en.wikipedia.org/wiki/Coppock_curve,source,參考來源,Reference source,,Coppock 曲線；動量,Coppock Curve; Momentum,https://en.wikipedia.org/wiki/Coppock_curve,https://en.wikipedia.org/wiki/Coppock_curve,web_reference,網頁參考,Web reference,,,,,medium,中：可靠網頁、百科、交易平台或二級整理來源,"Medium: reliable web, encyclopedia, platform, or secondary reference",Coppock Curve 是長期市場底部與月線動量判讀的經典工具。,Research material linked to Edwin S. Coppock for Coppock Curve; Momentum.
104,33,艾德溫・科波克,Edwin S. Coppock,參考來源：https://www.incrediblecharts.com/indicators/coppock_indicator.php,Reference source: https://www.incrediblecharts.com/indicators/coppock_indicator.php,source,參考來源,Reference source,,Coppock 曲線；動量,Coppock Curve; Momentum,https://www.incrediblecharts.com/indicators/coppock_indicator.php,https://www.incrediblecharts.com/indicators/coppock_indicator.php,web_reference,網頁參考,Web reference,,,,,medium,中：可靠網頁、百科、交易平台或二級整理來源,"Medium: reliable web, encyclopedia, platform, or secondary reference",Coppock Curve 是長期市場底部與月線動量判讀的經典工具。,Research material linked to Edwin S. Coppock for Coppock Curve; Momentum.
103,33,艾德溫・科波克,Edwin S. Coppock,參考來源：https://www.investopedia.com/articles/active-trading/031814/using-coppock-curve-generate-stock-trade-signals.asp,Reference source: https://www.investopedia.com/articles/active-trading/031814/using-coppock-curve-generate-stock-trade-signals.asp,source,參考來源,Reference source,,Coppock 曲線；動量,Coppock Curve; Momentum,https://www.investopedia.com/articles/active-trading/031814/using-coppock-curve-generate-stock-trade-signals.asp,https://www.investopedia.com/articles/active-trading/031814/using-coppock-curve-generate-stock-trade-signals.asp,indicator_reference,指標參考,Indicator reference,,,,,medium,中：可靠網頁、百科、交易平台或二級整理來源,"Medium: reliable web, encyclopedia, platform, or secondary reference",Coppock Curve 是長期市場底部與月線動量判讀的經典工具。,Research material linked to Edwin S. Coppock for Coppock Curve; Momentum.
105,34,湯姆・迪馬克,Tom DeMark,《技術分析新科學》,The New Science of Technical Analysis,book,書籍,Book,1994,DeMark 指標；市場時機,DeMARK Indicators; Market Timing,https://demark.com/about/,The New Science of Technical Analysis,book_reference,書籍參考,Book reference,,,,,medium,中：可靠網頁、百科、交易平台或二級整理來源,"Medium: reliable web, encyclopedia, platform, or secondary reference",DeMARK 指標系列在機構交易與市場時機判斷中知名度高，官方資料稱其為 DeMARK Indicators 創作者。,Research material linked to Tom DeMark for DeMARK Indicators; Market Timing.
106,34,湯姆・迪馬克,Tom DeMark,原文題名：DeMARK Indicators,DeMARK Indicators,indicator_library,指標庫,Indicator library,,DeMark 指標；市場時機,DeMARK Indicators; Market Timing,https://demark.com/about/,DeMARK Indicators,web_reference,網頁參考,Web reference,,,,,medium,中：可靠網頁、百科、交易平台或二級整理來源,"Medium: reliable web, encyclopedia, platform, or secondary reference",DeMARK 指標系列在機構交易與市場時機判斷中知名度高，官方資料稱其為 DeMARK Indicators 創作者。,Research material linked to Tom DeMark for DeMARK Indicators; Market Timing.
107,34,湯姆・迪馬克,Tom DeMark,參考來源：https://demark.com/about/,Reference source: https://demark.com/about/,source,參考來源,Reference source,,DeMark 指標；市場時機,DeMARK Indicators; Market Timing,https://demark.com/about/,https://demark.com/about/,web_reference,網頁參考,Web reference,,,,,medium,中：可靠網頁、百科、交易平台或二級整理來源,"Medium: reliable web, encyclopedia, platform, or secondary reference",DeMARK 指標系列在機構交易與市場時機判斷中知名度高，官方資料稱其為 DeMARK Indicators 創作者。,Research material linked to Tom DeMark for DeMARK Indicators; Market Timing.
108,34,湯姆・迪馬克,Tom DeMark,參考來源：https://demark.com/demark-indicators/,Reference source: https://demark.com/demark-indicators/,source,參考來源,Reference source,,DeMark 指標；市場時機,DeMARK Indicators; Market Timing,https://demark.com/demark-indicators/,https://demark.com/demark-indicators/,web_reference,網頁參考,Web reference,,,,,medium,中：可靠網頁、百科、交易平台或二級整理來源,"Medium: reliable web, encyclopedia, platform, or secondary reference",DeMARK 指標系列在機構交易與市場時機判斷中知名度高，官方資料稱其為 DeMARK Indicators 創作者。,Research material linked to Tom DeMark for DeMARK Indicators; Market Timing.
109,35,亞歷山大・艾爾德,Alexander Elder,《以交易為生》,Trading for a Living,book,書籍,Book,1993,Elder-Ray；Force Index；交易系統,Elder-Ray Index; Force Index; Trading Systems,https://openlibrary.org/works/OL1940236W,Trading for a Living,book_catalog,書目資料,Book catalog,,,/works/OL1940236W,,high,高：官方、書目、論文、CMT/專業來源或主要指標參考,"High: official, bibliographic, paper, CMT/professional, or primary indicator reference",Elder-Ray、Force Index 與 Triple Screen 系統將趨勢、動量、量能與交易心理結合。,Research material linked to Alexander Elder for Elder-Ray Index; Force Index; Trading Systems.
110,35,亞歷山大・艾爾德,Alexander Elder,參考來源：https://www.investopedia.com/articles/trading/03/022603.asp,Reference source: https://www.investopedia.com/articles/trading/03/022603.asp,source,參考來源,Reference source,,Elder-Ray；Force Index；交易系統,Elder-Ray Index; Force Index; Trading Systems,https://www.investopedia.com/articles/trading/03/022603.asp,https://www.investopedia.com/articles/trading/03/022603.asp,indicator_reference,指標參考,Indicator reference,,,,,medium,中：可靠網頁、百科、交易平台或二級整理來源,"Medium: reliable web, encyclopedia, platform, or secondary reference",Elder-Ray、Force Index 與 Triple Screen 系統將趨勢、動量、量能與交易心理結合。,Research material linked to Alexander Elder for Elder-Ray Index; Force Index; Trading Systems.
111,36,史蒂夫・尼森,Steve Nison,《日本蠟燭圖技術》,Japanese Candlestick Charting Techniques,book,書籍,Book,1991,K 線 / 蠟燭圖；圖表型態,Candlestick Charting; Chart Patterns,https://candlecharts.com/about-steve-nison/,Japanese Candlestick Charting Techniques,book_reference,書籍參考,Book reference,,,,,medium,中：可靠網頁、百科、交易平台或二級整理來源,"Medium: reliable web, encyclopedia, platform, or secondary reference",被其官方網站稱為把日本蠟燭圖帶入西方世界的權威，對全球 K 線教材影響極大。,Research material linked to Steve Nison for Candlestick Charting; Chart Patterns.
112,36,史蒂夫・尼森,Steve Nison,參考來源：https://candlecharts.com/about-steve-nison/,Reference source: https://candlecharts.com/about-steve-nison/,source,參考來源,Reference source,,K 線 / 蠟燭圖；圖表型態,Candlestick Charting; Chart Patterns,https://candlecharts.com/about-steve-nison/,https://candlecharts.com/about-steve-nison/,web_reference,網頁參考,Web reference,,,,,medium,中：可靠網頁、百科、交易平台或二級整理來源,"Medium: reliable web, encyclopedia, platform, or secondary reference",被其官方網站稱為把日本蠟燭圖帶入西方世界的權威，對全球 K 線教材影響極大。,Research material linked to Steve Nison for Candlestick Charting; Chart Patterns.
113,36,史蒂夫・尼森,Steve Nison,參考來源：https://openlibrary.org/books/OL1864784M/Japanese_candlestick_charting_techniques,Reference source: https://openlibrary.org/books/OL1864784M/Japanese_candlestick_charting_techniques,source,參考來源,Reference source,,K 線 / 蠟燭圖；圖表型態,Candlestick Charting; Chart Patterns,https://openlibrary.org/books/OL1864784M/Japanese_candlestick_charting_techniques,https://openlibrary.org/books/OL1864784M/Japanese_candlestick_charting_techniques,book_catalog,書目資料,Book catalog,,,,,medium,中：可靠網頁、百科、交易平台或二級整理來源,"Medium: reliable web, encyclopedia, platform, or secondary reference",被其官方網站稱為把日本蠟燭圖帶入西方世界的權威，對全球 K 線教材影響極大。,Research material linked to Steve Nison for Candlestick Charting; Chart Patterns.
114,36,史蒂夫・尼森,Steve Nison,參考來源：https://www.amazon.com/Japanese-Candlestick-Charting-Techniques-Second/dp/0735201811,Reference source: https://www.amazon.com/Japanese-Candlestick-Charting-Techniques-Second/dp/0735201811,source,參考來源,Reference source,,K 線 / 蠟燭圖；圖表型態,Candlestick Charting; Chart Patterns,https://www.amazon.com/Japanese-Candlestick-Charting-Techniques-Second/dp/0735201811,https://www.amazon.com/Japanese-Candlestick-Charting-Techniques-Second/dp/0735201811,book_catalog,書目資料,Book catalog,,,,,medium,中：可靠網頁、百科、交易平台或二級整理來源,"Medium: reliable web, encyclopedia, platform, or secondary reference",被其官方網站稱為把日本蠟燭圖帶入西方世界的權威，對全球 K 線教材影響極大。,Research material linked to Steve Nison for Candlestick Charting; Chart Patterns.
115,37,細田悟一,Goichi Hosoda,《一目均衡表》,Ichimoku Kinko Hyo,book_series,系列書籍,Book series,1969,一目均衡表；趨勢跟隨,Ichimoku Kinko Hyo; Trend Following,https://www.investopedia.com/terms/i/ichimoku-cloud.asp,Ichimoku Kinko Hyo,indicator_reference,指標參考,Indicator reference,,,,,medium,中：可靠網頁、百科、交易平台或二級整理來源,"Medium: reliable web, encyclopedia, platform, or secondary reference",一目均衡表創始者，將趨勢、動量、支撐阻力與時間概念整合為完整系統。,Research material linked to Goichi Hosoda for Ichimoku Kinko Hyo; Trend Following.
116,37,細田悟一,Goichi Hosoda,參考來源：https://www.investopedia.com/terms/i/ichimoku-cloud.asp,Reference source: https://www.investopedia.com/terms/i/ichimoku-cloud.asp,source,參考來源,Reference source,,一目均衡表；趨勢跟隨,Ichimoku Kinko Hyo; Trend Following,https://www.investopedia.com/terms/i/ichimoku-cloud.asp,https://www.investopedia.com/terms/i/ichimoku-cloud.asp,indicator_reference,指標參考,Indicator reference,,,,,medium,中：可靠網頁、百科、交易平台或二級整理來源,"Medium: reliable web, encyclopedia, platform, or secondary reference",一目均衡表創始者，將趨勢、動量、支撐阻力與時間概念整合為完整系統。,Research material linked to Goichi Hosoda for Ichimoku Kinko Hyo; Trend Following.
117,37,細田悟一,Goichi Hosoda,參考來源：https://www.swissquote.com/en-ch/private/inspire/blog/technical-analysis/what-ichimoku-kinko-hyo-trading-method,Reference source: https://www.swissquote.com/en-ch/private/inspire/blog/technical-analysis/what-ichimoku-kinko-hyo-trading-method,source,參考來源,Reference source,,一目均衡表；趨勢跟隨,Ichimoku Kinko Hyo; Trend Following,https://www.swissquote.com/en-ch/private/inspire/blog/technical-analysis/what-ichimoku-kinko-hyo-trading-method,https://www.swissquote.com/en-ch/private/inspire/blog/technical-analysis/what-ichimoku-kinko-hyo-trading-method,web_reference,網頁參考,Web reference,,,,,medium,中：可靠網頁、百科、交易平台或二級整理來源,"Medium: reliable web, encyclopedia, platform, or secondary reference",一目均衡表創始者，將趨勢、動量、支撐阻力與時間概念整合為完整系統。,Research material linked to Goichi Hosoda for Ichimoku Kinko Hyo; Trend Following.
118,38,本間宗久,Munehisa Homma,原文題名：Sakata Rules,Sakata Rules,historical_method,歷史方法,Historical method,,K 線 / 蠟燭圖；價格行為,Candlestick Charting; Price Action,https://en.wikipedia.org/wiki/Munehisa_Homma,Sakata Rules,web_reference,網頁參考,Web reference,,,,,medium,中：可靠網頁、百科、交易平台或二級整理來源,"Medium: reliable web, encyclopedia, platform, or secondary reference",常被列為日本 K 線與市場心理分析源流人物；適合記錄在蠟燭圖歷史欄位。,Research material linked to Munehisa Homma for Candlestick Charting; Price Action.
119,38,本間宗久,Munehisa Homma,參考來源：https://en.wikipedia.org/wiki/Munehisa_Homma,Reference source: https://en.wikipedia.org/wiki/Munehisa_Homma,source,參考來源,Reference source,,K 線 / 蠟燭圖；價格行為,Candlestick Charting; Price Action,https://en.wikipedia.org/wiki/Munehisa_Homma,https://en.wikipedia.org/wiki/Munehisa_Homma,web_reference,網頁參考,Web reference,,,,,medium,中：可靠網頁、百科、交易平台或二級整理來源,"Medium: reliable web, encyclopedia, platform, or secondary reference",常被列為日本 K 線與市場心理分析源流人物；適合記錄在蠟燭圖歷史欄位。,Research material linked to Munehisa Homma for Candlestick Charting; Price Action.
121,38,本間宗久,Munehisa Homma,參考來源：https://ftmo.com/en/blog/technical-analysis-history-of-candlestick-charts/,Reference source: https://ftmo.com/en/blog/technical-analysis-history-of-candlestick-charts/,source,參考來源,Reference source,,K 線 / 蠟燭圖；價格行為,Candlestick Charting; Price Action,https://ftmo.com/en/blog/technical-analysis-history-of-candlestick-charts/,https://ftmo.com/en/blog/technical-analysis-history-of-candlestick-charts/,web_reference,網頁參考,Web reference,,,,,medium,中：可靠網頁、百科、交易平台或二級整理來源,"Medium: reliable web, encyclopedia, platform, or secondary reference",常被列為日本 K 線與市場心理分析源流人物；適合記錄在蠟燭圖歷史欄位。,Research material linked to Munehisa Homma for Candlestick Charting; Price Action.
120,38,本間宗久,Munehisa Homma,參考來源：https://www.hotcandlestick.com/candlesticks.htm,Reference source: https://www.hotcandlestick.com/candlesticks.htm,source,參考來源,Reference source,,K 線 / 蠟燭圖；價格行為,Candlestick Charting; Price Action,https://www.hotcandlestick.com/candlesticks.htm,https://www.hotcandlestick.com/candlesticks.htm,web_reference,網頁參考,Web reference,,,,,medium,中：可靠網頁、百科、交易平台或二級整理來源,"Medium: reliable web, encyclopedia, platform, or secondary reference",常被列為日本 K 線與市場心理分析源流人物；適合記錄在蠟燭圖歷史欄位。,Research material linked to Munehisa Homma for Candlestick Charting; Price Action.
122,39,湯瑪斯・布考斯基,Thomas N. Bulkowski,《圖表型態百科全書》,Encyclopedia of Chart Patterns,book,書籍,Book,2000,圖表型態；K 線 / 蠟燭圖；回測與系統驗證,Chart Patterns; Candlestick Charting; Backtesting,https://www.amazon.com/Encyclopedia-Chart-Patterns-Thomas-Bulkowski/dp/0471668265,Encyclopedia of Chart Patterns,book_catalog,書目資料,Book catalog,,,,,high,高：官方、書目、論文、CMT/專業來源或主要指標參考,"High: official, bibliographic, paper, CMT/professional, or primary indicator reference",以大量歷史樣本統計圖表型態與 K 線表現，是型態資料庫的重要參考人物。,Research material linked to Thomas N. Bulkowski for Chart Patterns; Candlestick Charting; Backtesting.
123,39,湯瑪斯・布考斯基,Thomas N. Bulkowski,參考來源：https://thepatternsite.com/,Reference source: https://thepatternsite.com/,source,參考來源,Reference source,,圖表型態；K 線 / 蠟燭圖；回測與系統驗證,Chart Patterns; Candlestick Charting; Backtesting,https://thepatternsite.com/,https://thepatternsite.com/,web_reference,網頁參考,Web reference,,,,,medium,中：可靠網頁、百科、交易平台或二級整理來源,"Medium: reliable web, encyclopedia, platform, or secondary reference",以大量歷史樣本統計圖表型態與 K 線表現，是型態資料庫的重要參考人物。,Research material linked to Thomas N. Bulkowski for Chart Patterns; Candlestick Charting; Backtesting.
124,39,湯瑪斯・布考斯基,Thomas N. Bulkowski,參考來源：https://www.amazon.com/Encyclopedia-Chart-Patterns-Thomas-Bulkowski/dp/0471668265,Reference source: https://www.amazon.com/Encyclopedia-Chart-Patterns-Thomas-Bulkowski/dp/0471668265,source,參考來源,Reference source,,圖表型態；K 線 / 蠟燭圖；回測與系統驗證,Chart Patterns; Candlestick Charting; Backtesting,https://www.amazon.com/Encyclopedia-Chart-Patterns-Thomas-Bulkowski/dp/0471668265,https://www.amazon.com/Encyclopedia-Chart-Patterns-Thomas-Bulkowski/dp/0471668265,book_catalog,書目資料,Book catalog,,,,,medium,中：可靠網頁、百科、交易平台或二級整理來源,"Medium: reliable web, encyclopedia, platform, or secondary reference",以大量歷史樣本統計圖表型態與 K 線表現，是型態資料庫的重要參考人物。,Research material linked to Thomas N. Bulkowski for Chart Patterns; Candlestick Charting; Backtesting.
125,40,路易絲・山田,Louise Yamada,《市場魔法》,Market Magic: Riding the Greatest Bull Market of the Century,book,書籍,Book,1998,相對強弱 / 強勢股篩選；趨勢跟隨；支撐阻力,Relative Strength; Trend Following; Support and Resistance,https://cmtassociation.org/presenter/louise-yamada/,Market Magic: Riding the Greatest Bull Market of the Century,award_or_professional,獎項/專業資料,Award/professional source,,,,,high,高：官方、書目、論文、CMT/專業來源或主要指標參考,"High: official, bibliographic, paper, CMT/professional, or primary indicator reference",前 Smith Barney/Citigroup 技術研究主管與 CMT Lifetime Achievement 得主，代表機構級技術分析。,Research material linked to Louise Yamada for Relative Strength; Trend Following; Support and Resistance.
126,40,路易絲・山田,Louise Yamada,參考來源：https://cmtassociation.org/presenter/louise-yamada/,Reference source: https://cmtassociation.org/presenter/louise-yamada/,source,參考來源,Reference source,,相對強弱 / 強勢股篩選；趨勢跟隨；支撐阻力,Relative Strength; Trend Following; Support and Resistance,https://cmtassociation.org/presenter/louise-yamada/,https://cmtassociation.org/presenter/louise-yamada/,award_or_professional,獎項/專業資料,Award/professional source,,,,,high,高：官方、書目、論文、CMT/專業來源或主要指標參考,"High: official, bibliographic, paper, CMT/professional, or primary indicator reference",前 Smith Barney/Citigroup 技術研究主管與 CMT Lifetime Achievement 得主，代表機構級技術分析。,Research material linked to Louise Yamada for Relative Strength; Trend Following; Support and Resistance.
127,40,路易絲・山田,Louise Yamada,參考來源：https://www.lyadvisors.com/,Reference source: https://www.lyadvisors.com/,source,參考來源,Reference source,,相對強弱 / 強勢股篩選；趨勢跟隨；支撐阻力,Relative Strength; Trend Following; Support and Resistance,https://www.lyadvisors.com/,https://www.lyadvisors.com/,web_reference,網頁參考,Web reference,,,,,medium,中：可靠網頁、百科、交易平台或二級整理來源,"Medium: reliable web, encyclopedia, platform, or secondary reference",前 Smith Barney/Citigroup 技術研究主管與 CMT Lifetime Achievement 得主，代表機構級技術分析。,Research material linked to Louise Yamada for Relative Strength; Trend Following; Support and Resistance.
128,41,拉爾夫・阿坎波拉,Ralph Acampora,《第四次超級市場》,The Fourth Mega-Market,book,書籍,Book,2000,趨勢跟隨；圖表型態；道氏理論,Trend Following; Chart Patterns; Dow Theory,https://openlibrary.org/works/OL15830673W,"The fourth mega-market, now through 2011",book_catalog,書目資料,Book catalog,,,/works/OL15830673W,,high,高：官方、書目、論文、CMT/專業來源或主要指標參考,"High: official, bibliographic, paper, CMT/professional, or primary indicator reference",被 NYIF 描述為華爾街受尊敬的技術分析師與市場歷史研究者，教育與業界影響力高。,Research material linked to Ralph Acampora for Trend Following; Chart Patterns; Dow Theory.
129,41,拉爾夫・阿坎波拉,Ralph Acampora,參考來源：https://www.nyif.com/faculties/acampora-ralph,Reference source: https://www.nyif.com/faculties/acampora-ralph,source,參考來源,Reference source,,趨勢跟隨；圖表型態；道氏理論,Trend Following; Chart Patterns; Dow Theory,https://www.nyif.com/faculties/acampora-ralph,https://www.nyif.com/faculties/acampora-ralph,web_reference,網頁參考,Web reference,,,,,medium,中：可靠網頁、百科、交易平台或二級整理來源,"Medium: reliable web, encyclopedia, platform, or secondary reference",被 NYIF 描述為華爾街受尊敬的技術分析師與市場歷史研究者，教育與業界影響力高。,Research material linked to Ralph Acampora for Trend Following; Chart Patterns; Dow Theory.
130,42,羅伯特・普萊切特,Robert Prechter,《艾略特波浪原理》,Elliott Wave Principle,book,書籍,Book,1978,艾略特波浪；市場情緒,Elliott Wave; Sentiment,https://www.amazon.com/Elliott-Wave-Principle-Key-Market/dp/1616041374,Elliott wave principle,book_catalog,書目資料,Book catalog,,,/works/OL2017557W,,high,高：官方、書目、論文、CMT/專業來源或主要指標參考,"High: official, bibliographic, paper, CMT/professional, or primary indicator reference",將艾略特波浪重新推廣成全球知名方法，與 A. J. Frost 合著經典教材。,Research material linked to Robert Prechter for Elliott Wave; Sentiment.
131,42,羅伯特・普萊切特,Robert Prechter,參考來源：https://en.wikipedia.org/wiki/Robert_Prechter,Reference source: https://en.wikipedia.org/wiki/Robert_Prechter,source,參考來源,Reference source,,艾略特波浪；市場情緒,Elliott Wave; Sentiment,https://en.wikipedia.org/wiki/Robert_Prechter,https://en.wikipedia.org/wiki/Robert_Prechter,web_reference,網頁參考,Web reference,,,,,medium,中：可靠網頁、百科、交易平台或二級整理來源,"Medium: reliable web, encyclopedia, platform, or secondary reference",將艾略特波浪重新推廣成全球知名方法，與 A. J. Frost 合著經典教材。,Research material linked to Robert Prechter for Elliott Wave; Sentiment.
132,42,羅伯特・普萊切特,Robert Prechter,參考來源：https://www.amazon.com/Elliott-Wave-Principle-Key-Market/dp/1616041374,Reference source: https://www.amazon.com/Elliott-Wave-Principle-Key-Market/dp/1616041374,source,參考來源,Reference source,,艾略特波浪；市場情緒,Elliott Wave; Sentiment,https://www.amazon.com/Elliott-Wave-Principle-Key-Market/dp/1616041374,https://www.amazon.com/Elliott-Wave-Principle-Key-Market/dp/1616041374,book_catalog,書目資料,Book catalog,,,,,medium,中：可靠網頁、百科、交易平台或二級整理來源,"Medium: reliable web, encyclopedia, platform, or secondary reference",將艾略特波浪重新推廣成全球知名方法，與 A. J. Frost 合著經典教材。,Research material linked to Robert Prechter for Elliott Wave; Sentiment.
133,43,A・J・佛羅斯特,A. J. Frost,《艾略特波浪原理》,Elliott Wave Principle,book,書籍,Book,1978,艾略特波浪,Elliott Wave,https://www.amazon.com/Elliott-Wave-Principle-Key-Market/dp/1616041374,Elliott wave principle,book_catalog,書目資料,Book catalog,,,/works/OL2017557W,,high,高：官方、書目、論文、CMT/專業來源或主要指標參考,"High: official, bibliographic, paper, CMT/professional, or primary indicator reference",與 Robert Prechter 合著《Elliott Wave Principle》，是波浪理論教材化的重要人物。,Research material linked to A. J. Frost for Elliott Wave.
134,43,A・J・佛羅斯特,A. J. Frost,參考來源：https://www.amazon.com/Elliott-Wave-Principle-Key-Market/dp/1616041374,Reference source: https://www.amazon.com/Elliott-Wave-Principle-Key-Market/dp/1616041374,source,參考來源,Reference source,,艾略特波浪,Elliott Wave,https://www.amazon.com/Elliott-Wave-Principle-Key-Market/dp/1616041374,https://www.amazon.com/Elliott-Wave-Principle-Key-Market/dp/1616041374,book_catalog,書目資料,Book catalog,,,,,medium,中：可靠網頁、百科、交易平台或二級整理來源,"Medium: reliable web, encyclopedia, platform, or secondary reference",與 Robert Prechter 合著《Elliott Wave Principle》，是波浪理論教材化的重要人物。,Research material linked to A. J. Frost for Elliott Wave.
135,43,A・J・佛羅斯特,A. J. Frost,參考來源：https://www.elliottwave.com/books/elliott-wave-principle/,Reference source: https://www.elliottwave.com/books/elliott-wave-principle/,source,參考來源,Reference source,,艾略特波浪,Elliott Wave,https://www.elliottwave.com/books/elliott-wave-principle/,https://www.elliottwave.com/books/elliott-wave-principle/,web_reference,網頁參考,Web reference,,,,,medium,中：可靠網頁、百科、交易平台或二級整理來源,"Medium: reliable web, encyclopedia, platform, or secondary reference",與 Robert Prechter 合著《Elliott Wave Principle》，是波浪理論教材化的重要人物。,Research material linked to A. J. Frost for Elliott Wave.
136,44,格倫・尼利,Glenn Neely,《精通艾略特波浪》,Mastering Elliott Wave,book,書籍,Book,1990,艾略特波浪；交易系統,Elliott Wave; Trading Systems,https://www.amazon.com/Mastering-Elliott-Wave-Glenn-Neely/dp/0930233441,Mastering Elliott wave,book_catalog,書目資料,Book catalog,,,/works/OL2476876W,,high,高：官方、書目、論文、CMT/專業來源或主要指標參考,"High: official, bibliographic, paper, CMT/professional, or primary indicator reference",嘗試把艾略特波浪規則化與更嚴格分類，適合記錄於波浪理論研究分支。,Research material linked to Glenn Neely for Elliott Wave; Trading Systems.
139,44,格倫・尼利,Glenn Neely,參考來源：https://glennneely.com/,Reference source: https://glennneely.com/,source,參考來源,Reference source,,艾略特波浪；交易系統,Elliott Wave; Trading Systems,https://glennneely.com/,https://glennneely.com/,web_reference,網頁參考,Web reference,,,,,medium,中：可靠網頁、百科、交易平台或二級整理來源,"Medium: reliable web, encyclopedia, platform, or secondary reference",嘗試把艾略特波浪規則化與更嚴格分類，適合記錄於波浪理論研究分支。,Research material linked to Glenn Neely for Elliott Wave; Trading Systems.
137,44,格倫・尼利,Glenn Neely,參考來源：https://www.amazon.com/Mastering-Elliott-Wave-Glenn-Neely/dp/0930233441,Reference source: https://www.amazon.com/Mastering-Elliott-Wave-Glenn-Neely/dp/0930233441,source,參考來源,Reference source,,艾略特波浪；交易系統,Elliott Wave; Trading Systems,https://www.amazon.com/Mastering-Elliott-Wave-Glenn-Neely/dp/0930233441,https://www.amazon.com/Mastering-Elliott-Wave-Glenn-Neely/dp/0930233441,book_catalog,書目資料,Book catalog,,,,,medium,中：可靠網頁、百科、交易平台或二級整理來源,"Medium: reliable web, encyclopedia, platform, or secondary reference",嘗試把艾略特波浪規則化與更嚴格分類，適合記錄於波浪理論研究分支。,Research material linked to Glenn Neely for Elliott Wave; Trading Systems.
138,44,格倫・尼利,Glenn Neely,參考來源：https://www.neowave.com/product-book.asp,Reference source: https://www.neowave.com/product-book.asp,source,參考來源,Reference source,,艾略特波浪；交易系統,Elliott Wave; Trading Systems,https://www.neowave.com/product-book.asp,https://www.neowave.com/product-book.asp,web_reference,網頁參考,Web reference,,,,,medium,中：可靠網頁、百科、交易平台或二級整理來源,"Medium: reliable web, encyclopedia, platform, or secondary reference",嘗試把艾略特波浪規則化與更嚴格分類，適合記錄於波浪理論研究分支。,Research material linked to Glenn Neely for Elliott Wave; Trading Systems.
140,45,艾德森・古爾德,Edson Gould,原文題名：Findings & Forecasts,Findings & Forecasts,newsletter,市場通訊,Market newsletter,,市場情緒；市場寬度；趨勢跟隨,Sentiment; Market Breadth; Trend Following,https://www.investopedia.com/articles/financial-theory/10/pioneers-technical-analysis.asp,Findings & Forecasts,indicator_reference,指標參考,Indicator reference,,,,,medium,中：可靠網頁、百科、交易平台或二級整理來源,"Medium: reliable web, encyclopedia, platform, or secondary reference",Investopedia 將其列為技術分析先驅之一，以 Senti-Meter 等長期市場指標聞名。,Research material linked to Edson Gould for Sentiment; Market Breadth; Trend Following.
142,45,艾德森・古爾德,Edson Gould,參考來源：https://chartschool.stockcharts.com/table-of-contents/chart-analysis/chart-annotation-tools/speed-resistance-lines,Reference source: https://chartschool.stockcharts.com/table-of-contents/chart-analysis/chart-annotation-tools/speed-resistance-lines,source,參考來源,Reference source,,市場情緒；市場寬度；趨勢跟隨,Sentiment; Market Breadth; Trend Following,https://chartschool.stockcharts.com/table-of-contents/chart-analysis/chart-annotation-tools/speed-resistance-lines,https://chartschool.stockcharts.com/table-of-contents/chart-analysis/chart-annotation-tools/speed-resistance-lines,indicator_reference,指標參考,Indicator reference,,,,,medium,中：可靠網頁、百科、交易平台或二級整理來源,"Medium: reliable web, encyclopedia, platform, or secondary reference",Investopedia 將其列為技術分析先驅之一，以 Senti-Meter 等長期市場指標聞名。,Research material linked to Edson Gould for Sentiment; Market Breadth; Trend Following.
141,45,艾德森・古爾德,Edson Gould,參考來源：https://www.investopedia.com/articles/financial-theory/10/pioneers-technical-analysis.asp,Reference source: https://www.investopedia.com/articles/financial-theory/10/pioneers-technical-analysis.asp,source,參考來源,Reference source,,市場情緒；市場寬度；趨勢跟隨,Sentiment; Market Breadth; Trend Following,https://www.investopedia.com/articles/financial-theory/10/pioneers-technical-analysis.asp,https://www.investopedia.com/articles/financial-theory/10/pioneers-technical-analysis.asp,indicator_reference,指標參考,Indicator reference,,,,,medium,中：可靠網頁、百科、交易平台或二級整理來源,"Medium: reliable web, encyclopedia, platform, or secondary reference",Investopedia 將其列為技術分析先驅之一，以 Senti-Meter 等長期市場指標聞名。,Research material linked to Edson Gould for Sentiment; Market Breadth; Trend Following.
143,45,艾德森・古爾德,Edson Gould,參考來源：https://www.mcoscillator.com/learning_center/weekly_chart/edson_goulds_daily_point_index/,Reference source: https://www.mcoscillator.com/learning_center/weekly_chart/edson_goulds_daily_point_index/,source,參考來源,Reference source,,市場情緒；市場寬度；趨勢跟隨,Sentiment; Market Breadth; Trend Following,https://www.mcoscillator.com/learning_center/weekly_chart/edson_goulds_daily_point_index/,https://www.mcoscillator.com/learning_center/weekly_chart/edson_goulds_daily_point_index/,web_reference,網頁參考,Web reference,,,,,medium,中：可靠網頁、百科、交易平台或二級整理來源,"Medium: reliable web, encyclopedia, platform, or secondary reference",Investopedia 將其列為技術分析先驅之一，以 Senti-Meter 等長期市場指標聞名。,Research material linked to Edson Gould for Sentiment; Market Breadth; Trend Following.
144,46,保羅・德斯蒙德,Paul Desmond,原文題名：Identifying Bear Market Bottoms and New Bull Markets,Identifying Bear Market Bottoms and New Bull Markets,paper,研究論文,Research paper,2002,市場寬度；市場情緒；道氏理論,Market Breadth; Sentiment; Dow Theory,https://doi.org/10.1080/07350015.2000.10524851,Identifying Bull and Bear Markets in Stock Returns,academic_paper,學術論文,Academic paper,10.1080/07350015.2000.10524851,,,,high,高：官方、書目、論文、CMT/專業來源或主要指標參考,"High: official, bibliographic, paper, CMT/professional, or primary indicator reference",2002 Charles H. Dow Award 得主，研究熊市底部與新牛市確認，適合市場寬度/底部研究資料庫。,Research material linked to Paul Desmond for Market Breadth; Sentiment; Dow Theory.
145,46,保羅・德斯蒙德,Paul Desmond,參考來源：https://cmtassociation.org/association/award-recognizing/charles-h-dow-award/,Reference source: https://cmtassociation.org/association/award-recognizing/charles-h-dow-award/,source,參考來源,Reference source,,市場寬度；市場情緒；道氏理論,Market Breadth; Sentiment; Dow Theory,https://cmtassociation.org/association/award-recognizing/charles-h-dow-award/,https://cmtassociation.org/association/award-recognizing/charles-h-dow-award/,award_or_professional,獎項/專業資料,Award/professional source,,,,,high,高：官方、書目、論文、CMT/專業來源或主要指標參考,"High: official, bibliographic, paper, CMT/professional, or primary indicator reference",2002 Charles H. Dow Award 得主，研究熊市底部與新牛市確認，適合市場寬度/底部研究資料庫。,Research material linked to Paul Desmond for Market Breadth; Sentiment; Dow Theory.
146,47,理查・羅素,Richard Russell,原文題名：Dow Theory Letters,Dow Theory Letters,newsletter,市場通訊,Market newsletter,1958,道氏理論；趨勢跟隨,Dow Theory; Trend Following,https://en.wikipedia.org/wiki/Richard_Russell_(Dow_Theory),Dow Theory Letters,web_reference,網頁參考,Web reference,,,,,medium,中：可靠網頁、百科、交易平台或二級整理來源,"Medium: reliable web, encyclopedia, platform, or secondary reference",長期撰寫 Dow Theory Letters，是道氏理論在現代市場評論中的代表人物。,Research material linked to Richard Russell for Dow Theory; Trend Following.
147,47,理查・羅素,Richard Russell,參考來源：https://en.wikipedia.org/wiki/Richard_Russell_(Dow_Theory),Reference source: https://en.wikipedia.org/wiki/Richard_Russell_(Dow_Theory),source,參考來源,Reference source,,道氏理論；趨勢跟隨,Dow Theory; Trend Following,https://en.wikipedia.org/wiki/Richard_Russell_(Dow_Theory),https://en.wikipedia.org/wiki/Richard_Russell_(Dow_Theory),web_reference,網頁參考,Web reference,,,,,medium,中：可靠網頁、百科、交易平台或二級整理來源,"Medium: reliable web, encyclopedia, platform, or secondary reference",長期撰寫 Dow Theory Letters，是道氏理論在現代市場評論中的代表人物。,Research material linked to Richard Russell for Dow Theory; Trend Following.
148,47,理查・羅素,Richard Russell,參考來源：https://www.fa-mag.com/news/richard-russell--publisher-of-dow-theory-letters--dies-at-91-23996.html?print=,Reference source: https://www.fa-mag.com/news/richard-russell--publisher-of-dow-theory-letters--dies-at-91-23996.html?print=,source,參考來源,Reference source,,道氏理論；趨勢跟隨,Dow Theory; Trend Following,https://www.fa-mag.com/news/richard-russell--publisher-of-dow-theory-letters--dies-at-91-23996.html?print=,https://www.fa-mag.com/news/richard-russell--publisher-of-dow-theory-letters--dies-at-91-23996.html?print=,web_reference,網頁參考,Web reference,,,,,medium,中：可靠網頁、百科、交易平台或二級整理來源,"Medium: reliable web, encyclopedia, platform, or secondary reference",長期撰寫 Dow Theory Letters，是道氏理論在現代市場評論中的代表人物。,Research material linked to Richard Russell for Dow Theory; Trend Following.
149,47,理查・羅素,Richard Russell,參考來源：https://www.trendfollowing.com/2013/03/16/ep-109-richard-russell-and-dow-theory-with-michael-covel-on-trend-following-radio/,Reference source: https://www.trendfollowing.com/2013/03/16/ep-109-richard-russell-and-dow-theory-with-michael-covel-on-trend-following-radio/,source,參考來源,Reference source,,道氏理論；趨勢跟隨,Dow Theory; Trend Following,https://www.trendfollowing.com/2013/03/16/ep-109-richard-russell-and-dow-theory-with-michael-covel-on-trend-following-radio/,https://www.trendfollowing.com/2013/03/16/ep-109-richard-russell-and-dow-theory-with-michael-covel-on-trend-following-radio/,web_reference,網頁參考,Web reference,,,,,medium,中：可靠網頁、百科、交易平台或二級整理來源,"Medium: reliable web, encyclopedia, platform, or secondary reference",長期撰寫 Dow Theory Letters，是道氏理論在現代市場評論中的代表人物。,Research material linked to Richard Russell for Dow Theory; Trend Following.
150,48,史坦・溫斯坦,Stan Weinstein,《牛熊市場獲利祕訣》,Secrets for Profiting in Bull and Bear Markets,book,書籍,Book,1988,四階段分析；相對強弱 / 強勢股篩選；成交量分析,Stage Analysis; Relative Strength; Volume Analysis,https://www.investopedia.com/articles/investing/070715/trading-stage-analysis.asp,Secrets for Profiting in Bull and Bear Markets,indicator_reference,指標參考,Indicator reference,,,,,medium,中：可靠網頁、百科、交易平台或二級整理來源,"Medium: reliable web, encyclopedia, platform, or secondary reference",四階段分析與相對強弱/成交量突破選股方法在股票技術分析中常被使用。,Research material linked to Stan Weinstein for Stage Analysis; Relative Strength; Volume Analysis.
151,48,史坦・溫斯坦,Stan Weinstein,參考來源：https://www.investopedia.com/articles/investing/070715/trading-stage-analysis.asp,Reference source: https://www.investopedia.com/articles/investing/070715/trading-stage-analysis.asp,source,參考來源,Reference source,,四階段分析；相對強弱 / 強勢股篩選；成交量分析,Stage Analysis; Relative Strength; Volume Analysis,https://www.investopedia.com/articles/investing/070715/trading-stage-analysis.asp,https://www.investopedia.com/articles/investing/070715/trading-stage-analysis.asp,indicator_reference,指標參考,Indicator reference,,,,,medium,中：可靠網頁、百科、交易平台或二級整理來源,"Medium: reliable web, encyclopedia, platform, or secondary reference",四階段分析與相對強弱/成交量突破選股方法在股票技術分析中常被使用。,Research material linked to Stan Weinstein for Stage Analysis; Relative Strength; Volume Analysis.
152,48,史坦・溫斯坦,Stan Weinstein,參考來源：https://www.stageanalysis.net/,Reference source: https://www.stageanalysis.net/,source,參考來源,Reference source,,四階段分析；相對強弱 / 強勢股篩選；成交量分析,Stage Analysis; Relative Strength; Volume Analysis,https://www.stageanalysis.net/,https://www.stageanalysis.net/,web_reference,網頁參考,Web reference,,,,,medium,中：可靠網頁、百科、交易平台或二級整理來源,"Medium: reliable web, encyclopedia, platform, or secondary reference",四階段分析與相對強弱/成交量突破選股方法在股票技術分析中常被使用。,Research material linked to Stan Weinstein for Stage Analysis; Relative Strength; Volume Analysis.
153,49,威廉・歐尼爾,William J. O'Neil,《如何在股票中賺錢》,How to Make Money in Stocks,book,書籍,Book,1988,CAN SLIM；杯柄形態；相對強弱 / 強勢股篩選,CAN SLIM; Cup With Handle; Relative Strength,https://www.investopedia.com/terms/c/canslim.asp,How to Make Money in Stocks,indicator_reference,指標參考,Indicator reference,,,,,medium,中：可靠網頁、百科、交易平台或二級整理來源,"Medium: reliable web, encyclopedia, platform, or secondary reference",CAN SLIM、杯柄形態與相對強弱選股方法在成長股股票交易者中極具影響力。,Research material linked to William J. O'Neil for CAN SLIM; Cup With Handle; Relative Strength.
155,49,威廉・歐尼爾,William J. O'Neil,參考來源：https://www.fidelity.com/learning-center/trading-investing/technical-analysis/technical-indicator-guide/cup-with-handle,Reference source: https://www.fidelity.com/learning-center/trading-investing/technical-analysis/technical-indicator-guide/cup-with-handle,source,參考來源,Reference source,,CAN SLIM；杯柄形態；相對強弱 / 強勢股篩選,CAN SLIM; Cup With Handle; Relative Strength,https://www.fidelity.com/learning-center/trading-investing/technical-analysis/technical-indicator-guide/cup-with-handle,https://www.fidelity.com/learning-center/trading-investing/technical-analysis/technical-indicator-guide/cup-with-handle,indicator_reference,指標參考,Indicator reference,,,,,medium,中：可靠網頁、百科、交易平台或二級整理來源,"Medium: reliable web, encyclopedia, platform, or secondary reference",CAN SLIM、杯柄形態與相對強弱選股方法在成長股股票交易者中極具影響力。,Research material linked to William J. O'Neil for CAN SLIM; Cup With Handle; Relative Strength.
154,49,威廉・歐尼爾,William J. O'Neil,參考來源：https://www.investopedia.com/terms/c/canslim.asp,Reference source: https://www.investopedia.com/terms/c/canslim.asp,source,參考來源,Reference source,,CAN SLIM；杯柄形態；相對強弱 / 強勢股篩選,CAN SLIM; Cup With Handle; Relative Strength,https://www.investopedia.com/terms/c/canslim.asp,https://www.investopedia.com/terms/c/canslim.asp,indicator_reference,指標參考,Indicator reference,,,,,medium,中：可靠網頁、百科、交易平台或二級整理來源,"Medium: reliable web, encyclopedia, platform, or secondary reference",CAN SLIM、杯柄形態與相對強弱選股方法在成長股股票交易者中極具影響力。,Research material linked to William J. O'Neil for CAN SLIM; Cup With Handle; Relative Strength.
156,50,馬克・米勒維尼,Mark Minervini,《像股市魔法師一樣交易》,Trade Like a Stock Market Wizard,book,書籍,Book,2013,VCP 波動收縮形態；相對強弱 / 強勢股篩選；杯柄形態,Volatility Contraction Pattern; Relative Strength; Cup With Handle,https://openlibrary.org/works/OL17513152W,Trade Like a Stock Market Wizard,book_catalog,書目資料,Book catalog,,,/works/OL17513152W,,high,高：官方、書目、論文、CMT/專業來源或主要指標參考,"High: official, bibliographic, paper, CMT/professional, or primary indicator reference",以 SEPA 與 VCP 波動收縮形態聞名，是現代美股動能/成長股技術交易代表。,Research material linked to Mark Minervini for Volatility Contraction Pattern; Relative Strength; Cup With Handle.
157,50,馬克・米勒維尼,Mark Minervini,《像冠軍一樣思考與交易》,Think and Trade Like a Champion,book,書籍,Book,2017,VCP 波動收縮形態；相對強弱 / 強勢股篩選；杯柄形態,Volatility Contraction Pattern; Relative Strength; Cup With Handle,https://trendspider.com/learning-center/volatility-contraction-pattern-vcp/,Think and Trade Like a Champion,book_reference,書籍參考,Book reference,,,,,medium,中：可靠網頁、百科、交易平台或二級整理來源,"Medium: reliable web, encyclopedia, platform, or secondary reference",以 SEPA 與 VCP 波動收縮形態聞名，是現代美股動能/成長股技術交易代表。,Research material linked to Mark Minervini for Volatility Contraction Pattern; Relative Strength; Cup With Handle.
158,50,馬克・米勒維尼,Mark Minervini,參考來源：https://trendspider.com/learning-center/volatility-contraction-pattern-vcp/,Reference source: https://trendspider.com/learning-center/volatility-contraction-pattern-vcp/,source,參考來源,Reference source,,VCP 波動收縮形態；相對強弱 / 強勢股篩選；杯柄形態,Volatility Contraction Pattern; Relative Strength; Cup With Handle,https://trendspider.com/learning-center/volatility-contraction-pattern-vcp/,https://trendspider.com/learning-center/volatility-contraction-pattern-vcp/,web_reference,網頁參考,Web reference,,,,,medium,中：可靠網頁、百科、交易平台或二級整理來源,"Medium: reliable web, encyclopedia, platform, or secondary reference",以 SEPA 與 VCP 波動收縮形態聞名，是現代美股動能/成長股技術交易代表。,Research material linked to Mark Minervini for Volatility Contraction Pattern; Relative Strength; Cup With Handle.
159,51,尼古拉斯・達瓦斯,Nicolas Darvas,《我如何在股市賺到二百萬美元》,"How I Made $2,000,000 in the Stock Market",book,書籍,Book,1960,圖表型態；趨勢跟隨；相對強弱 / 強勢股篩選,Chart Patterns; Trend Following; Relative Strength,https://openlibrary.org/works/OL6662939W,"How I Made $2,000,000 In The Stock Market",book_catalog,書目資料,Book catalog,,,/works/OL6662939W,,high,高：官方、書目、論文、CMT/專業來源或主要指標參考,"High: official, bibliographic, paper, CMT/professional, or primary indicator reference",Darvas Box 是早期股票箱型突破交易的經典案例。,Research material linked to Nicolas Darvas for Chart Patterns; Trend Following; Relative Strength.
160,51,尼古拉斯・達瓦斯,Nicolas Darvas,參考來源：https://en.wikipedia.org/wiki/Nicolas_Darvas,Reference source: https://en.wikipedia.org/wiki/Nicolas_Darvas,source,參考來源,Reference source,,圖表型態；趨勢跟隨；相對強弱 / 強勢股篩選,Chart Patterns; Trend Following; Relative Strength,https://en.wikipedia.org/wiki/Nicolas_Darvas,https://en.wikipedia.org/wiki/Nicolas_Darvas,web_reference,網頁參考,Web reference,,,,,medium,中：可靠網頁、百科、交易平台或二級整理來源,"Medium: reliable web, encyclopedia, platform, or secondary reference",Darvas Box 是早期股票箱型突破交易的經典案例。,Research material linked to Nicolas Darvas for Chart Patterns; Trend Following; Relative Strength.
161,52,布萊恩・香農,Brian Shannon,《多時間框架技術分析》,Technical Analysis Using Multiple Timeframes,book,書籍,Book,2008,VWAP / Anchored VWAP；價格行為；支撐阻力,VWAP / Anchored VWAP; Price Action; Support and Resistance,https://openlibrary.org/works/OL19905807W,Technical analysis using multiple timeframes,book_catalog,書目資料,Book catalog,,,/works/OL19905807W,,high,高：官方、書目、論文、CMT/專業來源或主要指標參考,"High: official, bibliographic, paper, CMT/professional, or primary indicator reference",多週期技術分析與 Anchored VWAP 教學影響力高，適合放入 VWAP/價格結構分類。,Research material linked to Brian Shannon for VWAP / Anchored VWAP; Price Action; Support and Resistance.
162,52,布萊恩・香農,Brian Shannon,《用 Anchored VWAP 提高交易收益》,Maximum Trading Gains with Anchored VWAP,book,書籍,Book,2023,VWAP / Anchored VWAP；價格行為；支撐阻力,VWAP / Anchored VWAP; Price Action; Support and Resistance,https://books.google.com/books/about/Maximum_Trading_Gains_With_Anchored_VWAP.html?id=p3aCzwEACAAJ,Maximum Trading Gains with Anchored VWAP,book_catalog,書目資料,Book catalog,,,/works/OL34054577W,,high,高：官方、書目、論文、CMT/專業來源或主要指標參考,"High: official, bibliographic, paper, CMT/professional, or primary indicator reference",多週期技術分析與 Anchored VWAP 教學影響力高，適合放入 VWAP/價格結構分類。,Research material linked to Brian Shannon for VWAP / Anchored VWAP; Price Action; Support and Resistance.
163,52,布萊恩・香農,Brian Shannon,參考來源：https://books.google.com/books/about/Maximum_Trading_Gains_With_Anchored_VWAP.html?id=p3aCzwEACAAJ,Reference source: https://books.google.com/books/about/Maximum_Trading_Gains_With_Anchored_VWAP.html?id=p3aCzwEACAAJ,source,參考來源,Reference source,,VWAP / Anchored VWAP；價格行為；支撐阻力,VWAP / Anchored VWAP; Price Action; Support and Resistance,https://books.google.com/books/about/Maximum_Trading_Gains_With_Anchored_VWAP.html?id=p3aCzwEACAAJ,https://books.google.com/books/about/Maximum_Trading_Gains_With_Anchored_VWAP.html?id=p3aCzwEACAAJ,book_catalog,書目資料,Book catalog,,,,,medium,中：可靠網頁、百科、交易平台或二級整理來源,"Medium: reliable web, encyclopedia, platform, or secondary reference",多週期技術分析與 Anchored VWAP 教學影響力高，適合放入 VWAP/價格結構分類。,Research material linked to Brian Shannon for VWAP / Anchored VWAP; Price Action; Support and Resistance.
164,53,琳達・布拉德福德・拉什克,Linda Bradford Raschke,《街頭智慧交易策略》,Street Smarts,book,書籍,Book,1996,價格行為；開盤區間突破；交易系統,Price Action; Opening Range Breakout; Trading Systems,https://www.amazon.com/Street-Smarts-Probability-Short-Term-Strategies/dp/0965046109,Street Smarts,book_catalog,書目資料,Book catalog,,,,,high,高：官方、書目、論文、CMT/專業來源或主要指標參考,"High: official, bibliographic, paper, CMT/professional, or primary indicator reference",《Street Smarts》共同作者與 Market Wizards 受訪者，代表短線價格行為與實戰交易。,Research material linked to Linda Bradford Raschke for Price Action; Opening Range Breakout; Trading Systems.
166,53,琳達・布拉德福德・拉什克,Linda Bradford Raschke,參考來源：https://lindaraschke.net/recommended-reading/,Reference source: https://lindaraschke.net/recommended-reading/,source,參考來源,Reference source,,價格行為；開盤區間突破；交易系統,Price Action; Opening Range Breakout; Trading Systems,https://lindaraschke.net/recommended-reading/,https://lindaraschke.net/recommended-reading/,web_reference,網頁參考,Web reference,,,,,medium,中：可靠網頁、百科、交易平台或二級整理來源,"Medium: reliable web, encyclopedia, platform, or secondary reference",《Street Smarts》共同作者與 Market Wizards 受訪者，代表短線價格行為與實戰交易。,Research material linked to Linda Bradford Raschke for Price Action; Opening Range Breakout; Trading Systems.
165,53,琳達・布拉德福德・拉什克,Linda Bradford Raschke,參考來源：https://www.amazon.com/Street-Smarts-Probability-Short-Term-Strategies/dp/0965046109,Reference source: https://www.amazon.com/Street-Smarts-Probability-Short-Term-Strategies/dp/0965046109,source,參考來源,Reference source,,價格行為；開盤區間突破；交易系統,Price Action; Opening Range Breakout; Trading Systems,https://www.amazon.com/Street-Smarts-Probability-Short-Term-Strategies/dp/0965046109,https://www.amazon.com/Street-Smarts-Probability-Short-Term-Strategies/dp/0965046109,book_catalog,書目資料,Book catalog,,,,,medium,中：可靠網頁、百科、交易平台或二級整理來源,"Medium: reliable web, encyclopedia, platform, or secondary reference",《Street Smarts》共同作者與 Market Wizards 受訪者，代表短線價格行為與實戰交易。,Research material linked to Linda Bradford Raschke for Price Action; Opening Range Breakout; Trading Systems.
167,54,拉倫斯・康納斯,Laurence A. Connors,《街頭智慧交易策略》,Street Smarts,book,書籍,Book,1996,Connors RSI；RSI 相對強弱指數；交易系統,ConnorsRSI; Relative Strength Index; Trading Systems,https://chartschool.stockcharts.com/table-of-contents/technical-indicators-and-overlays/technical-indicators/connorsrsi,Street Smarts,indicator_reference,指標參考,Indicator reference,,,,,medium,中：可靠網頁、百科、交易平台或二級整理來源,"Medium: reliable web, encyclopedia, platform, or secondary reference",ConnorsRSI 與短線 RSI2/均值回歸策略在量化與短線交易圈常被引用。,Research material linked to Laurence A. Connors for ConnorsRSI; Relative Strength Index; Trading Systems.
168,54,拉倫斯・康納斯,Laurence A. Connors,《有效的短線交易策略》,Short Term Trading Strategies That Work,book,書籍,Book,2008,Connors RSI；RSI 相對強弱指數；交易系統,ConnorsRSI; Relative Strength Index; Trading Systems,https://openlibrary.org/works/OL19901979W,Short term trading strategies that work,book_catalog,書目資料,Book catalog,,,/works/OL19901979W,,high,高：官方、書目、論文、CMT/專業來源或主要指標參考,"High: official, bibliographic, paper, CMT/professional, or primary indicator reference",ConnorsRSI 與短線 RSI2/均值回歸策略在量化與短線交易圈常被引用。,Research material linked to Laurence A. Connors for ConnorsRSI; Relative Strength Index; Trading Systems.
169,54,拉倫斯・康納斯,Laurence A. Connors,原文題名：ConnorsRSI,ConnorsRSI,indicator,技術指標,Technical indicator,2012,Connors RSI；RSI 相對強弱指數；交易系統,ConnorsRSI; Relative Strength Index; Trading Systems,https://chartschool.stockcharts.com/table-of-contents/technical-indicators-and-overlays/technical-indicators/connorsrsi,ConnorsRSI,indicator_reference,指標參考,Indicator reference,,,,,medium,中：可靠網頁、百科、交易平台或二級整理來源,"Medium: reliable web, encyclopedia, platform, or secondary reference",ConnorsRSI 與短線 RSI2/均值回歸策略在量化與短線交易圈常被引用。,Research material linked to Laurence A. Connors for ConnorsRSI; Relative Strength Index; Trading Systems.
170,54,拉倫斯・康納斯,Laurence A. Connors,參考來源：https://chartschool.stockcharts.com/table-of-contents/technical-indicators-and-overlays/technical-indicators/connorsrsi,Reference source: https://chartschool.stockcharts.com/table-of-contents/technical-indicators-and-overlays/technical-indicators/connorsrsi,source,參考來源,Reference source,,Connors RSI；RSI 相對強弱指數；交易系統,ConnorsRSI; Relative Strength Index; Trading Systems,https://chartschool.stockcharts.com/table-of-contents/technical-indicators-and-overlays/technical-indicators/connorsrsi,https://chartschool.stockcharts.com/table-of-contents/technical-indicators-and-overlays/technical-indicators/connorsrsi,indicator_reference,指標參考,Indicator reference,,,,,medium,中：可靠網頁、百科、交易平台或二級整理來源,"Medium: reliable web, encyclopedia, platform, or secondary reference",ConnorsRSI 與短線 RSI2/均值回歸策略在量化與短線交易圈常被引用。,Research material linked to Laurence A. Connors for ConnorsRSI; Relative Strength Index; Trading Systems.
171,54,拉倫斯・康納斯,Laurence A. Connors,參考來源：https://www.amazon.com/Street-Smarts-Probability-Short-Term-Strategies/dp/0965046109,Reference source: https://www.amazon.com/Street-Smarts-Probability-Short-Term-Strategies/dp/0965046109,source,參考來源,Reference source,,Connors RSI；RSI 相對強弱指數；交易系統,ConnorsRSI; Relative Strength Index; Trading Systems,https://www.amazon.com/Street-Smarts-Probability-Short-Term-Strategies/dp/0965046109,https://www.amazon.com/Street-Smarts-Probability-Short-Term-Strategies/dp/0965046109,book_catalog,書目資料,Book catalog,,,,,medium,中：可靠網頁、百科、交易平台或二級整理來源,"Medium: reliable web, encyclopedia, platform, or secondary reference",ConnorsRSI 與短線 RSI2/均值回歸策略在量化與短線交易圈常被引用。,Research material linked to Laurence A. Connors for ConnorsRSI; Relative Strength Index; Trading Systems.
172,55,安德魯・卡德威爾,Andrew Cardwell,原文題名：Cardwell RSI Positive/Negative Reversals,Cardwell RSI Positive/Negative Reversals,method,交易方法,Trading method,,RSI 相對強弱指數；動量,Relative Strength Index; Momentum,https://www.linkedin.com/in/andrew-cardwell-b318099,Cardwell RSI Positive/Negative Reversals,web_reference,網頁參考,Web reference,,,,,medium,中：可靠網頁、百科、交易平台或二級整理來源,"Medium: reliable web, encyclopedia, platform, or secondary reference",以 RSI Range Rules 與 Positive/Negative Reversals 聞名，是 RSI 進階應用的重要專家。,Research material linked to Andrew Cardwell for Relative Strength Index; Momentum.
174,55,安德魯・卡德威爾,Andrew Cardwell,參考來源：https://www.investopedia.com/articles/active-trading/042114/overbought-or-oversold-use-relative-strength-index-find-out.asp,Reference source: https://www.investopedia.com/articles/active-trading/042114/overbought-or-oversold-use-relative-strength-index-find-out.asp,source,參考來源,Reference source,,RSI 相對強弱指數；動量,Relative Strength Index; Momentum,https://www.investopedia.com/articles/active-trading/042114/overbought-or-oversold-use-relative-strength-index-find-out.asp,https://www.investopedia.com/articles/active-trading/042114/overbought-or-oversold-use-relative-strength-index-find-out.asp,indicator_reference,指標參考,Indicator reference,,,,,medium,中：可靠網頁、百科、交易平台或二級整理來源,"Medium: reliable web, encyclopedia, platform, or secondary reference",以 RSI Range Rules 與 Positive/Negative Reversals 聞名，是 RSI 進階應用的重要專家。,Research material linked to Andrew Cardwell for Relative Strength Index; Momentum.
173,55,安德魯・卡德威爾,Andrew Cardwell,參考來源：https://www.linkedin.com/in/andrew-cardwell-b318099,Reference source: https://www.linkedin.com/in/andrew-cardwell-b318099,source,參考來源,Reference source,,RSI 相對強弱指數；動量,Relative Strength Index; Momentum,https://www.linkedin.com/in/andrew-cardwell-b318099,https://www.linkedin.com/in/andrew-cardwell-b318099,web_reference,網頁參考,Web reference,,,,,medium,中：可靠網頁、百科、交易平台或二級整理來源,"Medium: reliable web, encyclopedia, platform, or secondary reference",以 RSI Range Rules 與 Positive/Negative Reversals 聞名，是 RSI 進階應用的重要專家。,Research material linked to Andrew Cardwell for Relative Strength Index; Momentum.
175,56,康斯坦絲・布朗,Constance Brown,《專業交易者技術分析》,Technical Analysis for the Trading Professional,book,書籍,Book,1999,RSI 相對強弱指數；動量；實證技術分析,Relative Strength Index; Momentum; Evidence-Based Technical Analysis,https://www.amazon.com/Technical-Analysis-Trading-Professional-Second/dp/007175914X,Technical analysis for the trading professional,book_catalog,書目資料,Book catalog,,,/works/OL1931266W,,high,高：官方、書目、論文、CMT/專業來源或主要指標參考,"High: official, bibliographic, paper, CMT/professional, or primary indicator reference",以 RSI 區間、Composite Index 與進階動量分析聞名，常被引用於 RSI 專題研究。,Research material linked to Constance Brown for Relative Strength Index; Momentum; Evidence-Based Technical Analysis.
176,56,康斯坦絲・布朗,Constance Brown,參考來源：https://www.amazon.com/Technical-Analysis-Trading-Professional-Second/dp/007175914X,Reference source: https://www.amazon.com/Technical-Analysis-Trading-Professional-Second/dp/007175914X,source,參考來源,Reference source,,RSI 相對強弱指數；動量；實證技術分析,Relative Strength Index; Momentum; Evidence-Based Technical Analysis,https://www.amazon.com/Technical-Analysis-Trading-Professional-Second/dp/007175914X,https://www.amazon.com/Technical-Analysis-Trading-Professional-Second/dp/007175914X,book_catalog,書目資料,Book catalog,,,,,medium,中：可靠網頁、百科、交易平台或二級整理來源,"Medium: reliable web, encyclopedia, platform, or secondary reference",以 RSI 區間、Composite Index 與進階動量分析聞名，常被引用於 RSI 專題研究。,Research material linked to Constance Brown for Relative Strength Index; Momentum; Evidence-Based Technical Analysis.
177,56,康斯坦絲・布朗,Constance Brown,參考來源：https://www.barchart.com/education/technical-indicators/cmb-composite-index,Reference source: https://www.barchart.com/education/technical-indicators/cmb-composite-index,source,參考來源,Reference source,,RSI 相對強弱指數；動量；實證技術分析,Relative Strength Index; Momentum; Evidence-Based Technical Analysis,https://www.barchart.com/education/technical-indicators/cmb-composite-index,https://www.barchart.com/education/technical-indicators/cmb-composite-index,web_reference,網頁參考,Web reference,,,,,medium,中：可靠網頁、百科、交易平台或二級整理來源,"Medium: reliable web, encyclopedia, platform, or secondary reference",以 RSI 區間、Composite Index 與進階動量分析聞名，常被引用於 RSI 專題研究。,Research material linked to Constance Brown for Relative Strength Index; Momentum; Evidence-Based Technical Analysis.
178,57,約翰・艾勒斯,John F. Ehlers,《交易者的火箭科學》,Rocket Science for Traders,book,書籍,Book,2001,週期分析；Ehlers 濾波器；交易系統,Cycle Analysis; Ehlers Filters; Trading Systems,https://www.mesasoftware.com/TechnicalArticles.htm,Rocket Science for Traders,book_reference,書籍參考,Book reference,,,,,medium,中：可靠網頁、百科、交易平台或二級整理來源,"Medium: reliable web, encyclopedia, platform, or secondary reference",把數位訊號處理與週期濾波引入技術指標，是現代自適應與濾波指標的重要人物。,Research material linked to John F. Ehlers for Cycle Analysis; Ehlers Filters; Trading Systems.
179,57,約翰・艾勒斯,John F. Ehlers,《股票與期貨控制論分析》,Cybernetic Analysis for Stocks and Futures,book,書籍,Book,2004,週期分析；Ehlers 濾波器；交易系統,Cycle Analysis; Ehlers Filters; Trading Systems,https://openlibrary.org/works/OL4117086W,Cybernetic Analysis for Stocks and Futures,book_catalog,書目資料,Book catalog,,,/works/OL4117086W,,high,高：官方、書目、論文、CMT/專業來源或主要指標參考,"High: official, bibliographic, paper, CMT/professional, or primary indicator reference",把數位訊號處理與週期濾波引入技術指標，是現代自適應與濾波指標的重要人物。,Research material linked to John F. Ehlers for Cycle Analysis; Ehlers Filters; Trading Systems.
180,57,約翰・艾勒斯,John F. Ehlers,參考來源：https://www.mesasoftware.com/TechnicalArticles.htm,Reference source: https://www.mesasoftware.com/TechnicalArticles.htm,source,參考來源,Reference source,,週期分析；Ehlers 濾波器；交易系統,Cycle Analysis; Ehlers Filters; Trading Systems,https://www.mesasoftware.com/TechnicalArticles.htm,https://www.mesasoftware.com/TechnicalArticles.htm,web_reference,網頁參考,Web reference,,,,,medium,中：可靠網頁、百科、交易平台或二級整理來源,"Medium: reliable web, encyclopedia, platform, or secondary reference",把數位訊號處理與週期濾波引入技術指標，是現代自適應與濾波指標的重要人物。,Research material linked to John F. Ehlers for Cycle Analysis; Ehlers Filters; Trading Systems.
181,58,穆雷・魯傑羅,Murray A. Ruggiero Jr.,《控制論交易策略》,Cybernetic Trading Strategies,book,書籍,Book,1997,交易系統；回測與系統驗證；實證技術分析,Trading Systems; Backtesting; Evidence-Based Technical Analysis,https://openlibrary.org/works/OL3359067W,Cybernetic trading strategies,book_catalog,書目資料,Book catalog,,,/works/OL3359067W,,high,高：官方、書目、論文、CMT/專業來源或主要指標參考,"High: official, bibliographic, paper, CMT/professional, or primary indicator reference",專注交易系統、模糊邏輯、機器學習與技術規則，適合交易系統與回測分類。,Research material linked to Murray A. Ruggiero Jr. for Trading Systems; Backtesting; Evidence-Based Technical Analysis.
182,58,穆雷・魯傑羅,Murray A. Ruggiero Jr.,參考來源：https://guides.newman.baruch.cuny.edu/c.php?g=188442&p=1243542,Reference source: https://guides.newman.baruch.cuny.edu/c.php?g=188442&p=1243542,source,參考來源,Reference source,,交易系統；回測與系統驗證；實證技術分析,Trading Systems; Backtesting; Evidence-Based Technical Analysis,https://guides.newman.baruch.cuny.edu/c.php?g=188442&p=1243542,https://guides.newman.baruch.cuny.edu/c.php?g=188442&p=1243542,web_reference,網頁參考,Web reference,,,,,medium,中：可靠網頁、百科、交易平台或二級整理來源,"Medium: reliable web, encyclopedia, platform, or secondary reference",專注交易系統、模糊邏輯、機器學習與技術規則，適合交易系統與回測分類。,Research material linked to Murray A. Ruggiero Jr. for Trading Systems; Backtesting; Evidence-Based Technical Analysis.
183,59,羅伯特・帕多,Robert Pardo,《交易系統設計、測試與最佳化》,"Design, Testing, and Optimization of Trading Systems",book,書籍,Book,1992,回測與系統驗證；交易系統；實證技術分析,Backtesting; Trading Systems; Evidence-Based Technical Analysis,https://openlibrary.org/works/OL21513106W,"Design, Testing, and Optimization of Trading Systems",book_catalog,書目資料,Book catalog,,,/works/OL21513106W,,high,高：官方、書目、論文、CMT/專業來源或主要指標參考,"High: official, bibliographic, paper, CMT/professional, or primary indicator reference",其交易系統設計、測試與優化著作是量化技術分析與策略驗證常見參考。,Research material linked to Robert Pardo for Backtesting; Trading Systems; Evidence-Based Technical Analysis.
184,59,羅伯特・帕多,Robert Pardo,參考來源：https://guides.newman.baruch.cuny.edu/c.php?g=188442&p=1243542,Reference source: https://guides.newman.baruch.cuny.edu/c.php?g=188442&p=1243542,source,參考來源,Reference source,,回測與系統驗證；交易系統；實證技術分析,Backtesting; Trading Systems; Evidence-Based Technical Analysis,https://guides.newman.baruch.cuny.edu/c.php?g=188442&p=1243542,https://guides.newman.baruch.cuny.edu/c.php?g=188442&p=1243542,web_reference,網頁參考,Web reference,,,,,medium,中：可靠網頁、百科、交易平台或二級整理來源,"Medium: reliable web, encyclopedia, platform, or secondary reference",其交易系統設計、測試與優化著作是量化技術分析與策略驗證常見參考。,Research material linked to Robert Pardo for Backtesting; Trading Systems; Evidence-Based Technical Analysis.
185,60,霍華德・班迪,Howard Bandy,《量化交易系統》,Quantitative Trading Systems,book,書籍,Book,2007,交易系統；回測與系統驗證；實證技術分析,Trading Systems; Backtesting; Evidence-Based Technical Analysis,https://openlibrary.org/works/OL20272151W,Quantitative Trading Systems,book_catalog,書目資料,Book catalog,,,/works/OL20272151W,,high,高：官方、書目、論文、CMT/專業來源或主要指標參考,"High: official, bibliographic, paper, CMT/professional, or primary indicator reference",以交易系統建模、風險與回測流程著作聞名，適合本地資料庫後續加入策略驗證欄位。,Research material linked to Howard Bandy for Trading Systems; Backtesting; Evidence-Based Technical Analysis.
186,60,霍華德・班迪,Howard Bandy,《交易系統績效建模》,Modeling Trading System Performance,book,書籍,Book,2011,交易系統；回測與系統驗證；實證技術分析,Trading Systems; Backtesting; Evidence-Based Technical Analysis,https://guides.newman.baruch.cuny.edu/c.php?g=188442&p=1243542,Modeling Trading System Performance,book_reference,書籍參考,Book reference,,,,,medium,中：可靠網頁、百科、交易平台或二級整理來源,"Medium: reliable web, encyclopedia, platform, or secondary reference",以交易系統建模、風險與回測流程著作聞名，適合本地資料庫後續加入策略驗證欄位。,Research material linked to Howard Bandy for Trading Systems; Backtesting; Evidence-Based Technical Analysis.
187,60,霍華德・班迪,Howard Bandy,參考來源：https://guides.newman.baruch.cuny.edu/c.php?g=188442&p=1243542,Reference source: https://guides.newman.baruch.cuny.edu/c.php?g=188442&p=1243542,source,參考來源,Reference source,,交易系統；回測與系統驗證；實證技術分析,Trading Systems; Backtesting; Evidence-Based Technical Analysis,https://guides.newman.baruch.cuny.edu/c.php?g=188442&p=1243542,https://guides.newman.baruch.cuny.edu/c.php?g=188442&p=1243542,web_reference,網頁參考,Web reference,,,,,medium,中：可靠網頁、百科、交易平台或二級整理來源,"Medium: reliable web, encyclopedia, platform, or secondary reference",以交易系統建模、風險與回測流程著作聞名，適合本地資料庫後續加入策略驗證欄位。,Research material linked to Howard Bandy for Trading Systems; Backtesting; Evidence-Based Technical Analysis.
188,61,湯瑪斯・史翠茲曼,Thomas Stridsman,《有效的交易系統》,Trading Systems That Work,book,書籍,Book,2000,交易系統；回測與系統驗證；趨勢跟隨,Trading Systems; Backtesting; Trend Following,https://openlibrary.org/works/OL282070W,Trading Systems That Work,book_catalog,書目資料,Book catalog,,,/works/OL282070W,,high,高：官方、書目、論文、CMT/專業來源或主要指標參考,"High: official, bibliographic, paper, CMT/professional, or primary indicator reference",交易系統設計與測試作者，對規則化技術分析與系統交易資料庫有參考價值。,Research material linked to Thomas Stridsman for Trading Systems; Backtesting; Trend Following.
189,61,湯瑪斯・史翠茲曼,Thomas Stridsman,參考來源：https://guides.newman.baruch.cuny.edu/c.php?g=188442&p=1243542,Reference source: https://guides.newman.baruch.cuny.edu/c.php?g=188442&p=1243542,source,參考來源,Reference source,,交易系統；回測與系統驗證；趨勢跟隨,Trading Systems; Backtesting; Trend Following,https://guides.newman.baruch.cuny.edu/c.php?g=188442&p=1243542,https://guides.newman.baruch.cuny.edu/c.php?g=188442&p=1243542,web_reference,網頁參考,Web reference,,,,,medium,中：可靠網頁、百科、交易平台或二級整理來源,"Medium: reliable web, encyclopedia, platform, or secondary reference",交易系統設計與測試作者，對規則化技術分析與系統交易資料庫有參考價值。,Research material linked to Thomas Stridsman for Trading Systems; Backtesting; Trend Following.
190,62,達利・古比,Daryl Guppy,《交易戰術》,Trading Tactics,book,書籍,Book,1997,Guppy 多重移動平均；移動平均；趨勢跟隨,Guppy Multiple Moving Average; Moving Average; Trend Following,https://openlibrary.org/works/OL9915040W,Mico trading tactics,book_catalog,書目資料,Book catalog,,,/works/OL9915040W,,high,高：官方、書目、論文、CMT/專業來源或主要指標參考,"High: official, bibliographic, paper, CMT/professional, or primary indicator reference",Guppy Multiple Moving Average 以兩組 EMA 判讀短長期交易者行為，常見於趨勢篩選。,Research material linked to Daryl Guppy for Guppy Multiple Moving Average; Moving Average; Trend Following.
191,62,達利・古比,Daryl Guppy,參考來源：https://www.investopedia.com/terms/g/guppy-multiple-moving-average.asp,Reference source: https://www.investopedia.com/terms/g/guppy-multiple-moving-average.asp,source,參考來源,Reference source,,Guppy 多重移動平均；移動平均；趨勢跟隨,Guppy Multiple Moving Average; Moving Average; Trend Following,https://www.investopedia.com/terms/g/guppy-multiple-moving-average.asp,https://www.investopedia.com/terms/g/guppy-multiple-moving-average.asp,indicator_reference,指標參考,Indicator reference,,,,,medium,中：可靠網頁、百科、交易平台或二級整理來源,"Medium: reliable web, encyclopedia, platform, or secondary reference",Guppy Multiple Moving Average 以兩組 EMA 判讀短長期交易者行為，常見於趨勢篩選。,Research material linked to Daryl Guppy for Guppy Multiple Moving Average; Moving Average; Trend Following.
192,63,艾倫・霍爾,Alan Hull,原文題名：Hull Moving Average,Hull Moving Average,indicator,技術指標,Technical indicator,2005,Hull 移動平均；移動平均,Hull Moving Average; Moving Average,https://alanhull.com/the-hull-moving-average/,Hull Moving Average,web_reference,網頁參考,Web reference,,,,,medium,中：可靠網頁、百科、交易平台或二級整理來源,"Medium: reliable web, encyclopedia, platform, or secondary reference",Hull Moving Average 以降低均線滯後聞名，是均線類指標的重要改良。,Research material linked to Alan Hull for Hull Moving Average; Moving Average.
193,63,艾倫・霍爾,Alan Hull,參考來源：https://alanhull.com/the-hull-moving-average/,Reference source: https://alanhull.com/the-hull-moving-average/,source,參考來源,Reference source,,Hull 移動平均；移動平均,Hull Moving Average; Moving Average,https://alanhull.com/the-hull-moving-average/,https://alanhull.com/the-hull-moving-average/,web_reference,網頁參考,Web reference,,,,,medium,中：可靠網頁、百科、交易平台或二級整理來源,"Medium: reliable web, encyclopedia, platform, or secondary reference",Hull Moving Average 以降低均線滯後聞名，是均線類指標的重要改良。,Research material linked to Alan Hull for Hull Moving Average; Moving Average.
194,63,艾倫・霍爾,Alan Hull,參考來源：https://chartschool.stockcharts.com/table-of-contents/technical-indicators-and-overlays/technical-overlays/hull-moving-average-hma,Reference source: https://chartschool.stockcharts.com/table-of-contents/technical-indicators-and-overlays/technical-overlays/hull-moving-average-hma,source,參考來源,Reference source,,Hull 移動平均；移動平均,Hull Moving Average; Moving Average,https://chartschool.stockcharts.com/table-of-contents/technical-indicators-and-overlays/technical-overlays/hull-moving-average-hma,https://chartschool.stockcharts.com/table-of-contents/technical-indicators-and-overlays/technical-overlays/hull-moving-average-hma,indicator_reference,指標參考,Indicator reference,,,,,medium,中：可靠網頁、百科、交易平台或二級整理來源,"Medium: reliable web, encyclopedia, platform, or secondary reference",Hull Moving Average 以降低均線滯後聞名，是均線類指標的重要改良。,Research material linked to Alan Hull for Hull Moving Average; Moving Average.
195,64,約翰・麥金利,John R. McGinley,原文題名：McGinley Dynamic,McGinley Dynamic,indicator,技術指標,Technical indicator,1997,McGinley Dynamic；移動平均,McGinley Dynamic; Moving Average,https://www.earn2trade.com/blog/mcginley-dynamic-indicator/,McGinley Dynamic,web_reference,網頁參考,Web reference,,,,,medium,中：可靠網頁、百科、交易平台或二級整理來源,"Medium: reliable web, encyclopedia, platform, or secondary reference",McGinley Dynamic 嘗試解決傳統均線跟不上市場速度的問題，屬均線改良指標。,Research material linked to John R. McGinley for McGinley Dynamic; Moving Average.
198,64,約翰・麥金利,John R. McGinley,參考來源：https://dotnet.stockindicators.dev/indicators/Dynamic/,Reference source: https://dotnet.stockindicators.dev/indicators/Dynamic/,source,參考來源,Reference source,,McGinley Dynamic；移動平均,McGinley Dynamic; Moving Average,https://dotnet.stockindicators.dev/indicators/Dynamic/,https://dotnet.stockindicators.dev/indicators/Dynamic/,web_reference,網頁參考,Web reference,,,,,medium,中：可靠網頁、百科、交易平台或二級整理來源,"Medium: reliable web, encyclopedia, platform, or secondary reference",McGinley Dynamic 嘗試解決傳統均線跟不上市場速度的問題，屬均線改良指標。,Research material linked to John R. McGinley for McGinley Dynamic; Moving Average.
196,64,約翰・麥金利,John R. McGinley,參考來源：https://www.earn2trade.com/blog/mcginley-dynamic-indicator/,Reference source: https://www.earn2trade.com/blog/mcginley-dynamic-indicator/,source,參考來源,Reference source,,McGinley Dynamic；移動平均,McGinley Dynamic; Moving Average,https://www.earn2trade.com/blog/mcginley-dynamic-indicator/,https://www.earn2trade.com/blog/mcginley-dynamic-indicator/,web_reference,網頁參考,Web reference,,,,,medium,中：可靠網頁、百科、交易平台或二級整理來源,"Medium: reliable web, encyclopedia, platform, or secondary reference",McGinley Dynamic 嘗試解決傳統均線跟不上市場速度的問題，屬均線改良指標。,Research material linked to John R. McGinley for McGinley Dynamic; Moving Average.
197,64,約翰・麥金利,John R. McGinley,參考來源：https://www.investopedia.com/terms/m/mcginley-dynamic.asp,Reference source: https://www.investopedia.com/terms/m/mcginley-dynamic.asp,source,參考來源,Reference source,,McGinley Dynamic；移動平均,McGinley Dynamic; Moving Average,https://www.investopedia.com/terms/m/mcginley-dynamic.asp,https://www.investopedia.com/terms/m/mcginley-dynamic.asp,indicator_reference,指標參考,Indicator reference,,,,,medium,中：可靠網頁、百科、交易平台或二級整理來源,"Medium: reliable web, encyclopedia, platform, or secondary reference",McGinley Dynamic 嘗試解決傳統均線跟不上市場速度的問題，屬均線改良指標。,Research material linked to John R. McGinley for McGinley Dynamic; Moving Average.
199,65,派翠克・馬洛伊,Patrick G. Mulloy,原文題名：Smoothing Data with Faster Moving Averages,Smoothing Data with Faster Moving Averages,article,文章,Article,1994,DEMA / TEMA；移動平均,Double/Triple Exponential Moving Average; Moving Average,https://doi.org/10.4324/9781003129431-6,Smoothing data trends by using moving averages,academic_paper,學術論文,Academic paper,10.4324/9781003129431-6,,,,high,高：官方、書目、論文、CMT/專業來源或主要指標參考,"High: official, bibliographic, paper, CMT/professional, or primary indicator reference",DEMA/TEMA 改良均線滯後問題，在交易平台中常見。,Research material linked to Patrick G. Mulloy for Double/Triple Exponential Moving Average; Moving Average.
200,65,派翠克・馬洛伊,Patrick G. Mulloy,參考來源：https://chartschool.stockcharts.com/table-of-contents/technical-indicators-and-overlays/technical-overlays/triple-exponential-moving-average-tema,Reference source: https://chartschool.stockcharts.com/table-of-contents/technical-indicators-and-overlays/technical-overlays/triple-exponential-moving-average-tema,source,參考來源,Reference source,,DEMA / TEMA；移動平均,Double/Triple Exponential Moving Average; Moving Average,https://chartschool.stockcharts.com/table-of-contents/technical-indicators-and-overlays/technical-overlays/triple-exponential-moving-average-tema,https://chartschool.stockcharts.com/table-of-contents/technical-indicators-and-overlays/technical-overlays/triple-exponential-moving-average-tema,indicator_reference,指標參考,Indicator reference,,,,,medium,中：可靠網頁、百科、交易平台或二級整理來源,"Medium: reliable web, encyclopedia, platform, or secondary reference",DEMA/TEMA 改良均線滯後問題，在交易平台中常見。,Research material linked to Patrick G. Mulloy for Double/Triple Exponential Moving Average; Moving Average.
201,65,派翠克・馬洛伊,Patrick G. Mulloy,參考來源：https://www.investopedia.com/ask/answers/041315/why-triple-exponential-moving-average-tema-important-traders-and-analysts.asp,Reference source: https://www.investopedia.com/ask/answers/041315/why-triple-exponential-moving-average-tema-important-traders-and-analysts.asp,source,參考來源,Reference source,,DEMA / TEMA；移動平均,Double/Triple Exponential Moving Average; Moving Average,https://www.investopedia.com/ask/answers/041315/why-triple-exponential-moving-average-tema-important-traders-and-analysts.asp,https://www.investopedia.com/ask/answers/041315/why-triple-exponential-moving-average-tema-important-traders-and-analysts.asp,indicator_reference,指標參考,Indicator reference,,,,,medium,中：可靠網頁、百科、交易平台或二級整理來源,"Medium: reliable web, encyclopedia, platform, or secondary reference",DEMA/TEMA 改良均線滯後問題，在交易平台中常見。,Research material linked to Patrick G. Mulloy for Double/Triple Exponential Moving Average; Moving Average.
202,66,傑克・哈特森,Jack K. Hutson,原文題名：Good TRIX,Good TRIX,article,文章,Article,1980,TRIX；動量,Triple Exponential Average; Momentum,https://doi.org/10.11647/obp.0377,Trix,academic_paper,學術論文,Academic paper,10.11647/obp.0377,,,,high,高：官方、書目、論文、CMT/專業來源或主要指標參考,"High: official, bibliographic, paper, CMT/professional, or primary indicator reference",TRIX 創作者，將三重 EMA 平滑後的變化率用於趨勢/動量訊號。,Research material linked to Jack K. Hutson for Triple Exponential Average; Momentum.
203,66,傑克・哈特森,Jack K. Hutson,參考來源：https://chartschool.stockcharts.com/table-of-contents/technical-indicators-and-overlays/technical-indicators/trix,Reference source: https://chartschool.stockcharts.com/table-of-contents/technical-indicators-and-overlays/technical-indicators/trix,source,參考來源,Reference source,,TRIX；動量,Triple Exponential Average; Momentum,https://chartschool.stockcharts.com/table-of-contents/technical-indicators-and-overlays/technical-indicators/trix,https://chartschool.stockcharts.com/table-of-contents/technical-indicators-and-overlays/technical-indicators/trix,indicator_reference,指標參考,Indicator reference,,,,,medium,中：可靠網頁、百科、交易平台或二級整理來源,"Medium: reliable web, encyclopedia, platform, or secondary reference",TRIX 創作者，將三重 EMA 平滑後的變化率用於趨勢/動量訊號。,Research material linked to Jack K. Hutson for Triple Exponential Average; Momentum.
204,67,金・匡,Gene Quong,原文題名：Money Flow Index,Money Flow Index,indicator,技術指標,Technical indicator,1989,MFI 資金流量指標；成交量分析,Money Flow Index; Volume Analysis,https://www.tradingview.com/support/solutions/43000502348-money-flow-mfi/,Money Flow Index,web_reference,網頁參考,Web reference,,,,,medium,中：可靠網頁、百科、交易平台或二級整理來源,"Medium: reliable web, encyclopedia, platform, or secondary reference",Money Flow Index 共同創作者，將成交量整合進 RSI 類動量分析。,Research material linked to Gene Quong for Money Flow Index; Volume Analysis.
207,67,金・匡,Gene Quong,參考來源：https://help.stockstrader.com/en/support/solutions/articles/33000210228-money-flow-index-mfi-,Reference source: https://help.stockstrader.com/en/support/solutions/articles/33000210228-money-flow-index-mfi-,source,參考來源,Reference source,,MFI 資金流量指標；成交量分析,Money Flow Index; Volume Analysis,https://help.stockstrader.com/en/support/solutions/articles/33000210228-money-flow-index-mfi-,https://help.stockstrader.com/en/support/solutions/articles/33000210228-money-flow-index-mfi-,web_reference,網頁參考,Web reference,,,,,medium,中：可靠網頁、百科、交易平台或二級整理來源,"Medium: reliable web, encyclopedia, platform, or secondary reference",Money Flow Index 共同創作者，將成交量整合進 RSI 類動量分析。,Research material linked to Gene Quong for Money Flow Index; Volume Analysis.
206,67,金・匡,Gene Quong,參考來源：https://library.tradingtechnologies.com/trade/chrt-ti-money-flow-index.html,Reference source: https://library.tradingtechnologies.com/trade/chrt-ti-money-flow-index.html,source,參考來源,Reference source,,MFI 資金流量指標；成交量分析,Money Flow Index; Volume Analysis,https://library.tradingtechnologies.com/trade/chrt-ti-money-flow-index.html,https://library.tradingtechnologies.com/trade/chrt-ti-money-flow-index.html,web_reference,網頁參考,Web reference,,,,,medium,中：可靠網頁、百科、交易平台或二級整理來源,"Medium: reliable web, encyclopedia, platform, or secondary reference",Money Flow Index 共同創作者，將成交量整合進 RSI 類動量分析。,Research material linked to Gene Quong for Money Flow Index; Volume Analysis.
205,67,金・匡,Gene Quong,參考來源：https://www.tradingview.com/support/solutions/43000502348-money-flow-mfi/,Reference source: https://www.tradingview.com/support/solutions/43000502348-money-flow-mfi/,source,參考來源,Reference source,,MFI 資金流量指標；成交量分析,Money Flow Index; Volume Analysis,https://www.tradingview.com/support/solutions/43000502348-money-flow-mfi/,https://www.tradingview.com/support/solutions/43000502348-money-flow-mfi/,web_reference,網頁參考,Web reference,,,,,medium,中：可靠網頁、百科、交易平台或二級整理來源,"Medium: reliable web, encyclopedia, platform, or secondary reference",Money Flow Index 共同創作者，將成交量整合進 RSI 類動量分析。,Research material linked to Gene Quong for Money Flow Index; Volume Analysis.
208,68,阿夫魯姆・蘇達克,Avrum Soudack,原文題名：Money Flow Index,Money Flow Index,indicator,技術指標,Technical indicator,1989,MFI 資金流量指標；成交量分析,Money Flow Index; Volume Analysis,https://www.tradingview.com/support/solutions/43000502348-money-flow-mfi/,Money Flow Index,web_reference,網頁參考,Web reference,,,,,medium,中：可靠網頁、百科、交易平台或二級整理來源,"Medium: reliable web, encyclopedia, platform, or secondary reference",Money Flow Index 共同創作者，MFI 也常被稱為加入成交量的 RSI。,Research material linked to Avrum Soudack for Money Flow Index; Volume Analysis.
211,68,阿夫魯姆・蘇達克,Avrum Soudack,參考來源：https://help.stockstrader.com/en/support/solutions/articles/33000210228-money-flow-index-mfi-,Reference source: https://help.stockstrader.com/en/support/solutions/articles/33000210228-money-flow-index-mfi-,source,參考來源,Reference source,,MFI 資金流量指標；成交量分析,Money Flow Index; Volume Analysis,https://help.stockstrader.com/en/support/solutions/articles/33000210228-money-flow-index-mfi-,https://help.stockstrader.com/en/support/solutions/articles/33000210228-money-flow-index-mfi-,web_reference,網頁參考,Web reference,,,,,medium,中：可靠網頁、百科、交易平台或二級整理來源,"Medium: reliable web, encyclopedia, platform, or secondary reference",Money Flow Index 共同創作者，MFI 也常被稱為加入成交量的 RSI。,Research material linked to Avrum Soudack for Money Flow Index; Volume Analysis.
210,68,阿夫魯姆・蘇達克,Avrum Soudack,參考來源：https://library.tradingtechnologies.com/trade/chrt-ti-money-flow-index.html,Reference source: https://library.tradingtechnologies.com/trade/chrt-ti-money-flow-index.html,source,參考來源,Reference source,,MFI 資金流量指標；成交量分析,Money Flow Index; Volume Analysis,https://library.tradingtechnologies.com/trade/chrt-ti-money-flow-index.html,https://library.tradingtechnologies.com/trade/chrt-ti-money-flow-index.html,web_reference,網頁參考,Web reference,,,,,medium,中：可靠網頁、百科、交易平台或二級整理來源,"Medium: reliable web, encyclopedia, platform, or secondary reference",Money Flow Index 共同創作者，MFI 也常被稱為加入成交量的 RSI。,Research material linked to Avrum Soudack for Money Flow Index; Volume Analysis.
209,68,阿夫魯姆・蘇達克,Avrum Soudack,參考來源：https://www.tradingview.com/support/solutions/43000502348-money-flow-mfi/,Reference source: https://www.tradingview.com/support/solutions/43000502348-money-flow-mfi/,source,參考來源,Reference source,,MFI 資金流量指標；成交量分析,Money Flow Index; Volume Analysis,https://www.tradingview.com/support/solutions/43000502348-money-flow-mfi/,https://www.tradingview.com/support/solutions/43000502348-money-flow-mfi/,web_reference,網頁參考,Web reference,,,,,medium,中：可靠網頁、百科、交易平台或二級整理來源,"Medium: reliable web, encyclopedia, platform, or secondary reference",Money Flow Index 共同創作者，MFI 也常被稱為加入成交量的 RSI。,Research material linked to Avrum Soudack for Money Flow Index; Volume Analysis.
212,69,彼得・馬丁,Peter G. Martin,《富達基金投資指南》,The Investor's Guide to Fidelity Funds,book,書籍,Book,1989,Ulcer Index；風險 / 回撤,Ulcer Index; Risk / Drawdown,https://openlibrary.org/works/OL4775488W,The investor's guide to fidelity funds,book_catalog,書目資料,Book catalog,,,/works/OL4775488W,,high,高：官方、書目、論文、CMT/專業來源或主要指標參考,"High: official, bibliographic, paper, CMT/professional, or primary indicator reference",Ulcer Index 共同創作者，用於衡量下行風險與回撤痛苦程度。,Research material linked to Peter G. Martin for Ulcer Index; Risk / Drawdown.
213,69,彼得・馬丁,Peter G. Martin,參考來源：https://chartschool.stockcharts.com/table-of-contents/technical-indicators-and-overlays/technical-indicators/ulcer-index,Reference source: https://chartschool.stockcharts.com/table-of-contents/technical-indicators-and-overlays/technical-indicators/ulcer-index,source,參考來源,Reference source,,Ulcer Index；風險 / 回撤,Ulcer Index; Risk / Drawdown,https://chartschool.stockcharts.com/table-of-contents/technical-indicators-and-overlays/technical-indicators/ulcer-index,https://chartschool.stockcharts.com/table-of-contents/technical-indicators-and-overlays/technical-indicators/ulcer-index,indicator_reference,指標參考,Indicator reference,,,,,medium,中：可靠網頁、百科、交易平台或二級整理來源,"Medium: reliable web, encyclopedia, platform, or secondary reference",Ulcer Index 共同創作者，用於衡量下行風險與回撤痛苦程度。,Research material linked to Peter G. Martin for Ulcer Index; Risk / Drawdown.
214,70,拜倫・麥肯,Byron McCann,《富達基金投資指南》,The Investor's Guide to Fidelity Funds,book,書籍,Book,1989,Ulcer Index；風險 / 回撤,Ulcer Index; Risk / Drawdown,https://openlibrary.org/works/OL4775488W,The investor's guide to fidelity funds,book_catalog,書目資料,Book catalog,,,/works/OL4775488W,,high,高：官方、書目、論文、CMT/專業來源或主要指標參考,"High: official, bibliographic, paper, CMT/professional, or primary indicator reference",Ulcer Index 共同作者，適合放入技術分析風險/回撤指標分類。,Research material linked to Byron McCann for Ulcer Index; Risk / Drawdown.
215,70,拜倫・麥肯,Byron McCann,參考來源：https://chartschool.stockcharts.com/table-of-contents/technical-indicators-and-overlays/technical-indicators/ulcer-index,Reference source: https://chartschool.stockcharts.com/table-of-contents/technical-indicators-and-overlays/technical-indicators/ulcer-index,source,參考來源,Reference source,,Ulcer Index；風險 / 回撤,Ulcer Index; Risk / Drawdown,https://chartschool.stockcharts.com/table-of-contents/technical-indicators-and-overlays/technical-indicators/ulcer-index,https://chartschool.stockcharts.com/table-of-contents/technical-indicators-and-overlays/technical-indicators/ulcer-index,indicator_reference,指標參考,Indicator reference,,,,,medium,中：可靠網頁、百科、交易平台或二級整理來源,"Medium: reliable web, encyclopedia, platform, or secondary reference",Ulcer Index 共同作者，適合放入技術分析風險/回撤指標分類。,Research material linked to Byron McCann for Ulcer Index; Risk / Drawdown.
216,71,艾蒂安・博特斯,Etienne Botes,《Vortex 指標》,The Vortex Indicator,article,文章,Article,2010,Vortex 指標；趨勢跟隨,Vortex Indicator; Trend Following,https://doi.org/10.1109/tim.2024.3418095,Vortex Retarder Allows Broadband Polarization Direction Indicator,academic_paper,學術論文,Academic paper,10.1109/tim.2024.3418095,,,,high,高：官方、書目、論文、CMT/專業來源或主要指標參考,"High: official, bibliographic, paper, CMT/professional, or primary indicator reference",Vortex Indicator 共同創作者，該指標受 Wilder DMI 啟發，用於趨勢轉折與確認。,Research material linked to Etienne Botes for Vortex Indicator; Trend Following.
217,71,艾蒂安・博特斯,Etienne Botes,參考來源：https://traders.com/documentation/feedbk_docs/2010/01/Botes.html,Reference source: https://traders.com/documentation/feedbk_docs/2010/01/Botes.html,source,參考來源,Reference source,,Vortex 指標；趨勢跟隨,Vortex Indicator; Trend Following,https://traders.com/documentation/feedbk_docs/2010/01/Botes.html,https://traders.com/documentation/feedbk_docs/2010/01/Botes.html,web_reference,網頁參考,Web reference,,,,,medium,中：可靠網頁、百科、交易平台或二級整理來源,"Medium: reliable web, encyclopedia, platform, or secondary reference",Vortex Indicator 共同創作者，該指標受 Wilder DMI 啟發，用於趨勢轉折與確認。,Research material linked to Etienne Botes for Vortex Indicator; Trend Following.
218,71,艾蒂安・博特斯,Etienne Botes,參考來源：https://www.investopedia.com/terms/v/vortex-indicator-vi.asp,Reference source: https://www.investopedia.com/terms/v/vortex-indicator-vi.asp,source,參考來源,Reference source,,Vortex 指標；趨勢跟隨,Vortex Indicator; Trend Following,https://www.investopedia.com/terms/v/vortex-indicator-vi.asp,https://www.investopedia.com/terms/v/vortex-indicator-vi.asp,indicator_reference,指標參考,Indicator reference,,,,,medium,中：可靠網頁、百科、交易平台或二級整理來源,"Medium: reliable web, encyclopedia, platform, or secondary reference",Vortex Indicator 共同創作者，該指標受 Wilder DMI 啟發，用於趨勢轉折與確認。,Research material linked to Etienne Botes for Vortex Indicator; Trend Following.
219,72,道格拉斯・西普曼,Douglas Siepman,《Vortex 指標》,The Vortex Indicator,article,文章,Article,2010,Vortex 指標；趨勢跟隨,Vortex Indicator; Trend Following,https://doi.org/10.1109/tim.2024.3418095,Vortex Retarder Allows Broadband Polarization Direction Indicator,academic_paper,學術論文,Academic paper,10.1109/tim.2024.3418095,,,,high,高：官方、書目、論文、CMT/專業來源或主要指標參考,"High: official, bibliographic, paper, CMT/professional, or primary indicator reference",Vortex Indicator 共同創作者，適合歸檔於 DMI 類趨勢與方向變化指標。,Research material linked to Douglas Siepman for Vortex Indicator; Trend Following.
220,72,道格拉斯・西普曼,Douglas Siepman,參考來源：https://traders.com/documentation/feedbk_docs/2010/01/Botes.html,Reference source: https://traders.com/documentation/feedbk_docs/2010/01/Botes.html,source,參考來源,Reference source,,Vortex 指標；趨勢跟隨,Vortex Indicator; Trend Following,https://traders.com/documentation/feedbk_docs/2010/01/Botes.html,https://traders.com/documentation/feedbk_docs/2010/01/Botes.html,web_reference,網頁參考,Web reference,,,,,medium,中：可靠網頁、百科、交易平台或二級整理來源,"Medium: reliable web, encyclopedia, platform, or secondary reference",Vortex Indicator 共同創作者，適合歸檔於 DMI 類趨勢與方向變化指標。,Research material linked to Douglas Siepman for Vortex Indicator; Trend Following.
221,72,道格拉斯・西普曼,Douglas Siepman,參考來源：https://www.investopedia.com/terms/v/vortex-indicator-vi.asp,Reference source: https://www.investopedia.com/terms/v/vortex-indicator-vi.asp,source,參考來源,Reference source,,Vortex 指標；趨勢跟隨,Vortex Indicator; Trend Following,https://www.investopedia.com/terms/v/vortex-indicator-vi.asp,https://www.investopedia.com/terms/v/vortex-indicator-vi.asp,indicator_reference,指標參考,Indicator reference,,,,,medium,中：可靠網頁、百科、交易平台或二級整理來源,"Medium: reliable web, encyclopedia, platform, or secondary reference",Vortex Indicator 共同創作者，適合歸檔於 DMI 類趨勢與方向變化指標。,Research material linked to Douglas Siepman for Vortex Indicator; Trend Following.
222,73,奧利維耶・塞班,Olivier Seban,原文題名：SuperTrend,SuperTrend,indicator,技術指標,Technical indicator,2009,SuperTrend；ATR 平均真實波幅；趨勢跟隨,SuperTrend; Average True Range; Trend Following,https://www.tradingview.com/support/solutions/43000634738-supertrend/,SuperTrend,web_reference,網頁參考,Web reference,,,,,medium,中：可靠網頁、百科、交易平台或二級整理來源,"Medium: reliable web, encyclopedia, platform, or secondary reference",SuperTrend 創作者，該指標以 ATR 與倍數形成趨勢方向線，在交易平台中非常常見。,Research material linked to Olivier Seban for SuperTrend; Average True Range; Trend Following.
224,73,奧利維耶・塞班,Olivier Seban,參考來源：https://www.investopedia.com/supertrend-indicator-7976167,Reference source: https://www.investopedia.com/supertrend-indicator-7976167,source,參考來源,Reference source,,SuperTrend；ATR 平均真實波幅；趨勢跟隨,SuperTrend; Average True Range; Trend Following,https://www.investopedia.com/supertrend-indicator-7976167,https://www.investopedia.com/supertrend-indicator-7976167,indicator_reference,指標參考,Indicator reference,,,,,medium,中：可靠網頁、百科、交易平台或二級整理來源,"Medium: reliable web, encyclopedia, platform, or secondary reference",SuperTrend 創作者，該指標以 ATR 與倍數形成趨勢方向線，在交易平台中非常常見。,Research material linked to Olivier Seban for SuperTrend; Average True Range; Trend Following.
223,73,奧利維耶・塞班,Olivier Seban,參考來源：https://www.tradingview.com/support/solutions/43000634738-supertrend/,Reference source: https://www.tradingview.com/support/solutions/43000634738-supertrend/,source,參考來源,Reference source,,SuperTrend；ATR 平均真實波幅；趨勢跟隨,SuperTrend; Average True Range; Trend Following,https://www.tradingview.com/support/solutions/43000634738-supertrend/,https://www.tradingview.com/support/solutions/43000634738-supertrend/,web_reference,網頁參考,Web reference,,,,,medium,中：可靠網頁、百科、交易平台或二級整理來源,"Medium: reliable web, encyclopedia, platform, or secondary reference",SuperTrend 創作者，該指標以 ATR 與倍數形成趨勢方向線，在交易平台中非常常見。,Research material linked to Olivier Seban for SuperTrend; Average True Range; Trend Following.
225,74,漢克・普魯登,Hank Pruden,《頂尖交易的三項技能》,The Three Skills of Top Trading,book,書籍,Book,2007,威科夫方法；成交量分析；交易系統,Wyckoff Method; Volume Analysis; Trading Systems,https://openlibrary.org/works/OL9273040W,The Three Skills of Top Trading,book_catalog,書目資料,Book catalog,,,/works/OL9273040W,,high,高：官方、書目、論文、CMT/專業來源或主要指標參考,"High: official, bibliographic, paper, CMT/professional, or primary indicator reference",將 Wyckoff 方法帶入學術與 CMT 教育脈絡，適合威科夫方法專家分類。,Research material linked to Hank Pruden for Wyckoff Method; Volume Analysis; Trading Systems.
227,74,漢克・普魯登,Hank Pruden,參考來源：https://chartschool.stockcharts.com/table-of-contents/market-analysis/wyckoff-analysis-articles/the-wyckoff-method-a-tutorial,Reference source: https://chartschool.stockcharts.com/table-of-contents/market-analysis/wyckoff-analysis-articles/the-wyckoff-method-a-tutorial,source,參考來源,Reference source,,威科夫方法；成交量分析；交易系統,Wyckoff Method; Volume Analysis; Trading Systems,https://chartschool.stockcharts.com/table-of-contents/market-analysis/wyckoff-analysis-articles/the-wyckoff-method-a-tutorial,https://chartschool.stockcharts.com/table-of-contents/market-analysis/wyckoff-analysis-articles/the-wyckoff-method-a-tutorial,indicator_reference,指標參考,Indicator reference,,,,,medium,中：可靠網頁、百科、交易平台或二級整理來源,"Medium: reliable web, encyclopedia, platform, or secondary reference",將 Wyckoff 方法帶入學術與 CMT 教育脈絡，適合威科夫方法專家分類。,Research material linked to Hank Pruden for Wyckoff Method; Volume Analysis; Trading Systems.
226,74,漢克・普魯登,Hank Pruden,參考來源：https://www.wyckoffanalytics.com/hank-pruden/,Reference source: https://www.wyckoffanalytics.com/hank-pruden/,source,參考來源,Reference source,,威科夫方法；成交量分析；交易系統,Wyckoff Method; Volume Analysis; Trading Systems,https://www.wyckoffanalytics.com/hank-pruden/,https://www.wyckoffanalytics.com/hank-pruden/,web_reference,網頁參考,Web reference,,,,,medium,中：可靠網頁、百科、交易平台或二級整理來源,"Medium: reliable web, encyclopedia, platform, or secondary reference",將 Wyckoff 方法帶入學術與 CMT 教育脈絡，適合威科夫方法專家分類。,Research material linked to Hank Pruden for Wyckoff Method; Volume Analysis; Trading Systems.
228,75,大衛・韋斯,David Weis,《即將發生的交易》,Trades About to Happen,book,書籍,Book,2013,威科夫方法；成交量分析；價格行為,Wyckoff Method; Volume Analysis; Price Action,https://books.google.com/books/about/Trades_About_to_Happen.html?id=IPw1CgAAQBAJ,Trades about to Happen,book_catalog,書目資料,Book catalog,,,/works/OL21471768W,,high,高：官方、書目、論文、CMT/專業來源或主要指標參考,"High: official, bibliographic, paper, CMT/professional, or primary indicator reference",把 Wyckoff 原理改編為現代量價與 Weis Wave 工具，是威科夫實戰資料的重要人物。,Research material linked to David Weis for Wyckoff Method; Volume Analysis; Price Action.
230,75,大衛・韋斯,David Weis,參考來源：https://books.google.com/books/about/Trades_About_to_Happen.html?id=IPw1CgAAQBAJ,Reference source: https://books.google.com/books/about/Trades_About_to_Happen.html?id=IPw1CgAAQBAJ,source,參考來源,Reference source,,威科夫方法；成交量分析；價格行為,Wyckoff Method; Volume Analysis; Price Action,https://books.google.com/books/about/Trades_About_to_Happen.html?id=IPw1CgAAQBAJ,https://books.google.com/books/about/Trades_About_to_Happen.html?id=IPw1CgAAQBAJ,book_catalog,書目資料,Book catalog,,,,,medium,中：可靠網頁、百科、交易平台或二級整理來源,"Medium: reliable web, encyclopedia, platform, or secondary reference",把 Wyckoff 原理改編為現代量價與 Weis Wave 工具，是威科夫實戰資料的重要人物。,Research material linked to David Weis for Wyckoff Method; Volume Analysis; Price Action.
229,75,大衛・韋斯,David Weis,參考來源：https://www.wyckoffanalytics.com/david-weis/,Reference source: https://www.wyckoffanalytics.com/david-weis/,source,參考來源,Reference source,,威科夫方法；成交量分析；價格行為,Wyckoff Method; Volume Analysis; Price Action,https://www.wyckoffanalytics.com/david-weis/,https://www.wyckoffanalytics.com/david-weis/,web_reference,網頁參考,Web reference,,,,,medium,中：可靠網頁、百科、交易平台或二級整理來源,"Medium: reliable web, encyclopedia, platform, or secondary reference",把 Wyckoff 原理改編為現代量價與 Weis Wave 工具，是威科夫實戰資料的重要人物。,Research material linked to David Weis for Wyckoff Method; Volume Analysis; Price Action.
231,76,湯姆・威廉斯,Tom Williams,《掌握市場》,Master the Markets,book,書籍,Book,1993,VSA 量價差分析；威科夫方法；成交量分析,Volume Spread Analysis; Wyckoff Method; Volume Analysis,https://openlibrary.org/works/OL29632674W,Master the Markets RESUMEN,book_catalog,書目資料,Book catalog,,,/works/OL29632674W,,high,高：官方、書目、論文、CMT/專業來源或主要指標參考,"High: official, bibliographic, paper, CMT/professional, or primary indicator reference",Volume Spread Analysis 代表人物，將 Wyckoff 供需觀念整理為 VSA 量價差分析。,Research material linked to Tom Williams for Volume Spread Analysis; Wyckoff Method; Volume Analysis.
232,76,湯姆・威廉斯,Tom Williams,參考來源：https://www.acmetrades.com/tom-williams,Reference source: https://www.acmetrades.com/tom-williams,source,參考來源,Reference source,,VSA 量價差分析；威科夫方法；成交量分析,Volume Spread Analysis; Wyckoff Method; Volume Analysis,https://www.acmetrades.com/tom-williams,https://www.acmetrades.com/tom-williams,web_reference,網頁參考,Web reference,,,,,medium,中：可靠網頁、百科、交易平台或二級整理來源,"Medium: reliable web, encyclopedia, platform, or secondary reference",Volume Spread Analysis 代表人物，將 Wyckoff 供需觀念整理為 VSA 量價差分析。,Research material linked to Tom Williams for Volume Spread Analysis; Wyckoff Method; Volume Analysis.
233,76,湯姆・威廉斯,Tom Williams,參考來源：https://www.tradeguider.com/resource_center1.asp,Reference source: https://www.tradeguider.com/resource_center1.asp,source,參考來源,Reference source,,VSA 量價差分析；威科夫方法；成交量分析,Volume Spread Analysis; Wyckoff Method; Volume Analysis,https://www.tradeguider.com/resource_center1.asp,https://www.tradeguider.com/resource_center1.asp,web_reference,網頁參考,Web reference,,,,,medium,中：可靠網頁、百科、交易平台或二級整理來源,"Medium: reliable web, encyclopedia, platform, or secondary reference",Volume Spread Analysis 代表人物，將 Wyckoff 供需觀念整理為 VSA 量價差分析。,Research material linked to Tom Williams for Volume Spread Analysis; Wyckoff Method; Volume Analysis.
234,77,A・W・科恩,A. W. Cohen,《如何使用點數圖三點反轉法交易股票》,How to Use the Three-Point Reversal Method of Point & Figure Stock Market Trading,book,書籍,Book,1947,點數圖；市場寬度,Point and Figure; Market Breadth,https://chartschool.stockcharts.com/table-of-contents/chart-analysis/point-and-figure-charts/point-and-figure-basics/introduction-to-point-and-figure-charts,How to Use the Three-Point Reversal Method of Point & Figure Stock Market Trading,indicator_reference,指標參考,Indicator reference,,,,,medium,中：可靠網頁、百科、交易平台或二級整理來源,"Medium: reliable web, encyclopedia, platform, or secondary reference",被 StockCharts 介紹為經典 3-box reversal P&F 圖的代表人物之一。,Research material linked to A. W. Cohen for Point and Figure; Market Breadth.
236,77,A・W・科恩,A. W. Cohen,參考來源：https://books.google.com/books/about/How_to_Use_the_Three_point_Reversal_Meth.html?id=iMdEAAAAIAAJ,Reference source: https://books.google.com/books/about/How_to_Use_the_Three_point_Reversal_Meth.html?id=iMdEAAAAIAAJ,source,參考來源,Reference source,,點數圖；市場寬度,Point and Figure; Market Breadth,https://books.google.com/books/about/How_to_Use_the_Three_point_Reversal_Meth.html?id=iMdEAAAAIAAJ,https://books.google.com/books/about/How_to_Use_the_Three_point_Reversal_Meth.html?id=iMdEAAAAIAAJ,book_catalog,書目資料,Book catalog,,,,,medium,中：可靠網頁、百科、交易平台或二級整理來源,"Medium: reliable web, encyclopedia, platform, or secondary reference",被 StockCharts 介紹為經典 3-box reversal P&F 圖的代表人物之一。,Research material linked to A. W. Cohen for Point and Figure; Market Breadth.
235,77,A・W・科恩,A. W. Cohen,參考來源：https://chartschool.stockcharts.com/table-of-contents/chart-analysis/point-and-figure-charts/point-and-figure-basics/introduction-to-point-and-figure-charts,Reference source: https://chartschool.stockcharts.com/table-of-contents/chart-analysis/point-and-figure-charts/point-and-figure-basics/introduction-to-point-and-figure-charts,source,參考來源,Reference source,,點數圖；市場寬度,Point and Figure; Market Breadth,https://chartschool.stockcharts.com/table-of-contents/chart-analysis/point-and-figure-charts/point-and-figure-basics/introduction-to-point-and-figure-charts,https://chartschool.stockcharts.com/table-of-contents/chart-analysis/point-and-figure-charts/point-and-figure-basics/introduction-to-point-and-figure-charts,indicator_reference,指標參考,Indicator reference,,,,,medium,中：可靠網頁、百科、交易平台或二級整理來源,"Medium: reliable web, encyclopedia, platform, or secondary reference",被 StockCharts 介紹為經典 3-box reversal P&F 圖的代表人物之一。,Research material linked to A. W. Cohen for Point and Figure; Market Breadth.
237,77,A・W・科恩,A. W. Cohen,參考來源：https://openlibrary.org/works/OL174845W/How_to_use_the_three-point_reversal_method_of_point_figure_stock_market_trading,Reference source: https://openlibrary.org/works/OL174845W/How_to_use_the_three-point_reversal_method_of_point_figure_stock_market_trading,source,參考來源,Reference source,,點數圖；市場寬度,Point and Figure; Market Breadth,https://openlibrary.org/works/OL174845W/How_to_use_the_three-point_reversal_method_of_point_figure_stock_market_trading,https://openlibrary.org/works/OL174845W/How_to_use_the_three-point_reversal_method_of_point_figure_stock_market_trading,book_catalog,書目資料,Book catalog,,,,,medium,中：可靠網頁、百科、交易平台或二級整理來源,"Medium: reliable web, encyclopedia, platform, or secondary reference",被 StockCharts 介紹為經典 3-box reversal P&F 圖的代表人物之一。,Research material linked to A. W. Cohen for Point and Figure; Market Breadth.
238,78,湯瑪斯・多爾西,Thomas J. Dorsey,《點數圖分析》,Point & Figure Charting,book,書籍,Book,1995,點數圖；相對強弱 / 強勢股篩選,Point and Figure; Relative Strength,https://openlibrary.org/works/OL22846866W,RTR point & figure charting,book_catalog,書目資料,Book catalog,,,/works/OL22846866W,,high,高：官方、書目、論文、CMT/專業來源或主要指標參考,"High: official, bibliographic, paper, CMT/professional, or primary indicator reference",現代 Point & Figure 教育與相對強弱分析代表人物，Nasdaq Dorsey Wright 方法與其相關。,Research material linked to Thomas J. Dorsey for Point and Figure; Relative Strength.
240,78,湯瑪斯・多爾西,Thomas J. Dorsey,參考來源：https://oxlive.dorseywright.com/university/faq.html,Reference source: https://oxlive.dorseywright.com/university/faq.html,source,參考來源,Reference source,,點數圖；相對強弱 / 強勢股篩選,Point and Figure; Relative Strength,https://oxlive.dorseywright.com/university/faq.html,https://oxlive.dorseywright.com/university/faq.html,web_reference,網頁參考,Web reference,,,,,medium,中：可靠網頁、百科、交易平台或二級整理來源,"Medium: reliable web, encyclopedia, platform, or secondary reference",現代 Point & Figure 教育與相對強弱分析代表人物，Nasdaq Dorsey Wright 方法與其相關。,Research material linked to Thomas J. Dorsey for Point and Figure; Relative Strength.
239,78,湯瑪斯・多爾西,Thomas J. Dorsey,參考來源：https://www.investopedia.com/terms/p/pointandfigurechart.asp,Reference source: https://www.investopedia.com/terms/p/pointandfigurechart.asp,source,參考來源,Reference source,,點數圖；相對強弱 / 強勢股篩選,Point and Figure; Relative Strength,https://www.investopedia.com/terms/p/pointandfigurechart.asp,https://www.investopedia.com/terms/p/pointandfigurechart.asp,indicator_reference,指標參考,Indicator reference,,,,,medium,中：可靠網頁、百科、交易平台或二級整理來源,"Medium: reliable web, encyclopedia, platform, or secondary reference",現代 Point & Figure 教育與相對強弱分析代表人物，Nasdaq Dorsey Wright 方法與其相關。,Research material linked to Thomas J. Dorsey for Point and Figure; Relative Strength.
241,79,傑瑞米・杜普萊西斯,Jeremy du Plessis,《點數圖權威指南》,The Definitive Guide to Point and Figure,book,書籍,Book,2005,點數圖；布林通道；RSI 相對強弱指數,Point and Figure; Bollinger Bands; Relative Strength Index,https://openlibrary.org/works/OL8916043W,The Definitive Guide to Point and Figure,book_catalog,書目資料,Book catalog,,,/works/OL8916043W,,high,高：官方、書目、論文、CMT/專業來源或主要指標參考,"High: official, bibliographic, paper, CMT/professional, or primary indicator reference",點數圖現代教材代表作者，尤其適合 P&F 與其他技術指標整合分類。,Research material linked to Jeremy du Plessis for Point and Figure; Bollinger Bands; Relative Strength Index.
242,79,傑瑞米・杜普萊西斯,Jeremy du Plessis,《二十一世紀點數圖》,21st Century Point and Figure,book,書籍,Book,2015,點數圖；布林通道；RSI 相對強弱指數,Point and Figure; Bollinger Bands; Relative Strength Index,https://harriman-house.com/authors/jeremy-du-plessis/21st-century-point-and-figure/9780857194428,21st Century Point and Figure,book_reference,書籍參考,Book reference,,,/works/OL27368249W,,medium,中：可靠網頁、百科、交易平台或二級整理來源,"Medium: reliable web, encyclopedia, platform, or secondary reference",點數圖現代教材代表作者，尤其適合 P&F 與其他技術指標整合分類。,Research material linked to Jeremy du Plessis for Point and Figure; Bollinger Bands; Relative Strength Index.
243,79,傑瑞米・杜普萊西斯,Jeremy du Plessis,參考來源：https://harriman-house.com/authors/jeremy-du-plessis/21st-century-point-and-figure/9780857194428,Reference source: https://harriman-house.com/authors/jeremy-du-plessis/21st-century-point-and-figure/9780857194428,source,參考來源,Reference source,,點數圖；布林通道；RSI 相對強弱指數,Point and Figure; Bollinger Bands; Relative Strength Index,https://harriman-house.com/authors/jeremy-du-plessis/21st-century-point-and-figure/9780857194428,https://harriman-house.com/authors/jeremy-du-plessis/21st-century-point-and-figure/9780857194428,web_reference,網頁參考,Web reference,,,,,medium,中：可靠網頁、百科、交易平台或二級整理來源,"Medium: reliable web, encyclopedia, platform, or secondary reference",點數圖現代教材代表作者，尤其適合 P&F 與其他技術指標整合分類。,Research material linked to Jeremy du Plessis for Point and Figure; Bollinger Bands; Relative Strength Index.
244,80,彼得・史戴梅爾,J. Peter Steidlmayer,《市場與市場邏輯》,Markets and Market Logic,book,書籍,Book,1986,Market Profile；成交量分析；支撐阻力,Market Profile; Volume Analysis; Support and Resistance,https://openlibrary.org/works/OL3367422W,Markets and market logic,book_catalog,書目資料,Book catalog,,,/works/OL3367422W,,high,高：官方、書目、論文、CMT/專業來源或主要指標參考,"High: official, bibliographic, paper, CMT/professional, or primary indicator reference",Market Profile 創始者，把拍賣市場、時間價格機會與價值區概念帶入交易分析。,Research material linked to J. Peter Steidlmayer for Market Profile; Volume Analysis; Support and Resistance.
245,80,彼得・史戴梅爾,J. Peter Steidlmayer,《史戴梅爾談市場》,Steidlmayer on Markets,book,書籍,Book,1989,Market Profile；成交量分析；支撐阻力,Market Profile; Volume Analysis; Support and Resistance,https://www.profiletrading.com/about/,Steidlmayer on Markets,book_reference,書籍參考,Book reference,,,,,medium,中：可靠網頁、百科、交易平台或二級整理來源,"Medium: reliable web, encyclopedia, platform, or secondary reference",Market Profile 創始者，把拍賣市場、時間價格機會與價值區概念帶入交易分析。,Research material linked to J. Peter Steidlmayer for Market Profile; Volume Analysis; Support and Resistance.
246,80,彼得・史戴梅爾,J. Peter Steidlmayer,參考來源：https://www.profiletrading.com/about/,Reference source: https://www.profiletrading.com/about/,source,參考來源,Reference source,,Market Profile；成交量分析；支撐阻力,Market Profile; Volume Analysis; Support and Resistance,https://www.profiletrading.com/about/,https://www.profiletrading.com/about/,web_reference,網頁參考,Web reference,,,,,medium,中：可靠網頁、百科、交易平台或二級整理來源,"Medium: reliable web, encyclopedia, platform, or secondary reference",Market Profile 創始者，把拍賣市場、時間價格機會與價值區概念帶入交易分析。,Research material linked to J. Peter Steidlmayer for Market Profile; Volume Analysis; Support and Resistance.
247,81,詹姆斯・道爾頓,James F. Dalton,《市場之上》,Mind Over Markets,book,書籍,Book,1990,Market Profile；價格行為,Market Profile; Price Action,https://openlibrary.org/works/OL16956321W,Mind over markets,book_catalog,書目資料,Book catalog,,,/works/OL16956321W,,high,高：官方、書目、論文、CMT/專業來源或主要指標參考,"High: official, bibliographic, paper, CMT/professional, or primary indicator reference",Market Profile 主要教材作者之一，讓拍賣市場與市場結構方法更容易被交易者使用。,Research material linked to James F. Dalton for Market Profile; Price Action.
248,81,詹姆斯・道爾頓,James F. Dalton,《市場輪廓》,Markets in Profile,book,書籍,Book,2007,Market Profile；價格行為,Market Profile; Price Action,https://jimdaltontrading.com/books/,Markets in Profile,book_reference,書籍參考,Book reference,,,,,medium,中：可靠網頁、百科、交易平台或二級整理來源,"Medium: reliable web, encyclopedia, platform, or secondary reference",Market Profile 主要教材作者之一，讓拍賣市場與市場結構方法更容易被交易者使用。,Research material linked to James F. Dalton for Market Profile; Price Action.
249,81,詹姆斯・道爾頓,James F. Dalton,參考來源：https://jimdaltontrading.com/books/,Reference source: https://jimdaltontrading.com/books/,source,參考來源,Reference source,,Market Profile；價格行為,Market Profile; Price Action,https://jimdaltontrading.com/books/,https://jimdaltontrading.com/books/,web_reference,網頁參考,Web reference,,,,,medium,中：可靠網頁、百科、交易平台或二級整理來源,"Medium: reliable web, encyclopedia, platform, or secondary reference",Market Profile 主要教材作者之一，讓拍賣市場與市場結構方法更容易被交易者使用。,Research material linked to James F. Dalton for Market Profile; Price Action.
250,82,馬克・費雪,Mark B. Fisher,《邏輯交易者》,The Logical Trader,book,書籍,Book,2002,ACD 開盤區間法；開盤區間突破；支撐阻力,ACD Method; Opening Range Breakout; Support and Resistance,https://openlibrary.org/works/OL8226709W,The Logical Trader,book_catalog,書目資料,Book catalog,,,/works/OL8226709W,,high,高：官方、書目、論文、CMT/專業來源或主要指標參考,"High: official, bibliographic, paper, CMT/professional, or primary indicator reference",ACD 方法以開盤區間、A/C 點與 Pivot Range 判斷趨勢強弱，常見於短線/商品交易。,Research material linked to Mark B. Fisher for ACD Method; Opening Range Breakout; Support and Resistance.
251,82,馬克・費雪,Mark B. Fisher,參考來源：https://www.investopedia.com/articles/technical/04/032404.asp,Reference source: https://www.investopedia.com/articles/technical/04/032404.asp,source,參考來源,Reference source,,ACD 開盤區間法；開盤區間突破；支撐阻力,ACD Method; Opening Range Breakout; Support and Resistance,https://www.investopedia.com/articles/technical/04/032404.asp,https://www.investopedia.com/articles/technical/04/032404.asp,indicator_reference,指標參考,Indicator reference,,,,,medium,中：可靠網頁、百科、交易平台或二級整理來源,"Medium: reliable web, encyclopedia, platform, or secondary reference",ACD 方法以開盤區間、A/C 點與 Pivot Range 判斷趨勢強弱，常見於短線/商品交易。,Research material linked to Mark B. Fisher for ACD Method; Opening Range Breakout; Support and Resistance.
252,82,馬克・費雪,Mark B. Fisher,參考來源：https://www.investopedia.com/articles/technical/04/040704.asp,Reference source: https://www.investopedia.com/articles/technical/04/040704.asp,source,參考來源,Reference source,,ACD 開盤區間法；開盤區間突破；支撐阻力,ACD Method; Opening Range Breakout; Support and Resistance,https://www.investopedia.com/articles/technical/04/040704.asp,https://www.investopedia.com/articles/technical/04/040704.asp,indicator_reference,指標參考,Indicator reference,,,,,medium,中：可靠網頁、百科、交易平台或二級整理來源,"Medium: reliable web, encyclopedia, platform, or secondary reference",ACD 方法以開盤區間、A/C 點與 Pivot Range 判斷趨勢強弱，常見於短線/商品交易。,Research material linked to Mark B. Fisher for ACD Method; Opening Range Breakout; Support and Resistance.
253,83,托比・克拉貝爾,Toby Crabel,《短線價格型態與開盤區間突破日內交易》,Day Trading with Short Term Price Patterns and Opening Range Breakout,book,書籍,Book,1990,開盤區間突破；價格行為；波動率,Opening Range Breakout; Price Action; Volatility,https://openlibrary.org/works/OL4182598W,Day trading with short term price patterns and opening range breakout,book_catalog,書目資料,Book catalog,,,/works/OL4182598W,,high,高：官方、書目、論文、CMT/專業來源或主要指標參考,"High: official, bibliographic, paper, CMT/professional, or primary indicator reference",短線價格型態、Narrow Range 與 Opening Range Breakout 的重要作者。,Research material linked to Toby Crabel for Opening Range Breakout; Price Action; Volatility.
254,83,托比・克拉貝爾,Toby Crabel,參考來源：https://oxfordstrat.com/trading-strategies/toby-crabel-narrow-range-1/,Reference source: https://oxfordstrat.com/trading-strategies/toby-crabel-narrow-range-1/,source,參考來源,Reference source,,開盤區間突破；價格行為；波動率,Opening Range Breakout; Price Action; Volatility,https://oxfordstrat.com/trading-strategies/toby-crabel-narrow-range-1/,https://oxfordstrat.com/trading-strategies/toby-crabel-narrow-range-1/,web_reference,網頁參考,Web reference,,,,,medium,中：可靠網頁、百科、交易平台或二級整理來源,"Medium: reliable web, encyclopedia, platform, or secondary reference",短線價格型態、Narrow Range 與 Opening Range Breakout 的重要作者。,Research material linked to Toby Crabel for Opening Range Breakout; Price Action; Volatility.
255,84,維克多・斯佩蘭迪奧,Victor Sperandeo,《Trader Vic：華爾街大師的方法》,Trader Vic: Methods of a Wall Street Master,book,書籍,Book,1991,價格行為；趨勢跟隨；支撐阻力,Price Action; Trend Following; Support and Resistance,https://openlibrary.org/works/OL18181019W,Trader Vic-- methods of a Wall Street master,book_catalog,書目資料,Book catalog,,,/works/OL18181019W,,high,高：官方、書目、論文、CMT/專業來源或主要指標參考,"High: official, bibliographic, paper, CMT/professional, or primary indicator reference",Trader Vic 2B 與 1-2-3 反轉方法常被技術交易者引用，用於趨勢失敗與反轉判斷。,Research material linked to Victor Sperandeo for Price Action; Trend Following; Support and Resistance.
256,84,維克多・斯佩蘭迪奧,Victor Sperandeo,參考來源：https://thepatternsite.com/2B.html,Reference source: https://thepatternsite.com/2B.html,source,參考來源,Reference source,,價格行為；趨勢跟隨；支撐阻力,Price Action; Trend Following; Support and Resistance,https://thepatternsite.com/2B.html,https://thepatternsite.com/2B.html,web_reference,網頁參考,Web reference,,,,,medium,中：可靠網頁、百科、交易平台或二級整理來源,"Medium: reliable web, encyclopedia, platform, or secondary reference",Trader Vic 2B 與 1-2-3 反轉方法常被技術交易者引用，用於趨勢失敗與反轉判斷。,Research material linked to Victor Sperandeo for Price Action; Trend Following; Support and Resistance.
257,85,羅伯特・邁納,Robert C. Miner,《動態交易》,Dynamic Trading,book,書籍,Book,1997,艾略特波浪；費波納契時間/價格；動量,Elliott Wave; Fibonacci Time and Price; Momentum,https://dynamictraders.com/dt-books/,Dynamic Trading,book_reference,書籍參考,Book reference,,,,,medium,中：可靠網頁、百科、交易平台或二級整理來源,"Medium: reliable web, encyclopedia, platform, or secondary reference",Dynamic Trading 結合時間、價格、型態與動量，常被波浪與 Fibonacci 交易者引用。,Research material linked to Robert C. Miner for Elliott Wave; Fibonacci Time and Price; Momentum.
259,85,羅伯特・邁納,Robert C. Miner,參考來源：https://books.google.com/books/about/Dynamic_Trading.html?id=ymtaAAAAYAAJ,Reference source: https://books.google.com/books/about/Dynamic_Trading.html?id=ymtaAAAAYAAJ,source,參考來源,Reference source,,艾略特波浪；費波納契時間/價格；動量,Elliott Wave; Fibonacci Time and Price; Momentum,https://books.google.com/books/about/Dynamic_Trading.html?id=ymtaAAAAYAAJ,https://books.google.com/books/about/Dynamic_Trading.html?id=ymtaAAAAYAAJ,book_catalog,書目資料,Book catalog,,,,,medium,中：可靠網頁、百科、交易平台或二級整理來源,"Medium: reliable web, encyclopedia, platform, or secondary reference",Dynamic Trading 結合時間、價格、型態與動量，常被波浪與 Fibonacci 交易者引用。,Research material linked to Robert C. Miner for Elliott Wave; Fibonacci Time and Price; Momentum.
258,85,羅伯特・邁納,Robert C. Miner,參考來源：https://dynamictraders.com/dt-books/,Reference source: https://dynamictraders.com/dt-books/,source,參考來源,Reference source,,艾略特波浪；費波納契時間/價格；動量,Elliott Wave; Fibonacci Time and Price; Momentum,https://dynamictraders.com/dt-books/,https://dynamictraders.com/dt-books/,web_reference,網頁參考,Web reference,,,,,medium,中：可靠網頁、百科、交易平台或二級整理來源,"Medium: reliable web, encyclopedia, platform, or secondary reference",Dynamic Trading 結合時間、價格、型態與動量，常被波浪與 Fibonacci 交易者引用。,Research material linked to Robert C. Miner for Elliott Wave; Fibonacci Time and Price; Momentum.
260,85,羅伯特・邁納,Robert C. Miner,參考來源：https://www.amazon.com/Dynamic-Trading-Practical-Strategies-Investors/dp/093438083X,Reference source: https://www.amazon.com/Dynamic-Trading-Practical-Strategies-Investors/dp/093438083X,source,參考來源,Reference source,,艾略特波浪；費波納契時間/價格；動量,Elliott Wave; Fibonacci Time and Price; Momentum,https://www.amazon.com/Dynamic-Trading-Practical-Strategies-Investors/dp/093438083X,https://www.amazon.com/Dynamic-Trading-Practical-Strategies-Investors/dp/093438083X,book_catalog,書目資料,Book catalog,,,,,medium,中：可靠網頁、百科、交易平台或二級整理來源,"Medium: reliable web, encyclopedia, platform, or secondary reference",Dynamic Trading 結合時間、價格、型態與動量，常被波浪與 Fibonacci 交易者引用。,Research material linked to Robert C. Miner for Elliott Wave; Fibonacci Time and Price; Momentum.
261,86,卡洛琳・波羅登,Carolyn Boroden,《費波納契交易》,Fibonacci Trading,book,書籍,Book,2008,費波納契時間/價格；支撐阻力；艾略特波浪,Fibonacci Time and Price; Support and Resistance; Elliott Wave,https://www.moneyshow.com/expert/ote17731/carolyn-boroden/,Fibonacci Trading,book_reference,書籍參考,Book reference,,,,,medium,中：可靠網頁、百科、交易平台或二級整理來源,"Medium: reliable web, encyclopedia, platform, or secondary reference",以 Fibonacci 時間與價格分析聞名，適合專屬歸檔於 Fibonacci 分析專家。,Research material linked to Carolyn Boroden for Fibonacci Time and Price; Support and Resistance; Elliott Wave.
263,86,卡洛琳・波羅登,Carolyn Boroden,參考來源：https://www.elliottwavetrader.net/analyst/Carolyn-Boroden,Reference source: https://www.elliottwavetrader.net/analyst/Carolyn-Boroden,source,參考來源,Reference source,,費波納契時間/價格；支撐阻力；艾略特波浪,Fibonacci Time and Price; Support and Resistance; Elliott Wave,https://www.elliottwavetrader.net/analyst/Carolyn-Boroden,https://www.elliottwavetrader.net/analyst/Carolyn-Boroden,web_reference,網頁參考,Web reference,,,,,medium,中：可靠網頁、百科、交易平台或二級整理來源,"Medium: reliable web, encyclopedia, platform, or secondary reference",以 Fibonacci 時間與價格分析聞名，適合專屬歸檔於 Fibonacci 分析專家。,Research material linked to Carolyn Boroden for Fibonacci Time and Price; Support and Resistance; Elliott Wave.
262,86,卡洛琳・波羅登,Carolyn Boroden,參考來源：https://www.moneyshow.com/expert/ote17731/carolyn-boroden/,Reference source: https://www.moneyshow.com/expert/ote17731/carolyn-boroden/,source,參考來源,Reference source,,費波納契時間/價格；支撐阻力；艾略特波浪,Fibonacci Time and Price; Support and Resistance; Elliott Wave,https://www.moneyshow.com/expert/ote17731/carolyn-boroden/,https://www.moneyshow.com/expert/ote17731/carolyn-boroden/,web_reference,網頁參考,Web reference,,,,,medium,中：可靠網頁、百科、交易平台或二級整理來源,"Medium: reliable web, encyclopedia, platform, or secondary reference",以 Fibonacci 時間與價格分析聞名，適合專屬歸檔於 Fibonacci 分析專家。,Research material linked to Carolyn Boroden for Fibonacci Time and Price; Support and Resistance; Elliott Wave.
264,87,喬・迪納波利,Joe DiNapoli,《DiNapoli 水平》,DiNapoli Levels,book,書籍,Book,1998,費波納契時間/價格；支撐阻力,Fibonacci Time and Price; Support and Resistance,https://www.mql5.com/en/articles/3061,DiNapoli Levels,book_reference,書籍參考,Book reference,,,,,medium,中：可靠網頁、百科、交易平台或二級整理來源,"Medium: reliable web, encyclopedia, platform, or secondary reference",DiNapoli Levels 是 Fibonacci 回撤/擴展的實戰化方法，常用於關鍵支撐阻力。,Research material linked to Joe DiNapoli for Fibonacci Time and Price; Support and Resistance.
266,87,喬・迪納波利,Joe DiNapoli,參考來源：https://www.amazon.com/DiNapoli-Levels-Practical-Application-Investment/dp/1891159046,Reference source: https://www.amazon.com/DiNapoli-Levels-Practical-Application-Investment/dp/1891159046,source,參考來源,Reference source,,費波納契時間/價格；支撐阻力,Fibonacci Time and Price; Support and Resistance,https://www.amazon.com/DiNapoli-Levels-Practical-Application-Investment/dp/1891159046,https://www.amazon.com/DiNapoli-Levels-Practical-Application-Investment/dp/1891159046,book_catalog,書目資料,Book catalog,,,,,medium,中：可靠網頁、百科、交易平台或二級整理來源,"Medium: reliable web, encyclopedia, platform, or secondary reference",DiNapoli Levels 是 Fibonacci 回撤/擴展的實戰化方法，常用於關鍵支撐阻力。,Research material linked to Joe DiNapoli for Fibonacci Time and Price; Support and Resistance.
267,87,喬・迪納波利,Joe DiNapoli,參考來源：https://www.moneyshow.com/expert/2160spk/,Reference source: https://www.moneyshow.com/expert/2160spk/,source,參考來源,Reference source,,費波納契時間/價格；支撐阻力,Fibonacci Time and Price; Support and Resistance,https://www.moneyshow.com/expert/2160spk/,https://www.moneyshow.com/expert/2160spk/,web_reference,網頁參考,Web reference,,,,,medium,中：可靠網頁、百科、交易平台或二級整理來源,"Medium: reliable web, encyclopedia, platform, or secondary reference",DiNapoli Levels 是 Fibonacci 回撤/擴展的實戰化方法，常用於關鍵支撐阻力。,Research material linked to Joe DiNapoli for Fibonacci Time and Price; Support and Resistance.
265,87,喬・迪納波利,Joe DiNapoli,參考來源：https://www.mql5.com/en/articles/3061,Reference source: https://www.mql5.com/en/articles/3061,source,參考來源,Reference source,,費波納契時間/價格；支撐阻力,Fibonacci Time and Price; Support and Resistance,https://www.mql5.com/en/articles/3061,https://www.mql5.com/en/articles/3061,web_reference,網頁參考,Web reference,,,,,medium,中：可靠網頁、百科、交易平台或二級整理來源,"Medium: reliable web, encyclopedia, platform, or secondary reference",DiNapoli Levels 是 Fibonacci 回撤/擴展的實戰化方法，常用於關鍵支撐阻力。,Research material linked to Joe DiNapoli for Fibonacci Time and Price; Support and Resistance.
268,88,艾倫・安德魯斯,Alan Andrews,原文題名：Andrews' Pitchfork,Andrews' Pitchfork,drawing_tool,繪圖工具/分析法,Drawing tool / analytical method,,安德魯分叉線；支撐阻力；價格行為,Andrews' Pitchfork; Support and Resistance; Price Action,https://www.investopedia.com/articles/forex/05/andrewspitchfork.asp,Andrews' Pitchfork,indicator_reference,指標參考,Indicator reference,,,,,medium,中：可靠網頁、百科、交易平台或二級整理來源,"Medium: reliable web, encyclopedia, platform, or secondary reference",Andrews' Pitchfork 以三點繪製中線與平行通道，是支撐阻力和趨勢通道工具。,Research material linked to Alan Andrews for Andrews' Pitchfork; Support and Resistance; Price Action.
269,88,艾倫・安德魯斯,Alan Andrews,參考來源：https://www.investopedia.com/articles/forex/05/andrewspitchfork.asp,Reference source: https://www.investopedia.com/articles/forex/05/andrewspitchfork.asp,source,參考來源,Reference source,,安德魯分叉線；支撐阻力；價格行為,Andrews' Pitchfork; Support and Resistance; Price Action,https://www.investopedia.com/articles/forex/05/andrewspitchfork.asp,https://www.investopedia.com/articles/forex/05/andrewspitchfork.asp,indicator_reference,指標參考,Indicator reference,,,,,medium,中：可靠網頁、百科、交易平台或二級整理來源,"Medium: reliable web, encyclopedia, platform, or secondary reference",Andrews' Pitchfork 以三點繪製中線與平行通道，是支撐阻力和趨勢通道工具。,Research material linked to Alan Andrews for Andrews' Pitchfork; Support and Resistance; Price Action.
270,88,艾倫・安德魯斯,Alan Andrews,參考來源：https://www.optuma.com/blog/pitchforks-part-1,Reference source: https://www.optuma.com/blog/pitchforks-part-1,source,參考來源,Reference source,,安德魯分叉線；支撐阻力；價格行為,Andrews' Pitchfork; Support and Resistance; Price Action,https://www.optuma.com/blog/pitchforks-part-1,https://www.optuma.com/blog/pitchforks-part-1,web_reference,網頁參考,Web reference,,,,,medium,中：可靠網頁、百科、交易平台或二級整理來源,"Medium: reliable web, encyclopedia, platform, or secondary reference",Andrews' Pitchfork 以三點繪製中線與平行通道，是支撐阻力和趨勢通道工具。,Research material linked to Alan Andrews for Andrews' Pitchfork; Support and Resistance; Price Action.
272,89,亞瑟・梅里爾,Arthur A. Merrill,《華爾街價格行為》,Behavior of Prices on Wall Street,book,書籍,Book,1966,圖表型態；週期分析；回測與系統驗證,Chart Patterns; Cycle Analysis; Backtesting,https://www.amazon.com/Filtered-Waves-Basic-Theory-Analysis/dp/0911894365,Behavior of Prices on Wall Street,book_catalog,書目資料,Book catalog,,,,,high,高：官方、書目、論文、CMT/專業來源或主要指標參考,"High: official, bibliographic, paper, CMT/professional, or primary indicator reference",以 M/W 型態與 Filtered Waves 著作聞名，是早期量化型圖表研究人物。,Research material linked to Arthur A. Merrill for Chart Patterns; Cycle Analysis; Backtesting.
271,89,亞瑟・梅里爾,Arthur A. Merrill,《過濾波浪：基本理論》,Filtered Waves: Basic Theory,book,書籍,Book,1977,圖表型態；週期分析；回測與系統驗證,Chart Patterns; Cycle Analysis; Backtesting,https://www.amazon.com/Filtered-Waves-Basic-Theory-Analysis/dp/0911894365,Filtered Waves: Basic Theory,book_catalog,書目資料,Book catalog,,,,,high,高：官方、書目、論文、CMT/專業來源或主要指標參考,"High: official, bibliographic, paper, CMT/professional, or primary indicator reference",以 M/W 型態與 Filtered Waves 著作聞名，是早期量化型圖表研究人物。,Research material linked to Arthur A. Merrill for Chart Patterns; Cycle Analysis; Backtesting.
274,89,亞瑟・梅里爾,Arthur A. Merrill,參考來源：https://books.google.com/books/about/Behavior_of_Prices_on_Wall_Street.html?id=wEsUAQAAMAAJ,Reference source: https://books.google.com/books/about/Behavior_of_Prices_on_Wall_Street.html?id=wEsUAQAAMAAJ,source,參考來源,Reference source,,圖表型態；週期分析；回測與系統驗證,Chart Patterns; Cycle Analysis; Backtesting,https://books.google.com/books/about/Behavior_of_Prices_on_Wall_Street.html?id=wEsUAQAAMAAJ,https://books.google.com/books/about/Behavior_of_Prices_on_Wall_Street.html?id=wEsUAQAAMAAJ,book_catalog,書目資料,Book catalog,,,,,medium,中：可靠網頁、百科、交易平台或二級整理來源,"Medium: reliable web, encyclopedia, platform, or secondary reference",以 M/W 型態與 Filtered Waves 著作聞名，是早期量化型圖表研究人物。,Research material linked to Arthur A. Merrill for Chart Patterns; Cycle Analysis; Backtesting.
275,89,亞瑟・梅里爾,Arthur A. Merrill,參考來源：https://openlibrary.org/books/OL5991950M/Behavior_of_prices_on_Wall_Street.,Reference source: https://openlibrary.org/books/OL5991950M/Behavior_of_prices_on_Wall_Street.,source,參考來源,Reference source,,圖表型態；週期分析；回測與系統驗證,Chart Patterns; Cycle Analysis; Backtesting,https://openlibrary.org/books/OL5991950M/Behavior_of_prices_on_Wall_Street.,https://openlibrary.org/books/OL5991950M/Behavior_of_prices_on_Wall_Street.,book_catalog,書目資料,Book catalog,,,,,medium,中：可靠網頁、百科、交易平台或二級整理來源,"Medium: reliable web, encyclopedia, platform, or secondary reference",以 M/W 型態與 Filtered Waves 著作聞名，是早期量化型圖表研究人物。,Research material linked to Arthur A. Merrill for Chart Patterns; Cycle Analysis; Backtesting.
273,89,亞瑟・梅里爾,Arthur A. Merrill,參考來源：https://www.amazon.com/Filtered-Waves-Basic-Theory-Analysis/dp/0911894365,Reference source: https://www.amazon.com/Filtered-Waves-Basic-Theory-Analysis/dp/0911894365,source,參考來源,Reference source,,圖表型態；週期分析；回測與系統驗證,Chart Patterns; Cycle Analysis; Backtesting,https://www.amazon.com/Filtered-Waves-Basic-Theory-Analysis/dp/0911894365,https://www.amazon.com/Filtered-Waves-Basic-Theory-Analysis/dp/0911894365,book_catalog,書目資料,Book catalog,,,,,medium,中：可靠網頁、百科、交易平台或二級整理來源,"Medium: reliable web, encyclopedia, platform, or secondary reference",以 M/W 型態與 Filtered Waves 著作聞名，是早期量化型圖表研究人物。,Research material linked to Arthur A. Merrill for Chart Patterns; Cycle Analysis; Backtesting.
276,90,漢弗萊・尼爾,Humphrey B. Neill,《讀帶與市場戰術》,Tape Reading and Market Tactics,book,書籍,Book,1931,讀帶 / 盤口判讀；市場情緒；價格行為,Tape Reading; Sentiment; Price Action,https://books.google.com/books/about/Tape_Reading_and_Market_Tactics.html?id=XuiREQAAQBAJ,Tape reading and market tactics,book_catalog,書目資料,Book catalog,,,/works/OL10344334W,,high,高：官方、書目、論文、CMT/專業來源或主要指標參考,"High: official, bibliographic, paper, CMT/professional, or primary indicator reference",讀帶與逆向思考經典作者，適合情緒、盤口與早期技術分析文獻分類。,Research material linked to Humphrey B. Neill for Tape Reading; Sentiment; Price Action.
277,90,漢弗萊・尼爾,Humphrey B. Neill,《逆向思考的藝術》,The Art of Contrary Thinking,book,書籍,Book,1954,讀帶 / 盤口判讀；市場情緒；價格行為,Tape Reading; Sentiment; Price Action,https://openlibrary.org/works/OL6356603W,The art of contrary thinking,book_catalog,書目資料,Book catalog,,,/works/OL6356603W,,high,高：官方、書目、論文、CMT/專業來源或主要指標參考,"High: official, bibliographic, paper, CMT/professional, or primary indicator reference",讀帶與逆向思考經典作者，適合情緒、盤口與早期技術分析文獻分類。,Research material linked to Humphrey B. Neill for Tape Reading; Sentiment; Price Action.
278,90,漢弗萊・尼爾,Humphrey B. Neill,參考來源：https://books.google.com/books/about/Tape_Reading_and_Market_Tactics.html?id=XuiREQAAQBAJ,Reference source: https://books.google.com/books/about/Tape_Reading_and_Market_Tactics.html?id=XuiREQAAQBAJ,source,參考來源,Reference source,,讀帶 / 盤口判讀；市場情緒；價格行為,Tape Reading; Sentiment; Price Action,https://books.google.com/books/about/Tape_Reading_and_Market_Tactics.html?id=XuiREQAAQBAJ,https://books.google.com/books/about/Tape_Reading_and_Market_Tactics.html?id=XuiREQAAQBAJ,book_catalog,書目資料,Book catalog,,,,,medium,中：可靠網頁、百科、交易平台或二級整理來源,"Medium: reliable web, encyclopedia, platform, or secondary reference",讀帶與逆向思考經典作者，適合情緒、盤口與早期技術分析文獻分類。,Research material linked to Humphrey B. Neill for Tape Reading; Sentiment; Price Action.
280,91,華特・迪默,Walter Deemer,原文題名：Market Memos,Market Memos,archive,歷史檔案,Archive,1966,趨勢跟隨；市場寬度；市場情緒,Trend Following; Market Breadth; Sentiment,https://www.walterdeemer.com/,Market Memos,web_reference,網頁參考,Web reference,,,,,medium,中：可靠網頁、百科、交易平台或二級整理來源,"Medium: reliable web, encyclopedia, platform, or secondary reference",長期市場技術分析師，著作與 Market Memos 檔案適合作為近代市場評論文獻。,Research material linked to Walter Deemer for Trend Following; Market Breadth; Sentiment.
279,91,華特・迪默,Walter Deemer,《迪默談技術分析》,Deemer on Technical Analysis,book,書籍,Book,2012,趨勢跟隨；市場寬度；市場情緒,Trend Following; Market Breadth; Sentiment,https://openlibrary.org/works/OL16215782W,Deemer on technical analysis,book_catalog,書目資料,Book catalog,,,/works/OL16215782W,,high,高：官方、書目、論文、CMT/專業來源或主要指標參考,"High: official, bibliographic, paper, CMT/professional, or primary indicator reference",長期市場技術分析師，著作與 Market Memos 檔案適合作為近代市場評論文獻。,Research material linked to Walter Deemer for Trend Following; Market Breadth; Sentiment.
282,91,華特・迪默,Walter Deemer,參考來源：https://deemermarketmemos.com/,Reference source: https://deemermarketmemos.com/,source,參考來源,Reference source,,趨勢跟隨；市場寬度；市場情緒,Trend Following; Market Breadth; Sentiment,https://deemermarketmemos.com/,https://deemermarketmemos.com/,web_reference,網頁參考,Web reference,,,,,medium,中：可靠網頁、百科、交易平台或二級整理來源,"Medium: reliable web, encyclopedia, platform, or secondary reference",長期市場技術分析師，著作與 Market Memos 檔案適合作為近代市場評論文獻。,Research material linked to Walter Deemer for Trend Following; Market Breadth; Sentiment.
281,91,華特・迪默,Walter Deemer,參考來源：https://www.walterdeemer.com/,Reference source: https://www.walterdeemer.com/,source,參考來源,Reference source,,趨勢跟隨；市場寬度；市場情緒,Trend Following; Market Breadth; Sentiment,https://www.walterdeemer.com/,https://www.walterdeemer.com/,web_reference,網頁參考,Web reference,,,,,medium,中：可靠網頁、百科、交易平台或二級整理來源,"Medium: reliable web, encyclopedia, platform, or secondary reference",長期市場技術分析師，著作與 Market Memos 檔案適合作為近代市場評論文獻。,Research material linked to Walter Deemer for Trend Following; Market Breadth; Sentiment.
283,92,內德・戴維斯,Ned Davis,《做對判斷或賺到錢》,Being Right or Making Money,book,書籍,Book,1991,市場寬度；市場情緒；實證技術分析,Market Breadth; Sentiment; Evidence-Based Technical Analysis,https://info.ndr.com/ndr-signals/which-indicators-should-i-follow,Being Right or Making Money,book_reference,書籍參考,Book reference,,,,,medium,中：可靠網頁、百科、交易平台或二級整理來源,"Medium: reliable web, encyclopedia, platform, or secondary reference",Ned Davis Research 長期以廣度、情緒、總體與技術模型做市場研究，適合指標集合與量化研究分類。,Research material linked to Ned Davis for Market Breadth; Sentiment; Evidence-Based Technical Analysis.
284,92,內德・戴維斯,Ned Davis,《研究驅動型投資者》,The Research Driven Investor,book,書籍,Book,2000,市場寬度；市場情緒；實證技術分析,Market Breadth; Sentiment; Evidence-Based Technical Analysis,https://info.ndr.com/ndr-signals/which-indicators-should-i-follow,The Research Driven Investor,book_reference,書籍參考,Book reference,,,,,medium,中：可靠網頁、百科、交易平台或二級整理來源,"Medium: reliable web, encyclopedia, platform, or secondary reference",Ned Davis Research 長期以廣度、情緒、總體與技術模型做市場研究，適合指標集合與量化研究分類。,Research material linked to Ned Davis for Market Breadth; Sentiment; Evidence-Based Technical Analysis.
287,92,內德・戴維斯,Ned Davis,參考來源：https://books.google.com/books/about/Being_Right_or_Making_Money.html?id=wLhYBQAAQBAJ,Reference source: https://books.google.com/books/about/Being_Right_or_Making_Money.html?id=wLhYBQAAQBAJ,source,參考來源,Reference source,,市場寬度；市場情緒；實證技術分析,Market Breadth; Sentiment; Evidence-Based Technical Analysis,https://books.google.com/books/about/Being_Right_or_Making_Money.html?id=wLhYBQAAQBAJ,https://books.google.com/books/about/Being_Right_or_Making_Money.html?id=wLhYBQAAQBAJ,book_catalog,書目資料,Book catalog,,,,,medium,中：可靠網頁、百科、交易平台或二級整理來源,"Medium: reliable web, encyclopedia, platform, or secondary reference",Ned Davis Research 長期以廣度、情緒、總體與技術模型做市場研究，適合指標集合與量化研究分類。,Research material linked to Ned Davis for Market Breadth; Sentiment; Evidence-Based Technical Analysis.
288,92,內德・戴維斯,Ned Davis,參考來源：https://info.ndr.com/ndr-signals,Reference source: https://info.ndr.com/ndr-signals,source,參考來源,Reference source,,市場寬度；市場情緒；實證技術分析,Market Breadth; Sentiment; Evidence-Based Technical Analysis,https://info.ndr.com/ndr-signals,https://info.ndr.com/ndr-signals,web_reference,網頁參考,Web reference,,,,,medium,中：可靠網頁、百科、交易平台或二級整理來源,"Medium: reliable web, encyclopedia, platform, or secondary reference",Ned Davis Research 長期以廣度、情緒、總體與技術模型做市場研究，適合指標集合與量化研究分類。,Research material linked to Ned Davis for Market Breadth; Sentiment; Evidence-Based Technical Analysis.
285,92,內德・戴維斯,Ned Davis,參考來源：https://info.ndr.com/ndr-signals/which-indicators-should-i-follow,Reference source: https://info.ndr.com/ndr-signals/which-indicators-should-i-follow,source,參考來源,Reference source,,市場寬度；市場情緒；實證技術分析,Market Breadth; Sentiment; Evidence-Based Technical Analysis,https://info.ndr.com/ndr-signals/which-indicators-should-i-follow,https://info.ndr.com/ndr-signals/which-indicators-should-i-follow,web_reference,網頁參考,Web reference,,,,,medium,中：可靠網頁、百科、交易平台或二級整理來源,"Medium: reliable web, encyclopedia, platform, or secondary reference",Ned Davis Research 長期以廣度、情緒、總體與技術模型做市場研究，適合指標集合與量化研究分類。,Research material linked to Ned Davis for Market Breadth; Sentiment; Evidence-Based Technical Analysis.
286,92,內德・戴維斯,Ned Davis,參考來源：https://www.amazon.com/Being-Right-Making-Money-Davis/dp/1118992067,Reference source: https://www.amazon.com/Being-Right-Making-Money-Davis/dp/1118992067,source,參考來源,Reference source,,市場寬度；市場情緒；實證技術分析,Market Breadth; Sentiment; Evidence-Based Technical Analysis,https://www.amazon.com/Being-Right-Making-Money-Davis/dp/1118992067,https://www.amazon.com/Being-Right-Making-Money-Davis/dp/1118992067,book_catalog,書目資料,Book catalog,,,,,medium,中：可靠網頁、百科、交易平台或二級整理來源,"Medium: reliable web, encyclopedia, platform, or secondary reference",Ned Davis Research 長期以廣度、情緒、總體與技術模型做市場研究，適合指標集合與量化研究分類。,Research material linked to Ned Davis for Market Breadth; Sentiment; Evidence-Based Technical Analysis.
289,93,傑森・戈普弗特,Jason Goepfert,"原文題名：Mutual Fund Cash Reserves, The Risk-Free Rate, and Stock Market Performance","Mutual Fund Cash Reserves, The Risk-Free Rate, and Stock Market Performance",paper,研究論文,Research paper,2004,市場情緒；市場寬度；實證技術分析,Sentiment; Market Breadth; Evidence-Based Technical Analysis,https://doi.org/10.3905/joi.2003.319537,Mutual Fund Cash Flows and Stock Market Performance,academic_paper,學術論文,Academic paper,10.3905/joi.2003.319537,,,,high,高：官方、書目、論文、CMT/專業來源或主要指標參考,"High: official, bibliographic, paper, CMT/professional, or primary indicator reference",2004 Charles H. Dow Award 得主，長期研究投資人情緒與市場統計。,Research material linked to Jason Goepfert for Sentiment; Market Breadth; Evidence-Based Technical Analysis.
290,93,傑森・戈普弗特,Jason Goepfert,參考來源：https://cmtassociation.org/association/award-recognizing/charles-h-dow-award/,Reference source: https://cmtassociation.org/association/award-recognizing/charles-h-dow-award/,source,參考來源,Reference source,,市場情緒；市場寬度；實證技術分析,Sentiment; Market Breadth; Evidence-Based Technical Analysis,https://cmtassociation.org/association/award-recognizing/charles-h-dow-award/,https://cmtassociation.org/association/award-recognizing/charles-h-dow-award/,award_or_professional,獎項/專業資料,Award/professional source,,,,,high,高：官方、書目、論文、CMT/專業來源或主要指標參考,"High: official, bibliographic, paper, CMT/professional, or primary indicator reference",2004 Charles H. Dow Award 得主，長期研究投資人情緒與市場統計。,Research material linked to Jason Goepfert for Sentiment; Market Breadth; Evidence-Based Technical Analysis.
292,94,巴夫・多米爾,Buff Dormeier,《成交量分析投資法》,Investing with Volume Analysis,book,書籍,Book,2011,成交量分析；市場寬度；實證技術分析,Volume Analysis; Market Breadth; Evidence-Based Technical Analysis,https://openlibrary.org/works/OL16011385W,Investing with volume analysis,book_catalog,書目資料,Book catalog,,,/works/OL16011385W,,high,高：官方、書目、論文、CMT/專業來源或主要指標參考,"High: official, bibliographic, paper, CMT/professional, or primary indicator reference",2007 Charles H. Dow Award 得主，量價與成交量分析著作具資料庫價值。,Research material linked to Buff Dormeier for Volume Analysis; Market Breadth; Evidence-Based Technical Analysis.
291,94,巴夫・多米爾,Buff Dormeier,原文題名：Price and Volume: Digging Deeper,Price and Volume: Digging Deeper,paper,研究論文,Research paper,2007,成交量分析；市場寬度；實證技術分析,Volume Analysis; Market Breadth; Evidence-Based Technical Analysis,https://doi.org/10.1038/ngeo747,Digging deeper,academic_paper,學術論文,Academic paper,10.1038/ngeo747,,,,high,高：官方、書目、論文、CMT/專業來源或主要指標參考,"High: official, bibliographic, paper, CMT/professional, or primary indicator reference",2007 Charles H. Dow Award 得主，量價與成交量分析著作具資料庫價值。,Research material linked to Buff Dormeier for Volume Analysis; Market Breadth; Evidence-Based Technical Analysis.
293,94,巴夫・多米爾,Buff Dormeier,參考來源：https://cmtassociation.org/association/award-recognizing/charles-h-dow-award/,Reference source: https://cmtassociation.org/association/award-recognizing/charles-h-dow-award/,source,參考來源,Reference source,,成交量分析；市場寬度；實證技術分析,Volume Analysis; Market Breadth; Evidence-Based Technical Analysis,https://cmtassociation.org/association/award-recognizing/charles-h-dow-award/,https://cmtassociation.org/association/award-recognizing/charles-h-dow-award/,award_or_professional,獎項/專業資料,Award/professional source,,,,,high,高：官方、書目、論文、CMT/專業來源或主要指標參考,"High: official, bibliographic, paper, CMT/professional, or primary indicator reference",2007 Charles H. Dow Award 得主，量價與成交量分析著作具資料庫價值。,Research material linked to Buff Dormeier for Volume Analysis; Market Breadth; Evidence-Based Technical Analysis.
294,95,安德魯・思拉舍,Andrew Thrasher,原文題名：Forecasting a Volatility Tsunami,Forecasting a Volatility Tsunami,paper,研究論文,Research paper,2017,波動率；市場情緒；市場寬度,Volatility; Sentiment; Market Breadth,https://doi.org/10.2139/ssrn.2949847,Forecasting a Volatility Tsunami,academic_paper,學術論文,Academic paper,10.2139/ssrn.2949847,,,,high,高：官方、書目、論文、CMT/專業來源或主要指標參考,"High: official, bibliographic, paper, CMT/professional, or primary indicator reference",兩度 Charles H. Dow Award 相關得主/研究者，波動率與市場風險研究值得收錄。,Research material linked to Andrew Thrasher for Volatility; Sentiment; Market Breadth.
295,95,安德魯・思拉舍,Andrew Thrasher,原文題名：The 5% Canary,The 5% Canary,paper,研究論文,Research paper,2023,波動率；市場情緒；市場寬度,Volatility; Sentiment; Market Breadth,https://doi.org/10.2307/jj.18376987.71,Canary,academic_paper,學術論文,Academic paper,10.2307/jj.18376987.71,,,,high,高：官方、書目、論文、CMT/專業來源或主要指標參考,"High: official, bibliographic, paper, CMT/professional, or primary indicator reference",兩度 Charles H. Dow Award 相關得主/研究者，波動率與市場風險研究值得收錄。,Research material linked to Andrew Thrasher for Volatility; Sentiment; Market Breadth.
296,95,安德魯・思拉舍,Andrew Thrasher,參考來源：https://cmtassociation.org/association/award-recognizing/charles-h-dow-award/,Reference source: https://cmtassociation.org/association/award-recognizing/charles-h-dow-award/,source,參考來源,Reference source,,波動率；市場情緒；市場寬度,Volatility; Sentiment; Market Breadth,https://cmtassociation.org/association/award-recognizing/charles-h-dow-award/,https://cmtassociation.org/association/award-recognizing/charles-h-dow-award/,award_or_professional,獎項/專業資料,Award/professional source,,,,,high,高：官方、書目、論文、CMT/專業來源或主要指標參考,"High: official, bibliographic, paper, CMT/professional, or primary indicator reference",兩度 Charles H. Dow Award 相關得主/研究者，波動率與市場風險研究值得收錄。,Research material linked to Andrew Thrasher for Volatility; Sentiment; Market Breadth.
297,96,亞歷克斯・斯皮羅格魯,Alex Spiroglou,原文題名：MACD-V: Volatility Normalised Momentum,MACD-V: Volatility Normalised Momentum,paper,研究論文,Research paper,2022,MACD；波動率；動量,Moving Average Convergence/Divergence; Volatility; Momentum,https://doi.org/10.2139/ssrn.4099617,MACD-V: Volatility Normalised Momentum,academic_paper,學術論文,Academic paper,10.2139/ssrn.4099617,,,,high,高：官方、書目、論文、CMT/專業來源或主要指標參考,"High: official, bibliographic, paper, CMT/professional, or primary indicator reference",2022 Charles H. Dow Award 得主，將 MACD 轉為波動標準化動量框架。,Research material linked to Alex Spiroglou for Moving Average Convergence/Divergence; Volatility; Momentum.
298,96,亞歷克斯・斯皮羅格魯,Alex Spiroglou,參考來源：https://cmtassociation.org/association/award-recognizing/charles-h-dow-award/,Reference source: https://cmtassociation.org/association/award-recognizing/charles-h-dow-award/,source,參考來源,Reference source,,MACD；波動率；動量,Moving Average Convergence/Divergence; Volatility; Momentum,https://cmtassociation.org/association/award-recognizing/charles-h-dow-award/,https://cmtassociation.org/association/award-recognizing/charles-h-dow-award/,award_or_professional,獎項/專業資料,Award/professional source,,,,,high,高：官方、書目、論文、CMT/專業來源或主要指標參考,"High: official, bibliographic, paper, CMT/professional, or primary indicator reference",2022 Charles H. Dow Award 得主，將 MACD 轉為波動標準化動量框架。,Research material linked to Alex Spiroglou for Moving Average Convergence/Divergence; Volatility; Momentum.
299,97,拉爾夫・文斯,Ralph Vince,《資金管理數學》,The Mathematics of Money Management,book,書籍,Book,1992,市場寬度；交易系統；實證技術分析,Market Breadth; Trading Systems; Evidence-Based Technical Analysis,https://openlibrary.org/works/OL3503409W,The mathematics of money management,book_catalog,書目資料,Book catalog,,,/works/OL3503409W,,high,高：官方、書目、論文、CMT/專業來源或主要指標參考,"High: official, bibliographic, paper, CMT/professional, or primary indicator reference",資金管理與風險數學作者，2024 Dow Award 研究把每日新低數作為市場廣度訊號。,Research material linked to Ralph Vince for Market Breadth; Trading Systems; Evidence-Based Technical Analysis.
300,97,拉爾夫・文斯,Ralph Vince,原文題名：The Ripple Effect of Daily New Lows,The Ripple Effect of Daily New Lows,paper,研究論文,Research paper,2024,市場寬度；交易系統；實證技術分析,Market Breadth; Trading Systems; Evidence-Based Technical Analysis,https://doi.org/10.2139/ssrn.897900,An Empirical Model of Daily Highs and Lows,academic_paper,學術論文,Academic paper,10.2139/ssrn.897900,,,,high,高：官方、書目、論文、CMT/專業來源或主要指標參考,"High: official, bibliographic, paper, CMT/professional, or primary indicator reference",資金管理與風險數學作者，2024 Dow Award 研究把每日新低數作為市場廣度訊號。,Research material linked to Ralph Vince for Market Breadth; Trading Systems; Evidence-Based Technical Analysis.
301,97,拉爾夫・文斯,Ralph Vince,參考來源：https://cmtassociation.org/association/award-recognizing/charles-h-dow-award/,Reference source: https://cmtassociation.org/association/award-recognizing/charles-h-dow-award/,source,參考來源,Reference source,,市場寬度；交易系統；實證技術分析,Market Breadth; Trading Systems; Evidence-Based Technical Analysis,https://cmtassociation.org/association/award-recognizing/charles-h-dow-award/,https://cmtassociation.org/association/award-recognizing/charles-h-dow-award/,award_or_professional,獎項/專業資料,Award/professional source,,,,,high,高：官方、書目、論文、CMT/專業來源或主要指標參考,"High: official, bibliographic, paper, CMT/professional, or primary indicator reference",資金管理與風險數學作者，2024 Dow Award 研究把每日新低數作為市場廣度訊號。,Research material linked to Ralph Vince for Market Breadth; Trading Systems; Evidence-Based Technical Analysis.
302,98,蓋瑞・安東納奇,Gary Antonacci,《雙動量投資》,Dual Momentum Investing,book,書籍,Book,2014,動量；趨勢跟隨；相對強弱 / 強勢股篩選,Momentum; Trend Following; Relative Strength,https://openlibrary.org/works/OL19764608W,Dual momentum investing,book_catalog,書目資料,Book catalog,,,/works/OL19764608W,,high,高：官方、書目、論文、CMT/專業來源或主要指標參考,"High: official, bibliographic, paper, CMT/professional, or primary indicator reference",動量投資作者，2025 Charles H. Dow Award 共同得主，適合動量與產業趨勢研究分類。,Research material linked to Gary Antonacci for Momentum; Trend Following; Relative Strength.
303,98,蓋瑞・安東納奇,Gary Antonacci,原文題名：A Century of Profitable Industry Trends,A Century of Profitable Industry Trends,paper,研究論文,Research paper,2025,動量；趨勢跟隨；相對強弱 / 強勢股篩選,Momentum; Trend Following; Relative Strength,https://doi.org/10.2139/ssrn.4857230,A Century of Profitable Industry Trends,academic_paper,學術論文,Academic paper,10.2139/ssrn.4857230,,,,high,高：官方、書目、論文、CMT/專業來源或主要指標參考,"High: official, bibliographic, paper, CMT/professional, or primary indicator reference",動量投資作者，2025 Charles H. Dow Award 共同得主，適合動量與產業趨勢研究分類。,Research material linked to Gary Antonacci for Momentum; Trend Following; Relative Strength.
304,98,蓋瑞・安東納奇,Gary Antonacci,參考來源：https://cmtassociation.org/association/award-recognizing/charles-h-dow-award/,Reference source: https://cmtassociation.org/association/award-recognizing/charles-h-dow-award/,source,參考來源,Reference source,,動量；趨勢跟隨；相對強弱 / 強勢股篩選,Momentum; Trend Following; Relative Strength,https://cmtassociation.org/association/award-recognizing/charles-h-dow-award/,https://cmtassociation.org/association/award-recognizing/charles-h-dow-award/,award_or_professional,獎項/專業資料,Award/professional source,,,,,high,高：官方、書目、論文、CMT/專業來源或主要指標參考,"High: official, bibliographic, paper, CMT/professional, or primary indicator reference",動量投資作者，2025 Charles H. Dow Award 共同得主，適合動量與產業趨勢研究分類。,Research material linked to Gary Antonacci for Momentum; Trend Following; Relative Strength.
306,99,安德魯・羅,Andrew W. Lo,《技術分析的演進》,The Evolution of Technical Analysis,book,書籍,Book,2010,實證技術分析；圖表型態；回測與系統驗證,Evidence-Based Technical Analysis; Chart Patterns; Backtesting,https://openlibrary.org/works/OL15617065W,The evolution of technical analysis,book_catalog,書目資料,Book catalog,,,/works/OL15617065W,,high,高：官方、書目、論文、CMT/專業來源或主要指標參考,"High: official, bibliographic, paper, CMT/professional, or primary indicator reference",將技術分析型態以計算演算法與統計推論研究，是學術文獻中的代表人物。,Research material linked to Andrew W. Lo for Evidence-Based Technical Analysis; Chart Patterns; Backtesting.
305,99,安德魯・羅,Andrew W. Lo,《技術分析基礎》,Foundations of Technical Analysis,paper,研究論文,Research paper,2000,實證技術分析；圖表型態；回測與系統驗證,Evidence-Based Technical Analysis; Chart Patterns; Backtesting,https://papers.ssrn.com/sol3/papers.cfm?abstract_id=228099,Economic foundations of technical analysis,paper_reference,論文參考,Paper reference,10.32657/10356/55293,,,,medium,中：可靠網頁、百科、交易平台或二級整理來源,"Medium: reliable web, encyclopedia, platform, or secondary reference",將技術分析型態以計算演算法與統計推論研究，是學術文獻中的代表人物。,Research material linked to Andrew W. Lo for Evidence-Based Technical Analysis; Chart Patterns; Backtesting.
308,99,安德魯・羅,Andrew W. Lo,參考來源：https://ideas.repec.org/p/nbr/nberwo/7613.html,Reference source: https://ideas.repec.org/p/nbr/nberwo/7613.html,source,參考來源,Reference source,,實證技術分析；圖表型態；回測與系統驗證,Evidence-Based Technical Analysis; Chart Patterns; Backtesting,https://ideas.repec.org/p/nbr/nberwo/7613.html,https://ideas.repec.org/p/nbr/nberwo/7613.html,web_reference,網頁參考,Web reference,,,,,medium,中：可靠網頁、百科、交易平台或二級整理來源,"Medium: reliable web, encyclopedia, platform, or secondary reference",將技術分析型態以計算演算法與統計推論研究，是學術文獻中的代表人物。,Research material linked to Andrew W. Lo for Evidence-Based Technical Analysis; Chart Patterns; Backtesting.
307,99,安德魯・羅,Andrew W. Lo,參考來源：https://papers.ssrn.com/sol3/papers.cfm?abstract_id=228099,Reference source: https://papers.ssrn.com/sol3/papers.cfm?abstract_id=228099,source,參考來源,Reference source,,實證技術分析；圖表型態；回測與系統驗證,Evidence-Based Technical Analysis; Chart Patterns; Backtesting,https://papers.ssrn.com/sol3/papers.cfm?abstract_id=228099,https://papers.ssrn.com/sol3/papers.cfm?abstract_id=228099,web_reference,網頁參考,Web reference,,,,,medium,中：可靠網頁、百科、交易平台或二級整理來源,"Medium: reliable web, encyclopedia, platform, or secondary reference",將技術分析型態以計算演算法與統計推論研究，是學術文獻中的代表人物。,Research material linked to Andrew W. Lo for Evidence-Based Technical Analysis; Chart Patterns; Backtesting.
309,100,大衛・阿隆森,David Aronson,《實證技術分析》,Evidence-Based Technical Analysis,book,書籍,Book,2006,實證技術分析；回測與系統驗證；交易系統,Evidence-Based Technical Analysis; Backtesting; Trading Systems,https://www.wiley.com/en-ca/Evidence-Based%2BTechnical%2BAnalysis%3A%2BApplying%2Bthe%2BScientific%2BMethod%2Band%2BStatistical%2BInference%2Bto%2BTrading%2BSignals-p-9780470008744,Evidence-Based Technical Analysis,book_reference,書籍參考,Book reference,,,/works/OL8203825W,,medium,中：可靠網頁、百科、交易平台或二級整理來源,"Medium: reliable web, encyclopedia, platform, or secondary reference",主張用科學方法與統計檢定評估技術交易訊號，是建立資料庫時避免迷信指標的重要參考。,Research material linked to David Aronson for Evidence-Based Technical Analysis; Backtesting; Trading Systems.
311,100,大衛・阿隆森,David Aronson,參考來源：https://www.amazon.com/Evidence-Based-Technical-Analysis-Scientific-Statistical/dp/0470008741,Reference source: https://www.amazon.com/Evidence-Based-Technical-Analysis-Scientific-Statistical/dp/0470008741,source,參考來源,Reference source,,實證技術分析；回測與系統驗證；交易系統,Evidence-Based Technical Analysis; Backtesting; Trading Systems,https://www.amazon.com/Evidence-Based-Technical-Analysis-Scientific-Statistical/dp/0470008741,https://www.amazon.com/Evidence-Based-Technical-Analysis-Scientific-Statistical/dp/0470008741,book_catalog,書目資料,Book catalog,,,,,medium,中：可靠網頁、百科、交易平台或二級整理來源,"Medium: reliable web, encyclopedia, platform, or secondary reference",主張用科學方法與統計檢定評估技術交易訊號，是建立資料庫時避免迷信指標的重要參考。,Research material linked to David Aronson for Evidence-Based Technical Analysis; Backtesting; Trading Systems.
310,100,大衛・阿隆森,David Aronson,參考來源：https://www.wiley.com/en-ca/Evidence-Based%2BTechnical%2BAnalysis%3A%2BApplying%2Bthe%2BScientific%2BMethod%2Band%2BStatistical%2BInference%2Bto%2BTrading%2BSignals-p-9780470008744,Reference source: https://www.wiley.com/en-ca/Evidence-Based%2BTechnical%2BAnalysis%3A%2BApplying%2Bthe%2BScientific%2BMethod%2Band%2BStatistical%2BInference%2Bto%2BTrading%2BSignals-p-9780470008744,source,參考來源,Reference source,,實證技術分析；回測與系統驗證；交易系統,Evidence-Based Technical Analysis; Backtesting; Trading Systems,https://www.wiley.com/en-ca/Evidence-Based%2BTechnical%2BAnalysis%3A%2BApplying%2Bthe%2BScientific%2BMethod%2Band%2BStatistical%2BInference%2Bto%2BTrading%2BSignals-p-9780470008744,https://www.wiley.com/en-ca/Evidence-Based%2BTechnical%2BAnalysis%3A%2BApplying%2Bthe%2BScientific%2BMethod%2Band%2BStatistical%2BInference%2Bto%2BTrading%2BSignals-p-9780470008744,web_reference,網頁參考,Web reference,,,,,medium,中：可靠網頁、百科、交易平台或二級整理來源,"Medium: reliable web, encyclopedia, platform, or secondary reference",主張用科學方法與統計檢定評估技術交易訊號，是建立資料庫時避免迷信指標的重要參考。,Research material linked to David Aronson for Evidence-Based Technical Analysis; Backtesting; Trading Systems.
